{
  "type": "FeatureCollection",
  "features": [
    {
      "type": "Feature",
      "geometry": {
        "type": "Point",
        "coordinates": [
          14.1240889,
          40.818174600000006
        ]
      },
      "properties": {
        "event_id": "AUTO_EV_57636",
        "energia": 20,
        "lisa_cluster": "High-High (Hotspot)",
        "local_moran": 37.51766150463463
      }
    },
    {
      "type": "Feature",
      "geometry": {
        "type": "Point",
        "coordinates": [
          14.1240889,
          40.818174600000006
        ]
      },
      "properties": {
        "event_id": "AUTO_EV_57637",
        "energia": 20,
        "lisa_cluster": "High-High (Hotspot)",
        "local_moran": 37.51766150463463
      }
    },
    {
      "type": "Feature",
      "geometry": {
        "type": "Point",
        "coordinates": [
          14.110428,
          40.810189599999994
        ]
      },
      "properties": {
        "event_id": "AUTO_EV_57638",
        "energia": 15,
        "lisa_cluster": "High-High (Hotspot)",
        "local_moran": 1.5721314371015092
      }
    },
    {
      "type": "Feature",
      "geometry": {
        "type": "Point",
        "coordinates": [
          14.12197125,
          40.810176375
        ]
      },
      "properties": {
        "event_id": "AUTO_EV_57639",
        "energia": 16,
        "lisa_cluster": "High-High (Hotspot)",
        "local_moran": 1.0281766310864942
      }
    },
    {
      "type": "Feature",
      "geometry": {
        "type": "Point",
        "coordinates": [
          14.111326538461539,
          40.808967
        ]
      },
      "properties": {
        "event_id": "AUTO_EV_57640",
        "energia": 13,
        "lisa_cluster": "High-High (Hotspot)",
        "local_moran": 1.3632160634713744
      }
    },
    {
      "type": "Feature",
      "geometry": {
        "type": "Point",
        "coordinates": [
          14.106171499999999,
          40.8088898
        ]
      },
      "properties": {
        "event_id": "AUTO_EV_57641",
        "energia": 10,
        "lisa_cluster": "High-High (Hotspot)",
        "local_moran": 0.5276553499026726
      }
    },
    {
      "type": "Feature",
      "geometry": {
        "type": "Point",
        "coordinates": [
          14.097019142857144,
          40.81051457142858
        ]
      },
      "properties": {
        "event_id": "AUTO_EV_57642",
        "energia": 7,
        "lisa_cluster": "High-High (Hotspot)",
        "local_moran": 0.08532446357242522
      }
    },
    {
      "type": "Feature",
      "geometry": {
        "type": "Point",
        "coordinates": [
          14.084817571428571,
          40.80306885714286
        ]
      },
      "properties": {
        "event_id": "AUTO_EV_57643",
        "energia": 7,
        "lisa_cluster": "High-Low (Outlier)",
        "local_moran": -0.032415178570918586
      }
    },
    {
      "type": "Feature",
      "geometry": {
        "type": "Point",
        "coordinates": [
          14.102680714285714,
          40.80714728571429
        ]
      },
      "properties": {
        "event_id": "AUTO_EV_57644",
        "energia": 7,
        "lisa_cluster": "High-High (Hotspot)",
        "local_moran": 0.15253369390679034
      }
    },
    {
      "type": "Feature",
      "geometry": {
        "type": "Point",
        "coordinates": [
          14.128254166666666,
          40.816194
        ]
      },
      "properties": {
        "event_id": "AUTO_EV_57645",
        "energia": 6,
        "lisa_cluster": "High-High (Hotspot)",
        "local_moran": 0.14412263024291816
      }
    },
    {
      "type": "Feature",
      "geometry": {
        "type": "Point",
        "coordinates": [
          14.151183833333334,
          40.83452316666666
        ]
      },
      "properties": {
        "event_id": "AUTO_EV_57646",
        "energia": 6,
        "lisa_cluster": "High-Low (Outlier)",
        "local_moran": -0.09977291931497666
      }
    },
    {
      "type": "Feature",
      "geometry": {
        "type": "Point",
        "coordinates": [
          14.105241166666666,
          40.798119
        ]
      },
      "properties": {
        "event_id": "AUTO_EV_57647",
        "energia": 6,
        "lisa_cluster": "High-High (Hotspot)",
        "local_moran": 0.013961863025541022
      }
    },
    {
      "type": "Feature",
      "geometry": {
        "type": "Point",
        "coordinates": [
          14.0577465,
          40.77098675
        ]
      },
      "properties": {
        "event_id": "AUTO_EV_57648",
        "energia": 4,
        "lisa_cluster": "Low-Low (Coldspot)",
        "local_moran": 0.3016209579352118
      }
    },
    {
      "type": "Feature",
      "geometry": {
        "type": "Point",
        "coordinates": [
          14.083715333333332,
          40.7996435
        ]
      },
      "properties": {
        "event_id": "AUTO_EV_57649",
        "energia": 6,
        "lisa_cluster": "High-Low (Outlier)",
        "local_moran": -0.021371550192355183
      }
    },
    {
      "type": "Feature",
      "geometry": {
        "type": "Point",
        "coordinates": [
          14.1411955,
          40.81620425
        ]
      },
      "properties": {
        "event_id": "AUTO_EV_57650",
        "energia": 4,
        "lisa_cluster": "Low-Low (Coldspot)",
        "local_moran": 0.04802838179536442
      }
    },
    {
      "type": "Feature",
      "geometry": {
        "type": "Point",
        "coordinates": [
          14.1027746,
          40.811323800000004
        ]
      },
      "properties": {
        "event_id": "AUTO_EV_57651",
        "energia": 5,
        "lisa_cluster": "Low-High (Outlier)",
        "local_moran": -0.037541758923268734
      }
    },
    {
      "type": "Feature",
      "geometry": {
        "type": "Point",
        "coordinates": [
          14.0606275,
          40.774319250000005
        ]
      },
      "properties": {
        "event_id": "AUTO_EV_57652",
        "energia": 4,
        "lisa_cluster": "Low-Low (Coldspot)",
        "local_moran": 0.3015964528214169
      }
    },
    {
      "type": "Feature",
      "geometry": {
        "type": "Point",
        "coordinates": [
          14.136862428571428,
          40.81762585714286
        ]
      },
      "properties": {
        "event_id": "AUTO_EV_57653",
        "energia": 7,
        "lisa_cluster": "High-High (Hotspot)",
        "local_moran": 0.09166450155105917
      }
    },
    {
      "type": "Feature",
      "geometry": {
        "type": "Point",
        "coordinates": [
          14.154503833333331,
          40.8132405
        ]
      },
      "properties": {
        "event_id": "AUTO_EV_57654",
        "energia": 6,
        "lisa_cluster": "High-Low (Outlier)",
        "local_moran": -0.10965323363427944
      }
    },
    {
      "type": "Feature",
      "geometry": {
        "type": "Point",
        "coordinates": [
          14.0791456,
          40.7909038
        ]
      },
      "properties": {
        "event_id": "AUTO_EV_57655",
        "energia": 5,
        "lisa_cluster": "Low-Low (Coldspot)",
        "local_moran": 0.01741481471858341
      }
    },
    {
      "type": "Feature",
      "geometry": {
        "type": "Point",
        "coordinates": [
          14.10582775,
          40.799216
        ]
      },
      "properties": {
        "event_id": "AUTO_EV_57656",
        "energia": 4,
        "lisa_cluster": "Low-High (Outlier)",
        "local_moran": -0.02177470097570528
      }
    },
    {
      "type": "Feature",
      "geometry": {
        "type": "Point",
        "coordinates": [
          14.132207,
          40.8165108
        ]
      },
      "properties": {
        "event_id": "AUTO_EV_57657",
        "energia": 5,
        "lisa_cluster": "Low-High (Outlier)",
        "local_moran": -0.03716558875203901
      }
    },
    {
      "type": "Feature",
      "geometry": {
        "type": "Point",
        "coordinates": [
          14.04204675,
          40.809503
        ]
      },
      "properties": {
        "event_id": "AUTO_EV_57658",
        "energia": 4,
        "lisa_cluster": "Low-Low (Coldspot)",
        "local_moran": 0.3016236118438688
      }
    },
    {
      "type": "Feature",
      "geometry": {
        "type": "Point",
        "coordinates": [
          14.142224666666666,
          40.819576500000004
        ]
      },
      "properties": {
        "event_id": "AUTO_EV_57659",
        "energia": 6,
        "lisa_cluster": "High-Low (Outlier)",
        "local_moran": -0.013175682115522419
      }
    },
    {
      "type": "Feature",
      "geometry": {
        "type": "Point",
        "coordinates": [
          14.121481750000001,
          40.810381750000005
        ]
      },
      "properties": {
        "event_id": "AUTO_EV_57660",
        "energia": 4,
        "lisa_cluster": "Low-Low (Coldspot)",
        "local_moran": 0.2850329129031304
      }
    },
    {
      "type": "Feature",
      "geometry": {
        "type": "Point",
        "coordinates": [
          14.119538,
          40.822060666666665
        ]
      },
      "properties": {
        "event_id": "AUTO_EV_57661",
        "energia": 3,
        "lisa_cluster": "Low-High (Outlier)",
        "local_moran": -0.7432082168128499
      }
    },
    {
      "type": "Feature",
      "geometry": {
        "type": "Point",
        "coordinates": [
          14.053498,
          40.783550000000005
        ]
      },
      "properties": {
        "event_id": "AUTO_EV_57662",
        "energia": 5,
        "lisa_cluster": "Low-Low (Coldspot)",
        "local_moran": 0.017706853051832564
      }
    },
    {
      "type": "Feature",
      "geometry": {
        "type": "Point",
        "coordinates": [
          14.067214,
          40.805158
        ]
      },
      "properties": {
        "event_id": "AUTO_EV_57663",
        "energia": 4,
        "lisa_cluster": "Low-Low (Coldspot)",
        "local_moran": 0.15730328181072467
      }
    },
    {
      "type": "Feature",
      "geometry": {
        "type": "Point",
        "coordinates": [
          14.099320666666666,
          40.79399383333333
        ]
      },
      "properties": {
        "event_id": "AUTO_EV_57664",
        "energia": 6,
        "lisa_cluster": "High-High (Hotspot)",
        "local_moran": 0.07852406248518705
      }
    },
    {
      "type": "Feature",
      "geometry": {
        "type": "Point",
        "coordinates": [
          14.097127666666665,
          40.80894266666667
        ]
      },
      "properties": {
        "event_id": "AUTO_EV_57665",
        "energia": 6,
        "lisa_cluster": "High-High (Hotspot)",
        "local_moran": 0.031275147272416585
      }
    },
    {
      "type": "Feature",
      "geometry": {
        "type": "Point",
        "coordinates": [
          14.12205175,
          40.818145
        ]
      },
      "properties": {
        "event_id": "AUTO_EV_57666",
        "energia": 4,
        "lisa_cluster": "Low-Low (Coldspot)",
        "local_moran": 0.21371529351514904
      }
    },
    {
      "type": "Feature",
      "geometry": {
        "type": "Point",
        "coordinates": [
          14.0854765,
          40.810114999999996
        ]
      },
      "properties": {
        "event_id": "AUTO_EV_57667",
        "energia": 4,
        "lisa_cluster": "Low-Low (Coldspot)",
        "local_moran": 0.2890324594833429
      }
    },
    {
      "type": "Feature",
      "geometry": {
        "type": "Point",
        "coordinates": [
          14.113441428571429,
          40.80755714285714
        ]
      },
      "properties": {
        "event_id": "AUTO_EV_57668",
        "energia": 7,
        "lisa_cluster": "High-High (Hotspot)",
        "local_moran": 0.19717930102441592
      }
    },
    {
      "type": "Feature",
      "geometry": {
        "type": "Point",
        "coordinates": [
          14.156678999999999,
          40.81623366666667
        ]
      },
      "properties": {
        "event_id": "AUTO_EV_57669",
        "energia": 3,
        "lisa_cluster": "Low-Low (Coldspot)",
        "local_moran": 0.31784918221729197
      }
    },
    {
      "type": "Feature",
      "geometry": {
        "type": "Point",
        "coordinates": [
          14.09204,
          40.79638225
        ]
      },
      "properties": {
        "event_id": "AUTO_EV_57670",
        "energia": 4,
        "lisa_cluster": "Low-Low (Coldspot)",
        "local_moran": 0.2776893538482792
      }
    },
    {
      "type": "Feature",
      "geometry": {
        "type": "Point",
        "coordinates": [
          14.072793,
          40.79454442857143
        ]
      },
      "properties": {
        "event_id": "AUTO_EV_57671",
        "energia": 7,
        "lisa_cluster": "High-Low (Outlier)",
        "local_moran": -0.16226257278294254
      }
    },
    {
      "type": "Feature",
      "geometry": {
        "type": "Point",
        "coordinates": [
          14.131938333333332,
          40.808197166666666
        ]
      },
      "properties": {
        "event_id": "AUTO_EV_57672",
        "energia": 6,
        "lisa_cluster": "High-High (Hotspot)",
        "local_moran": 0.028594041324374413
      }
    },
    {
      "type": "Feature",
      "geometry": {
        "type": "Point",
        "coordinates": [
          14.134204399999998,
          40.8134858
        ]
      },
      "properties": {
        "event_id": "AUTO_EV_57673",
        "energia": 5,
        "lisa_cluster": "Low-Low (Coldspot)",
        "local_moran": 0.014284587797541848
      }
    },
    {
      "type": "Feature",
      "geometry": {
        "type": "Point",
        "coordinates": [
          14.071636250000001,
          40.78120225
        ]
      },
      "properties": {
        "event_id": "AUTO_EV_57674",
        "energia": 4,
        "lisa_cluster": "Low-Low (Coldspot)",
        "local_moran": 0.20771410486381614
      }
    },
    {
      "type": "Feature",
      "geometry": {
        "type": "Point",
        "coordinates": [
          14.067512749999999,
          40.8028675
        ]
      },
      "properties": {
        "event_id": "AUTO_EV_57675",
        "energia": 4,
        "lisa_cluster": "Low-Low (Coldspot)",
        "local_moran": 0.14832525669003963
      }
    },
    {
      "type": "Feature",
      "geometry": {
        "type": "Point",
        "coordinates": [
          14.059159333333334,
          40.78113066666666
        ]
      },
      "properties": {
        "event_id": "AUTO_EV_57676",
        "energia": 3,
        "lisa_cluster": "Low-Low (Coldspot)",
        "local_moran": 0.933229437561378
      }
    },
    {
      "type": "Feature",
      "geometry": {
        "type": "Point",
        "coordinates": [
          14.065444750000001,
          40.80482225
        ]
      },
      "properties": {
        "event_id": "AUTO_EV_57677",
        "energia": 4,
        "lisa_cluster": "Low-Low (Coldspot)",
        "local_moran": 0.1597715595543517
      }
    },
    {
      "type": "Feature",
      "geometry": {
        "type": "Point",
        "coordinates": [
          14.085253833333333,
          40.80491916666667
        ]
      },
      "properties": {
        "event_id": "AUTO_EV_57678",
        "energia": 6,
        "lisa_cluster": "High-Low (Outlier)",
        "local_moran": -0.011943580898947533
      }
    },
    {
      "type": "Feature",
      "geometry": {
        "type": "Point",
        "coordinates": [
          14.093224,
          40.796210333333335
        ]
      },
      "properties": {
        "event_id": "AUTO_EV_57679",
        "energia": 6,
        "lisa_cluster": "High-Low (Outlier)",
        "local_moran": -0.008209441442531938
      }
    },
    {
      "type": "Feature",
      "geometry": {
        "type": "Point",
        "coordinates": [
          14.095175666666668,
          40.81358266666667
        ]
      },
      "properties": {
        "event_id": "AUTO_EV_57680",
        "energia": 3,
        "lisa_cluster": "Low-High (Outlier)",
        "local_moran": -0.11608608140806319
      }
    },
    {
      "type": "Feature",
      "geometry": {
        "type": "Point",
        "coordinates": [
          14.099061,
          40.80337214285714
        ]
      },
      "properties": {
        "event_id": "AUTO_EV_57681",
        "energia": 7,
        "lisa_cluster": "High-High (Hotspot)",
        "local_moran": 0.029704208364577298
      }
    },
    {
      "type": "Feature",
      "geometry": {
        "type": "Point",
        "coordinates": [
          14.128598333333334,
          40.809712
        ]
      },
      "properties": {
        "event_id": "AUTO_EV_57682",
        "energia": 3,
        "lisa_cluster": "Low-High (Outlier)",
        "local_moran": -0.24898320445229974
      }
    },
    {
      "type": "Feature",
      "geometry": {
        "type": "Point",
        "coordinates": [
          14.022603333333334,
          40.76192566666666
        ]
      },
      "properties": {
        "event_id": "AUTO_EV_57683",
        "energia": 3,
        "lisa_cluster": "Low-Low (Coldspot)",
        "local_moran": 0.9356547094051174
      }
    },
    {
      "type": "Feature",
      "geometry": {
        "type": "Point",
        "coordinates": [
          14.0635638,
          40.796007
        ]
      },
      "properties": {
        "event_id": "AUTO_EV_57684",
        "energia": 5,
        "lisa_cluster": "Low-Low (Coldspot)",
        "local_moran": 0.040446641035721494
      }
    },
    {
      "type": "Feature",
      "geometry": {
        "type": "Point",
        "coordinates": [
          14.1043318,
          40.800803200000004
        ]
      },
      "properties": {
        "event_id": "AUTO_EV_57685",
        "energia": 5,
        "lisa_cluster": "Low-High (Outlier)",
        "local_moran": -0.01213353038038634
      }
    },
    {
      "type": "Feature",
      "geometry": {
        "type": "Point",
        "coordinates": [
          14.135119000000001,
          40.81020866666667
        ]
      },
      "properties": {
        "event_id": "AUTO_EV_57686",
        "energia": 3,
        "lisa_cluster": "Low-High (Outlier)",
        "local_moran": -0.03385090310356203
      }
    },
    {
      "type": "Feature",
      "geometry": {
        "type": "Point",
        "coordinates": [
          14.09959475,
          40.798476
        ]
      },
      "properties": {
        "event_id": "AUTO_EV_57687",
        "energia": 4,
        "lisa_cluster": "Low-High (Outlier)",
        "local_moran": -0.018730667339451872
      }
    },
    {
      "type": "Feature",
      "geometry": {
        "type": "Point",
        "coordinates": [
          14.037434000000001,
          40.7878665
        ]
      },
      "properties": {
        "event_id": "AUTO_EV_57688",
        "energia": 4,
        "lisa_cluster": "Low-Low (Coldspot)",
        "local_moran": 0.30178127470280486
      }
    },
    {
      "type": "Feature",
      "geometry": {
        "type": "Point",
        "coordinates": [
          14.12562275,
          40.81482775
        ]
      },
      "properties": {
        "event_id": "AUTO_EV_57689",
        "energia": 4,
        "lisa_cluster": "Low-Low (Coldspot)",
        "local_moran": 0.2415988143527451
      }
    },
    {
      "type": "Feature",
      "geometry": {
        "type": "Point",
        "coordinates": [
          14.0696924,
          40.8016084
        ]
      },
      "properties": {
        "event_id": "AUTO_EV_57690",
        "energia": 5,
        "lisa_cluster": "Low-Low (Coldspot)",
        "local_moran": 0.030695156933991927
      }
    },
    {
      "type": "Feature",
      "geometry": {
        "type": "Point",
        "coordinates": [
          14.11546525,
          40.78730625
        ]
      },
      "properties": {
        "event_id": "AUTO_EV_57691",
        "energia": 4,
        "lisa_cluster": "Low-Low (Coldspot)",
        "local_moran": 0.30113470638941514
      }
    },
    {
      "type": "Feature",
      "geometry": {
        "type": "Point",
        "coordinates": [
          14.058138,
          40.78908725
        ]
      },
      "properties": {
        "event_id": "AUTO_EV_57692",
        "energia": 4,
        "lisa_cluster": "Low-Low (Coldspot)",
        "local_moran": 0.3014388944729606
      }
    },
    {
      "type": "Feature",
      "geometry": {
        "type": "Point",
        "coordinates": [
          14.1087035,
          40.8007045
        ]
      },
      "properties": {
        "event_id": "AUTO_EV_57693",
        "energia": 4,
        "lisa_cluster": "Low-Low (Coldspot)",
        "local_moran": 0.25681619184352245
      }
    },
    {
      "type": "Feature",
      "geometry": {
        "type": "Point",
        "coordinates": [
          14.129317333333333,
          40.817707166666665
        ]
      },
      "properties": {
        "event_id": "AUTO_EV_57694",
        "energia": 6,
        "lisa_cluster": "High-High (Hotspot)",
        "local_moran": 0.10347103732381442
      }
    },
    {
      "type": "Feature",
      "geometry": {
        "type": "Point",
        "coordinates": [
          14.08478475,
          40.78429825
        ]
      },
      "properties": {
        "event_id": "AUTO_EV_57695",
        "energia": 4,
        "lisa_cluster": "Low-Low (Coldspot)",
        "local_moran": 0.2992487870976222
      }
    },
    {
      "type": "Feature",
      "geometry": {
        "type": "Point",
        "coordinates": [
          14.07667025,
          40.79409125
        ]
      },
      "properties": {
        "event_id": "AUTO_EV_57696",
        "energia": 4,
        "lisa_cluster": "Low-Low (Coldspot)",
        "local_moran": 0.298646051001977
      }
    },
    {
      "type": "Feature",
      "geometry": {
        "type": "Point",
        "coordinates": [
          14.13498,
          40.80249675
        ]
      },
      "properties": {
        "event_id": "AUTO_EV_57697",
        "energia": 4,
        "lisa_cluster": "Low-Low (Coldspot)",
        "local_moran": 0.1389139052547358
      }
    },
    {
      "type": "Feature",
      "geometry": {
        "type": "Point",
        "coordinates": [
          14.091723833333333,
          40.79708266666667
        ]
      },
      "properties": {
        "event_id": "AUTO_EV_57698",
        "energia": 6,
        "lisa_cluster": "High-High (Hotspot)",
        "local_moran": 0.07449303003659266
      }
    },
    {
      "type": "Feature",
      "geometry": {
        "type": "Point",
        "coordinates": [
          14.095339999999998,
          40.8089622
        ]
      },
      "properties": {
        "event_id": "AUTO_EV_57699",
        "energia": 5,
        "lisa_cluster": "Low-High (Outlier)",
        "local_moran": -0.01111322531277264
      }
    },
    {
      "type": "Feature",
      "geometry": {
        "type": "Point",
        "coordinates": [
          14.142622,
          40.814434500000004
        ]
      },
      "properties": {
        "event_id": "AUTO_EV_57700",
        "energia": 4,
        "lisa_cluster": "Low-Low (Coldspot)",
        "local_moran": 0.07609633260421382
      }
    },
    {
      "type": "Feature",
      "geometry": {
        "type": "Point",
        "coordinates": [
          14.111602600000001,
          40.8002064
        ]
      },
      "properties": {
        "event_id": "AUTO_EV_57701",
        "energia": 5,
        "lisa_cluster": "Low-High (Outlier)",
        "local_moran": -0.007932858207455424
      }
    },
    {
      "type": "Feature",
      "geometry": {
        "type": "Point",
        "coordinates": [
          14.116064571428572,
          40.807309714285715
        ]
      },
      "properties": {
        "event_id": "AUTO_EV_57702",
        "energia": 7,
        "lisa_cluster": "High-High (Hotspot)",
        "local_moran": 0.25150493779771005
      }
    },
    {
      "type": "Feature",
      "geometry": {
        "type": "Point",
        "coordinates": [
          14.0646098,
          40.791722400000005
        ]
      },
      "properties": {
        "event_id": "AUTO_EV_57703",
        "energia": 5,
        "lisa_cluster": "Low-Low (Coldspot)",
        "local_moran": 0.04514804246281117
      }
    },
    {
      "type": "Feature",
      "geometry": {
        "type": "Point",
        "coordinates": [
          14.112938142857143,
          40.799487428571425
        ]
      },
      "properties": {
        "event_id": "AUTO_EV_57704",
        "energia": 7,
        "lisa_cluster": "High-Low (Outlier)",
        "local_moran": -0.0033565836816734154
      }
    },
    {
      "type": "Feature",
      "geometry": {
        "type": "Point",
        "coordinates": [
          14.127328499999999,
          40.81613466666666
        ]
      },
      "properties": {
        "event_id": "AUTO_EV_57705",
        "energia": 6,
        "lisa_cluster": "High-High (Hotspot)",
        "local_moran": 0.09045995811261522
      }
    },
    {
      "type": "Feature",
      "geometry": {
        "type": "Point",
        "coordinates": [
          14.0787895,
          40.7859045
        ]
      },
      "properties": {
        "event_id": "AUTO_EV_57706",
        "energia": 4,
        "lisa_cluster": "Low-Low (Coldspot)",
        "local_moran": 0.3005570866419919
      }
    },
    {
      "type": "Feature",
      "geometry": {
        "type": "Point",
        "coordinates": [
          14.081483666666665,
          40.80513833333333
        ]
      },
      "properties": {
        "event_id": "AUTO_EV_57707",
        "energia": 3,
        "lisa_cluster": "Low-Low (Coldspot)",
        "local_moran": 0.09643626830415626
      }
    },
    {
      "type": "Feature",
      "geometry": {
        "type": "Point",
        "coordinates": [
          14.08110375,
          40.8153735
        ]
      },
      "properties": {
        "event_id": "AUTO_EV_57708",
        "energia": 4,
        "lisa_cluster": "Low-Low (Coldspot)",
        "local_moran": 0.07771713438335631
      }
    },
    {
      "type": "Feature",
      "geometry": {
        "type": "Point",
        "coordinates": [
          14.0846506,
          40.7780694
        ]
      },
      "properties": {
        "event_id": "AUTO_EV_57709",
        "energia": 5,
        "lisa_cluster": "Low-Low (Coldspot)",
        "local_moran": 0.0482671065543874
      }
    },
    {
      "type": "Feature",
      "geometry": {
        "type": "Point",
        "coordinates": [
          14.117631750000001,
          40.812081750000004
        ]
      },
      "properties": {
        "event_id": "AUTO_EV_57710",
        "energia": 4,
        "lisa_cluster": "Low-Low (Coldspot)",
        "local_moran": 0.2410321583451682
      }
    },
    {
      "type": "Feature",
      "geometry": {
        "type": "Point",
        "coordinates": [
          14.1010584,
          40.8112488
        ]
      },
      "properties": {
        "event_id": "AUTO_EV_57711",
        "energia": 5,
        "lisa_cluster": "Low-High (Outlier)",
        "local_moran": -0.02879814483768308
      }
    },
    {
      "type": "Feature",
      "geometry": {
        "type": "Point",
        "coordinates": [
          14.092419000000001,
          40.812344
        ]
      },
      "properties": {
        "event_id": "AUTO_EV_57712",
        "energia": 5,
        "lisa_cluster": "Low-Low (Coldspot)",
        "local_moran": 0.016649811450417162
      }
    },
    {
      "type": "Feature",
      "geometry": {
        "type": "Point",
        "coordinates": [
          14.112854200000001,
          40.8078532
        ]
      },
      "properties": {
        "event_id": "AUTO_EV_57713",
        "energia": 5,
        "lisa_cluster": "Low-High (Outlier)",
        "local_moran": -0.040843809598957614
      }
    },
    {
      "type": "Feature",
      "geometry": {
        "type": "Point",
        "coordinates": [
          14.098289,
          40.8175042
        ]
      },
      "properties": {
        "event_id": "AUTO_EV_57714",
        "energia": 5,
        "lisa_cluster": "Low-High (Outlier)",
        "local_moran": -0.01575596045773649
      }
    },
    {
      "type": "Feature",
      "geometry": {
        "type": "Point",
        "coordinates": [
          14.121538333333334,
          40.81036016666666
        ]
      },
      "properties": {
        "event_id": "AUTO_EV_57715",
        "energia": 6,
        "lisa_cluster": "High-High (Hotspot)",
        "local_moran": 0.0027797355717336892
      }
    },
    {
      "type": "Feature",
      "geometry": {
        "type": "Point",
        "coordinates": [
          14.1070425,
          40.8091755
        ]
      },
      "properties": {
        "event_id": "AUTO_EV_57716",
        "energia": 6,
        "lisa_cluster": "High-High (Hotspot)",
        "local_moran": 0.0808278560552628
      }
    },
    {
      "type": "Feature",
      "geometry": {
        "type": "Point",
        "coordinates": [
          14.144135600000002,
          40.810721
        ]
      },
      "properties": {
        "event_id": "AUTO_EV_57717",
        "energia": 5,
        "lisa_cluster": "Low-Low (Coldspot)",
        "local_moran": 0.024634065680120838
      }
    },
    {
      "type": "Feature",
      "geometry": {
        "type": "Point",
        "coordinates": [
          14.106850714285715,
          40.812956
        ]
      },
      "properties": {
        "event_id": "AUTO_EV_57718",
        "energia": 7,
        "lisa_cluster": "High-High (Hotspot)",
        "local_moran": 0.3919469995233221
      }
    },
    {
      "type": "Feature",
      "geometry": {
        "type": "Point",
        "coordinates": [
          14.1207758,
          40.8039448
        ]
      },
      "properties": {
        "event_id": "AUTO_EV_57719",
        "energia": 5,
        "lisa_cluster": "Low-Low (Coldspot)",
        "local_moran": 0.013878239820263453
      }
    },
    {
      "type": "Feature",
      "geometry": {
        "type": "Point",
        "coordinates": [
          14.101925333333334,
          40.80432483333333
        ]
      },
      "properties": {
        "event_id": "AUTO_EV_57720",
        "energia": 6,
        "lisa_cluster": "High-High (Hotspot)",
        "local_moran": 0.041630369292048726
      }
    },
    {
      "type": "Feature",
      "geometry": {
        "type": "Point",
        "coordinates": [
          14.10500775,
          40.797563124999996
        ]
      },
      "properties": {
        "event_id": "AUTO_EV_57721",
        "energia": 8,
        "lisa_cluster": "High-High (Hotspot)",
        "local_moran": 0.017398996756797423
      }
    },
    {
      "type": "Feature",
      "geometry": {
        "type": "Point",
        "coordinates": [
          14.123905666666667,
          40.805832
        ]
      },
      "properties": {
        "event_id": "AUTO_EV_57722",
        "energia": 3,
        "lisa_cluster": "Low-High (Outlier)",
        "local_moran": -0.32116077790124925
      }
    },
    {
      "type": "Feature",
      "geometry": {
        "type": "Point",
        "coordinates": [
          14.109067833333334,
          40.7991805
        ]
      },
      "properties": {
        "event_id": "AUTO_EV_57723",
        "energia": 6,
        "lisa_cluster": "High-High (Hotspot)",
        "local_moran": 0.002188372082261504
      }
    },
    {
      "type": "Feature",
      "geometry": {
        "type": "Point",
        "coordinates": [
          14.1135626,
          40.811998
        ]
      },
      "properties": {
        "event_id": "AUTO_EV_57724",
        "energia": 5,
        "lisa_cluster": "Low-High (Outlier)",
        "local_moran": -0.07336973792644338
      }
    },
    {
      "type": "Feature",
      "geometry": {
        "type": "Point",
        "coordinates": [
          14.06024,
          40.80081
        ]
      },
      "properties": {
        "event_id": "AUTO_EV_57725",
        "energia": 4,
        "lisa_cluster": "Low-Low (Coldspot)",
        "local_moran": 0.30090282271480023
      }
    },
    {
      "type": "Feature",
      "geometry": {
        "type": "Point",
        "coordinates": [
          14.119301799999999,
          40.8054626
        ]
      },
      "properties": {
        "event_id": "AUTO_EV_57726",
        "energia": 5,
        "lisa_cluster": "Low-Low (Coldspot)",
        "local_moran": 0.012732937269960266
      }
    },
    {
      "type": "Feature",
      "geometry": {
        "type": "Point",
        "coordinates": [
          14.098100800000001,
          40.8178388
        ]
      },
      "properties": {
        "event_id": "AUTO_EV_57727",
        "energia": 5,
        "lisa_cluster": "Low-High (Outlier)",
        "local_moran": -0.015496727129845718
      }
    },
    {
      "type": "Feature",
      "geometry": {
        "type": "Point",
        "coordinates": [
          14.082405,
          40.793839500000004
        ]
      },
      "properties": {
        "event_id": "AUTO_EV_57728",
        "energia": 4,
        "lisa_cluster": "Low-Low (Coldspot)",
        "local_moran": 0.28731063904479237
      }
    },
    {
      "type": "Feature",
      "geometry": {
        "type": "Point",
        "coordinates": [
          14.1202464,
          40.8075488
        ]
      },
      "properties": {
        "event_id": "AUTO_EV_57729",
        "energia": 5,
        "lisa_cluster": "Low-Low (Coldspot)",
        "local_moran": 0.010417784423363765
      }
    },
    {
      "type": "Feature",
      "geometry": {
        "type": "Point",
        "coordinates": [
          14.095074833333333,
          40.804336666666664
        ]
      },
      "properties": {
        "event_id": "AUTO_EV_57730",
        "energia": 6,
        "lisa_cluster": "High-High (Hotspot)",
        "local_moran": 0.013737968105934072
      }
    },
    {
      "type": "Feature",
      "geometry": {
        "type": "Point",
        "coordinates": [
          14.092103833333333,
          40.80225816666667
        ]
      },
      "properties": {
        "event_id": "AUTO_EV_57731",
        "energia": 6,
        "lisa_cluster": "High-High (Hotspot)",
        "local_moran": 0.07600124428193562
      }
    },
    {
      "type": "Feature",
      "geometry": {
        "type": "Point",
        "coordinates": [
          14.0623112,
          40.778969599999996
        ]
      },
      "properties": {
        "event_id": "AUTO_EV_57732",
        "energia": 5,
        "lisa_cluster": "Low-Low (Coldspot)",
        "local_moran": 0.01738991262753872
      }
    },
    {
      "type": "Feature",
      "geometry": {
        "type": "Point",
        "coordinates": [
          14.064512,
          40.78857325
        ]
      },
      "properties": {
        "event_id": "AUTO_EV_57733",
        "energia": 4,
        "lisa_cluster": "Low-Low (Coldspot)",
        "local_moran": 0.2992165981468266
      }
    },
    {
      "type": "Feature",
      "geometry": {
        "type": "Point",
        "coordinates": [
          14.124702166666665,
          40.81116133333334
        ]
      },
      "properties": {
        "event_id": "AUTO_EV_57734",
        "energia": 6,
        "lisa_cluster": "High-High (Hotspot)",
        "local_moran": 0.10758120862901573
      }
    },
    {
      "type": "Feature",
      "geometry": {
        "type": "Point",
        "coordinates": [
          14.1027954,
          40.8025018
        ]
      },
      "properties": {
        "event_id": "AUTO_EV_57735",
        "energia": 5,
        "lisa_cluster": "Low-High (Outlier)",
        "local_moran": -0.014862187030607515
      }
    },
    {
      "type": "Feature",
      "geometry": {
        "type": "Point",
        "coordinates": [
          14.0787895,
          40.7859045
        ]
      },
      "properties": {
        "event_id": "AUTO_EV_57736",
        "energia": 4,
        "lisa_cluster": "Low-Low (Coldspot)",
        "local_moran": 0.300557086641992
      }
    },
    {
      "type": "Feature",
      "geometry": {
        "type": "Point",
        "coordinates": [
          14.053498,
          40.783550000000005
        ]
      },
      "properties": {
        "event_id": "AUTO_EV_57737",
        "energia": 5,
        "lisa_cluster": "Low-Low (Coldspot)",
        "local_moran": 0.01770685305183257
      }
    },
    {
      "type": "Feature",
      "geometry": {
        "type": "Point",
        "coordinates": [
          14.1165324,
          40.811718
        ]
      },
      "properties": {
        "event_id": "AUTO_EV_57738",
        "energia": 5,
        "lisa_cluster": "Low-High (Outlier)",
        "local_moran": -0.07749695647766201
      }
    },
    {
      "type": "Feature",
      "geometry": {
        "type": "Point",
        "coordinates": [
          14.1265626,
          40.8183192
        ]
      },
      "properties": {
        "event_id": "AUTO_EV_57739",
        "energia": 5,
        "lisa_cluster": "Low-High (Outlier)",
        "local_moran": -0.10843447871538045
      }
    },
    {
      "type": "Feature",
      "geometry": {
        "type": "Point",
        "coordinates": [
          14.09193275,
          40.7871565
        ]
      },
      "properties": {
        "event_id": "AUTO_EV_57740",
        "energia": 4,
        "lisa_cluster": "Low-Low (Coldspot)",
        "local_moran": 0.29865431835800466
      }
    },
    {
      "type": "Feature",
      "geometry": {
        "type": "Point",
        "coordinates": [
          14.1030438,
          40.8095212
        ]
      },
      "properties": {
        "event_id": "AUTO_EV_57741",
        "energia": 5,
        "lisa_cluster": "Low-High (Outlier)",
        "local_moran": -0.03255788903656767
      }
    },
    {
      "type": "Feature",
      "geometry": {
        "type": "Point",
        "coordinates": [
          14.097440714285714,
          40.803454571428574
        ]
      },
      "properties": {
        "event_id": "AUTO_EV_57742",
        "energia": 7,
        "lisa_cluster": "High-High (Hotspot)",
        "local_moran": 0.0560974109763552
      }
    },
    {
      "type": "Feature",
      "geometry": {
        "type": "Point",
        "coordinates": [
          14.0831988,
          40.7947772
        ]
      },
      "properties": {
        "event_id": "AUTO_EV_57743",
        "energia": 5,
        "lisa_cluster": "Low-Low (Coldspot)",
        "local_moran": 0.01423266290980436
      }
    },
    {
      "type": "Feature",
      "geometry": {
        "type": "Point",
        "coordinates": [
          14.102223500000001,
          40.8258155
        ]
      },
      "properties": {
        "event_id": "AUTO_EV_57744",
        "energia": 6,
        "lisa_cluster": "High-Low (Outlier)",
        "local_moran": -0.003129962783413917
      }
    },
    {
      "type": "Feature",
      "geometry": {
        "type": "Point",
        "coordinates": [
          14.135698166666666,
          40.813857166666665
        ]
      },
      "properties": {
        "event_id": "AUTO_EV_57745",
        "energia": 6,
        "lisa_cluster": "High-High (Hotspot)",
        "local_moran": 0.031759273051433924
      }
    },
    {
      "type": "Feature",
      "geometry": {
        "type": "Point",
        "coordinates": [
          14.066993166666668,
          40.787965
        ]
      },
      "properties": {
        "event_id": "AUTO_EV_57746",
        "energia": 6,
        "lisa_cluster": "High-High (Hotspot)",
        "local_moran": 0.08019776300047154
      }
    },
    {
      "type": "Feature",
      "geometry": {
        "type": "Point",
        "coordinates": [
          14.082571999999999,
          40.802743166666666
        ]
      },
      "properties": {
        "event_id": "AUTO_EV_57747",
        "energia": 6,
        "lisa_cluster": "High-Low (Outlier)",
        "local_moran": -0.00016767264467951618
      }
    },
    {
      "type": "Feature",
      "geometry": {
        "type": "Point",
        "coordinates": [
          14.10190675,
          40.80339625
        ]
      },
      "properties": {
        "event_id": "AUTO_EV_57748",
        "energia": 4,
        "lisa_cluster": "Low-High (Outlier)",
        "local_moran": -0.07420074981019685
      }
    },
    {
      "type": "Feature",
      "geometry": {
        "type": "Point",
        "coordinates": [
          14.0577465,
          40.77098675
        ]
      },
      "properties": {
        "event_id": "AUTO_EV_57749",
        "energia": 4,
        "lisa_cluster": "Low-Low (Coldspot)",
        "local_moran": 0.3016209579352118
      }
    },
    {
      "type": "Feature",
      "geometry": {
        "type": "Point",
        "coordinates": [
          14.1085245,
          40.81395675
        ]
      },
      "properties": {
        "event_id": "AUTO_EV_57750",
        "energia": 4,
        "lisa_cluster": "Low-High (Outlier)",
        "local_moran": -0.2572955937718685
      }
    },
    {
      "type": "Feature",
      "geometry": {
        "type": "Point",
        "coordinates": [
          14.099035,
          40.8000436
        ]
      },
      "properties": {
        "event_id": "AUTO_EV_57751",
        "energia": 5,
        "lisa_cluster": "Low-Low (Coldspot)",
        "local_moran": 0.015562662050080441
      }
    },
    {
      "type": "Feature",
      "geometry": {
        "type": "Point",
        "coordinates": [
          14.07611125,
          40.80744575
        ]
      },
      "properties": {
        "event_id": "AUTO_EV_57752",
        "energia": 8,
        "lisa_cluster": "High-Low (Outlier)",
        "local_moran": -0.1819923671783949
      }
    },
    {
      "type": "Feature",
      "geometry": {
        "type": "Point",
        "coordinates": [
          14.115076400000001,
          40.8098416
        ]
      },
      "properties": {
        "event_id": "AUTO_EV_57753",
        "energia": 5,
        "lisa_cluster": "Low-Low (Coldspot)",
        "local_moran": 0.00945267212814908
      }
    },
    {
      "type": "Feature",
      "geometry": {
        "type": "Point",
        "coordinates": [
          14.10694225,
          40.822855000000004
        ]
      },
      "properties": {
        "event_id": "AUTO_EV_57754",
        "energia": 4,
        "lisa_cluster": "Low-Low (Coldspot)",
        "local_moran": 0.2963372203231735
      }
    },
    {
      "type": "Feature",
      "geometry": {
        "type": "Point",
        "coordinates": [
          14.1253206,
          40.803959400000004
        ]
      },
      "properties": {
        "event_id": "AUTO_EV_57755",
        "energia": 5,
        "lisa_cluster": "Low-Low (Coldspot)",
        "local_moran": 0.01674485346681626
      }
    },
    {
      "type": "Feature",
      "geometry": {
        "type": "Point",
        "coordinates": [
          14.124229666666666,
          40.817394666666665
        ]
      },
      "properties": {
        "event_id": "AUTO_EV_57756",
        "energia": 3,
        "lisa_cluster": "Low-Low (Coldspot)",
        "local_moran": 0.7905352504584885
      }
    },
    {
      "type": "Feature",
      "geometry": {
        "type": "Point",
        "coordinates": [
          14.092686166666667,
          40.804089166666664
        ]
      },
      "properties": {
        "event_id": "AUTO_EV_57757",
        "energia": 6,
        "lisa_cluster": "High-High (Hotspot)",
        "local_moran": 0.009742626037424948
      }
    },
    {
      "type": "Feature",
      "geometry": {
        "type": "Point",
        "coordinates": [
          14.094104833333333,
          40.804552666666666
        ]
      },
      "properties": {
        "event_id": "AUTO_EV_57758",
        "energia": 6,
        "lisa_cluster": "High-High (Hotspot)",
        "local_moran": 0.07674836891656235
      }
    },
    {
      "type": "Feature",
      "geometry": {
        "type": "Point",
        "coordinates": [
          14.1091294,
          40.7998472
        ]
      },
      "properties": {
        "event_id": "AUTO_EV_57759",
        "energia": 5,
        "lisa_cluster": "Low-High (Outlier)",
        "local_moran": -0.009140358549987576
      }
    },
    {
      "type": "Feature",
      "geometry": {
        "type": "Point",
        "coordinates": [
          14.095246571428572,
          40.80628228571429
        ]
      },
      "properties": {
        "event_id": "AUTO_EV_57760",
        "energia": 7,
        "lisa_cluster": "High-High (Hotspot)",
        "local_moran": 0.060975420496740484
      }
    },
    {
      "type": "Feature",
      "geometry": {
        "type": "Point",
        "coordinates": [
          14.112177571428571,
          40.83826857142857
        ]
      },
      "properties": {
        "event_id": "AUTO_EV_57761",
        "energia": 7,
        "lisa_cluster": "High-Low (Outlier)",
        "local_moran": -0.2568907743913453
      }
    },
    {
      "type": "Feature",
      "geometry": {
        "type": "Point",
        "coordinates": [
          14.1176366,
          40.8070494
        ]
      },
      "properties": {
        "event_id": "AUTO_EV_57762",
        "energia": 5,
        "lisa_cluster": "Low-High (Outlier)",
        "local_moran": -0.03703649756315695
      }
    },
    {
      "type": "Feature",
      "geometry": {
        "type": "Point",
        "coordinates": [
          14.096582333333332,
          40.79977383333333
        ]
      },
      "properties": {
        "event_id": "AUTO_EV_57763",
        "energia": 6,
        "lisa_cluster": "High-High (Hotspot)",
        "local_moran": 0.011865464321875699
      }
    },
    {
      "type": "Feature",
      "geometry": {
        "type": "Point",
        "coordinates": [
          14.0663545,
          40.786676
        ]
      },
      "properties": {
        "event_id": "AUTO_EV_57764",
        "energia": 4,
        "lisa_cluster": "Low-Low (Coldspot)",
        "local_moran": 0.1689411793621605
      }
    },
    {
      "type": "Feature",
      "geometry": {
        "type": "Point",
        "coordinates": [
          14.104515,
          40.80272775
        ]
      },
      "properties": {
        "event_id": "AUTO_EV_57765",
        "energia": 4,
        "lisa_cluster": "Low-Low (Coldspot)",
        "local_moran": 0.28275710845150986
      }
    },
    {
      "type": "Feature",
      "geometry": {
        "type": "Point",
        "coordinates": [
          14.121014,
          40.81523714285714
        ]
      },
      "properties": {
        "event_id": "AUTO_EV_57766",
        "energia": 7,
        "lisa_cluster": "High-High (Hotspot)",
        "local_moran": 0.5193467831727111
      }
    },
    {
      "type": "Feature",
      "geometry": {
        "type": "Point",
        "coordinates": [
          14.08107775,
          40.826401
        ]
      },
      "properties": {
        "event_id": "AUTO_EV_57767",
        "energia": 4,
        "lisa_cluster": "Low-Low (Coldspot)",
        "local_moran": 0.14235871953473656
      }
    },
    {
      "type": "Feature",
      "geometry": {
        "type": "Point",
        "coordinates": [
          14.0743856,
          40.7993576
        ]
      },
      "properties": {
        "event_id": "AUTO_EV_57768",
        "energia": 5,
        "lisa_cluster": "Low-Low (Coldspot)",
        "local_moran": 0.022815409087515816
      }
    },
    {
      "type": "Feature",
      "geometry": {
        "type": "Point",
        "coordinates": [
          14.111623333333334,
          40.79824166666666
        ]
      },
      "properties": {
        "event_id": "AUTO_EV_57769",
        "energia": 6,
        "lisa_cluster": "High-Low (Outlier)",
        "local_moran": -0.00021202179183507844
      }
    },
    {
      "type": "Feature",
      "geometry": {
        "type": "Point",
        "coordinates": [
          14.098687666666667,
          40.80094211111111
        ]
      },
      "properties": {
        "event_id": "AUTO_EV_57770",
        "energia": 9,
        "lisa_cluster": "High-High (Hotspot)",
        "local_moran": 0.10100492243037112
      }
    },
    {
      "type": "Feature",
      "geometry": {
        "type": "Point",
        "coordinates": [
          14.089746,
          40.799286
        ]
      },
      "properties": {
        "event_id": "AUTO_EV_57771",
        "energia": 5,
        "lisa_cluster": "Low-Low (Coldspot)",
        "local_moran": 0.01608166880800004
      }
    },
    {
      "type": "Feature",
      "geometry": {
        "type": "Point",
        "coordinates": [
          14.11775925,
          40.814834000000005
        ]
      },
      "properties": {
        "event_id": "AUTO_EV_57772",
        "energia": 4,
        "lisa_cluster": "Low-High (Outlier)",
        "local_moran": -0.3927807464994757
      }
    },
    {
      "type": "Feature",
      "geometry": {
        "type": "Point",
        "coordinates": [
          14.107979111111112,
          40.80499155555556
        ]
      },
      "properties": {
        "event_id": "AUTO_EV_57773",
        "energia": 9,
        "lisa_cluster": "High-High (Hotspot)",
        "local_moran": 0.2710682842459979
      }
    },
    {
      "type": "Feature",
      "geometry": {
        "type": "Point",
        "coordinates": [
          14.092240666666667,
          40.80748483333333
        ]
      },
      "properties": {
        "event_id": "AUTO_EV_57774",
        "energia": 6,
        "lisa_cluster": "High-High (Hotspot)",
        "local_moran": 0.0201737682703208
      }
    },
    {
      "type": "Feature",
      "geometry": {
        "type": "Point",
        "coordinates": [
          14.0817216,
          40.8045274
        ]
      },
      "properties": {
        "event_id": "AUTO_EV_57775",
        "energia": 5,
        "lisa_cluster": "Low-Low (Coldspot)",
        "local_moran": 0.014194563721569547
      }
    },
    {
      "type": "Feature",
      "geometry": {
        "type": "Point",
        "coordinates": [
          14.0929064,
          40.7969016
        ]
      },
      "properties": {
        "event_id": "AUTO_EV_57776",
        "energia": 5,
        "lisa_cluster": "Low-Low (Coldspot)",
        "local_moran": 0.0047527007830571524
      }
    },
    {
      "type": "Feature",
      "geometry": {
        "type": "Point",
        "coordinates": [
          14.122469833333334,
          40.806890333333335
        ]
      },
      "properties": {
        "event_id": "AUTO_EV_57777",
        "energia": 6,
        "lisa_cluster": "High-High (Hotspot)",
        "local_moran": 0.06271517226256917
      }
    },
    {
      "type": "Feature",
      "geometry": {
        "type": "Point",
        "coordinates": [
          14.110452800000001,
          40.7964334
        ]
      },
      "properties": {
        "event_id": "AUTO_EV_57778",
        "energia": 5,
        "lisa_cluster": "Low-Low (Coldspot)",
        "local_moran": 0.0076203868494733274
      }
    },
    {
      "type": "Feature",
      "geometry": {
        "type": "Point",
        "coordinates": [
          14.116704499999999,
          40.82292416666667
        ]
      },
      "properties": {
        "event_id": "AUTO_EV_57779",
        "energia": 6,
        "lisa_cluster": "High-High (Hotspot)",
        "local_moran": 0.18851855793522665
      }
    },
    {
      "type": "Feature",
      "geometry": {
        "type": "Point",
        "coordinates": [
          14.09619275,
          40.79667325
        ]
      },
      "properties": {
        "event_id": "AUTO_EV_57780",
        "energia": 4,
        "lisa_cluster": "Low-Low (Coldspot)",
        "local_moran": 0.29303263383505784
      }
    },
    {
      "type": "Feature",
      "geometry": {
        "type": "Point",
        "coordinates": [
          14.100776200000002,
          40.801553
        ]
      },
      "properties": {
        "event_id": "AUTO_EV_57781",
        "energia": 5,
        "lisa_cluster": "Low-Low (Coldspot)",
        "local_moran": 0.015803023291131386
      }
    },
    {
      "type": "Feature",
      "geometry": {
        "type": "Point",
        "coordinates": [
          14.12593642857143,
          40.813243428571425
        ]
      },
      "properties": {
        "event_id": "AUTO_EV_57782",
        "energia": 7,
        "lisa_cluster": "High-High (Hotspot)",
        "local_moran": 0.2944097500621311
      }
    },
    {
      "type": "Feature",
      "geometry": {
        "type": "Point",
        "coordinates": [
          14.131479714285714,
          40.81222542857143
        ]
      },
      "properties": {
        "event_id": "AUTO_EV_57783",
        "energia": 7,
        "lisa_cluster": "High-High (Hotspot)",
        "local_moran": 0.4659570830288971
      }
    },
    {
      "type": "Feature",
      "geometry": {
        "type": "Point",
        "coordinates": [
          14.0595178,
          40.7918316
        ]
      },
      "properties": {
        "event_id": "AUTO_EV_57784",
        "energia": 5,
        "lisa_cluster": "Low-Low (Coldspot)",
        "local_moran": 0.053278833298513406
      }
    },
    {
      "type": "Feature",
      "geometry": {
        "type": "Point",
        "coordinates": [
          14.125211799999999,
          40.809099
        ]
      },
      "properties": {
        "event_id": "AUTO_EV_57785",
        "energia": 5,
        "lisa_cluster": "Low-High (Outlier)",
        "local_moran": -0.039746639529538254
      }
    },
    {
      "type": "Feature",
      "geometry": {
        "type": "Point",
        "coordinates": [
          14.140554,
          40.819893666666665
        ]
      },
      "properties": {
        "event_id": "AUTO_EV_57786",
        "energia": 3,
        "lisa_cluster": "Low-High (Outlier)",
        "local_moran": -0.03718160627392243
      }
    },
    {
      "type": "Feature",
      "geometry": {
        "type": "Point",
        "coordinates": [
          14.118385,
          40.836562400000005
        ]
      },
      "properties": {
        "event_id": "AUTO_EV_57787",
        "energia": 5,
        "lisa_cluster": "Low-Low (Coldspot)",
        "local_moran": 0.029632322095083766
      }
    },
    {
      "type": "Feature",
      "geometry": {
        "type": "Point",
        "coordinates": [
          14.103949,
          40.80701
        ]
      },
      "properties": {
        "event_id": "AUTO_EV_57788",
        "energia": 8,
        "lisa_cluster": "High-High (Hotspot)",
        "local_moran": 0.25628683977936
      }
    },
    {
      "type": "Feature",
      "geometry": {
        "type": "Point",
        "coordinates": [
          14.10736475,
          40.826338500000006
        ]
      },
      "properties": {
        "event_id": "AUTO_EV_57789",
        "energia": 4,
        "lisa_cluster": "Low-High (Outlier)",
        "local_moran": -0.0777844810089185
      }
    },
    {
      "type": "Feature",
      "geometry": {
        "type": "Point",
        "coordinates": [
          14.12767725,
          40.809458750000005
        ]
      },
      "properties": {
        "event_id": "AUTO_EV_57790",
        "energia": 4,
        "lisa_cluster": "Low-High (Outlier)",
        "local_moran": -0.1429364085705179
      }
    },
    {
      "type": "Feature",
      "geometry": {
        "type": "Point",
        "coordinates": [
          14.097331333333335,
          40.80544783333334
        ]
      },
      "properties": {
        "event_id": "AUTO_EV_57791",
        "energia": 6,
        "lisa_cluster": "High-High (Hotspot)",
        "local_moran": 0.0332562692030379
      }
    },
    {
      "type": "Feature",
      "geometry": {
        "type": "Point",
        "coordinates": [
          14.0863094,
          40.804326
        ]
      },
      "properties": {
        "event_id": "AUTO_EV_57792",
        "energia": 5,
        "lisa_cluster": "Low-High (Outlier)",
        "local_moran": -0.013507845914719143
      }
    },
    {
      "type": "Feature",
      "geometry": {
        "type": "Point",
        "coordinates": [
          14.093872333333332,
          40.79863983333333
        ]
      },
      "properties": {
        "event_id": "AUTO_EV_57793",
        "energia": 6,
        "lisa_cluster": "High-Low (Outlier)",
        "local_moran": -0.021022069548624546
      }
    },
    {
      "type": "Feature",
      "geometry": {
        "type": "Point",
        "coordinates": [
          14.123678000000002,
          40.818039399999996
        ]
      },
      "properties": {
        "event_id": "AUTO_EV_57794",
        "energia": 5,
        "lisa_cluster": "Low-High (Outlier)",
        "local_moran": -0.30419864722179035
      }
    },
    {
      "type": "Feature",
      "geometry": {
        "type": "Point",
        "coordinates": [
          14.12562275,
          40.81482775
        ]
      },
      "properties": {
        "event_id": "AUTO_EV_57795",
        "energia": 4,
        "lisa_cluster": "Low-Low (Coldspot)",
        "local_moran": 0.24159881435274497
      }
    },
    {
      "type": "Feature",
      "geometry": {
        "type": "Point",
        "coordinates": [
          14.103340666666668,
          40.7970575
        ]
      },
      "properties": {
        "event_id": "AUTO_EV_57796",
        "energia": 6,
        "lisa_cluster": "High-High (Hotspot)",
        "local_moran": 0.002741973918797692
      }
    },
    {
      "type": "Feature",
      "geometry": {
        "type": "Point",
        "coordinates": [
          14.108063833333333,
          40.81181516666667
        ]
      },
      "properties": {
        "event_id": "AUTO_EV_57797",
        "energia": 6,
        "lisa_cluster": "High-High (Hotspot)",
        "local_moran": 0.11775622994302662
      }
    },
    {
      "type": "Feature",
      "geometry": {
        "type": "Point",
        "coordinates": [
          14.0743188,
          40.8075284
        ]
      },
      "properties": {
        "event_id": "AUTO_EV_57798",
        "energia": 5,
        "lisa_cluster": "Low-Low (Coldspot)",
        "local_moran": 0.017342570727621354
      }
    },
    {
      "type": "Feature",
      "geometry": {
        "type": "Point",
        "coordinates": [
          14.139518,
          40.816005888888895
        ]
      },
      "properties": {
        "event_id": "AUTO_EV_57799",
        "energia": 9,
        "lisa_cluster": "High-Low (Outlier)",
        "local_moran": -0.06889817057128755
      }
    },
    {
      "type": "Feature",
      "geometry": {
        "type": "Point",
        "coordinates": [
          14.110931,
          40.795741666666665
        ]
      },
      "properties": {
        "event_id": "AUTO_EV_57800",
        "energia": 3,
        "lisa_cluster": "Low-Low (Coldspot)",
        "local_moran": 0.9059859963451065
      }
    },
    {
      "type": "Feature",
      "geometry": {
        "type": "Point",
        "coordinates": [
          14.091502666666665,
          40.800390166666666
        ]
      },
      "properties": {
        "event_id": "AUTO_EV_57801",
        "energia": 6,
        "lisa_cluster": "High-High (Hotspot)",
        "local_moran": 0.0022569532367377617
      }
    },
    {
      "type": "Feature",
      "geometry": {
        "type": "Point",
        "coordinates": [
          14.118421777777778,
          40.81325111111111
        ]
      },
      "properties": {
        "event_id": "AUTO_EV_57802",
        "energia": 9,
        "lisa_cluster": "High-High (Hotspot)",
        "local_moran": 0.943325720605675
      }
    },
    {
      "type": "Feature",
      "geometry": {
        "type": "Point",
        "coordinates": [
          14.091178,
          40.807769
        ]
      },
      "properties": {
        "event_id": "AUTO_EV_57803",
        "energia": 5,
        "lisa_cluster": "Low-High (Outlier)",
        "local_moran": -0.003215056691203154
      }
    },
    {
      "type": "Feature",
      "geometry": {
        "type": "Point",
        "coordinates": [
          14.104740999999999,
          40.80269033333334
        ]
      },
      "properties": {
        "event_id": "AUTO_EV_57804",
        "energia": 3,
        "lisa_cluster": "Low-High (Outlier)",
        "local_moran": -0.07604239486223958
      }
    },
    {
      "type": "Feature",
      "geometry": {
        "type": "Point",
        "coordinates": [
          14.142307666666667,
          40.79594133333333
        ]
      },
      "properties": {
        "event_id": "AUTO_EV_57805",
        "energia": 3,
        "lisa_cluster": "Low-Low (Coldspot)",
        "local_moran": 0.9266083286512036
      }
    },
    {
      "type": "Feature",
      "geometry": {
        "type": "Point",
        "coordinates": [
          14.102662833333333,
          40.8075035
        ]
      },
      "properties": {
        "event_id": "AUTO_EV_57806",
        "energia": 6,
        "lisa_cluster": "High-High (Hotspot)",
        "local_moran": 0.06289135686167001
      }
    },
    {
      "type": "Feature",
      "geometry": {
        "type": "Point",
        "coordinates": [
          14.081736750000001,
          40.798933000000005
        ]
      },
      "properties": {
        "event_id": "AUTO_EV_57807",
        "energia": 4,
        "lisa_cluster": "Low-Low (Coldspot)",
        "local_moran": 0.2863800787894714
      }
    },
    {
      "type": "Feature",
      "geometry": {
        "type": "Point",
        "coordinates": [
          14.117434000000001,
          40.795673666666666
        ]
      },
      "properties": {
        "event_id": "AUTO_EV_57808",
        "energia": 6,
        "lisa_cluster": "High-Low (Outlier)",
        "local_moran": -0.036597266333465474
      }
    },
    {
      "type": "Feature",
      "geometry": {
        "type": "Point",
        "coordinates": [
          14.080003833333334,
          40.790586166666664
        ]
      },
      "properties": {
        "event_id": "AUTO_EV_57809",
        "energia": 6,
        "lisa_cluster": "High-Low (Outlier)",
        "local_moran": -0.06314501046080297
      }
    },
    {
      "type": "Feature",
      "geometry": {
        "type": "Point",
        "coordinates": [
          14.11331475,
          40.81577125
        ]
      },
      "properties": {
        "event_id": "AUTO_EV_57810",
        "energia": 4,
        "lisa_cluster": "Low-High (Outlier)",
        "local_moran": -0.3727602889477246
      }
    },
    {
      "type": "Feature",
      "geometry": {
        "type": "Point",
        "coordinates": [
          14.070048285714284,
          40.79858714285714
        ]
      },
      "properties": {
        "event_id": "AUTO_EV_57811",
        "energia": 7,
        "lisa_cluster": "High-Low (Outlier)",
        "local_moran": -0.19054614045822837
      }
    },
    {
      "type": "Feature",
      "geometry": {
        "type": "Point",
        "coordinates": [
          14.07667025,
          40.79409125
        ]
      },
      "properties": {
        "event_id": "AUTO_EV_57812",
        "energia": 4,
        "lisa_cluster": "Low-Low (Coldspot)",
        "local_moran": 0.29864605100197705
      }
    },
    {
      "type": "Feature",
      "geometry": {
        "type": "Point",
        "coordinates": [
          14.066993166666668,
          40.787965
        ]
      },
      "properties": {
        "event_id": "AUTO_EV_57813",
        "energia": 6,
        "lisa_cluster": "High-High (Hotspot)",
        "local_moran": 0.0801977630004716
      }
    },
    {
      "type": "Feature",
      "geometry": {
        "type": "Point",
        "coordinates": [
          14.1125144,
          40.8121212
        ]
      },
      "properties": {
        "event_id": "AUTO_EV_57814",
        "energia": 5,
        "lisa_cluster": "Low-High (Outlier)",
        "local_moran": -0.07065874567264971
      }
    },
    {
      "type": "Feature",
      "geometry": {
        "type": "Point",
        "coordinates": [
          14.1056462,
          40.8110474
        ]
      },
      "properties": {
        "event_id": "AUTO_EV_57815",
        "energia": 5,
        "lisa_cluster": "Low-High (Outlier)",
        "local_moran": -0.041804894574603776
      }
    },
    {
      "type": "Feature",
      "geometry": {
        "type": "Point",
        "coordinates": [
          14.123881800000001,
          40.8091234
        ]
      },
      "properties": {
        "event_id": "AUTO_EV_57816",
        "energia": 5,
        "lisa_cluster": "Low-High (Outlier)",
        "local_moran": -0.0417021223608001
      }
    },
    {
      "type": "Feature",
      "geometry": {
        "type": "Point",
        "coordinates": [
          14.107684999999998,
          40.819767500000005
        ]
      },
      "properties": {
        "event_id": "AUTO_EV_57817",
        "energia": 6,
        "lisa_cluster": "High-High (Hotspot)",
        "local_moran": 0.1156097385283488
      }
    },
    {
      "type": "Feature",
      "geometry": {
        "type": "Point",
        "coordinates": [
          14.133414142857143,
          40.82103685714286
        ]
      },
      "properties": {
        "event_id": "AUTO_EV_57818",
        "energia": 7,
        "lisa_cluster": "High-High (Hotspot)",
        "local_moran": 0.2089760956109942
      }
    },
    {
      "type": "Feature",
      "geometry": {
        "type": "Point",
        "coordinates": [
          14.1027386,
          40.804486
        ]
      },
      "properties": {
        "event_id": "AUTO_EV_57819",
        "energia": 5,
        "lisa_cluster": "Low-High (Outlier)",
        "local_moran": -0.02220560516206138
      }
    },
    {
      "type": "Feature",
      "geometry": {
        "type": "Point",
        "coordinates": [
          14.136847249999999,
          40.815921
        ]
      },
      "properties": {
        "event_id": "AUTO_EV_57820",
        "energia": 4,
        "lisa_cluster": "Low-High (Outlier)",
        "local_moran": -0.06867108608806294
      }
    },
    {
      "type": "Feature",
      "geometry": {
        "type": "Point",
        "coordinates": [
          14.0860382,
          40.793368400000006
        ]
      },
      "properties": {
        "event_id": "AUTO_EV_57821",
        "energia": 5,
        "lisa_cluster": "Low-Low (Coldspot)",
        "local_moran": 0.018346186649759195
      }
    },
    {
      "type": "Feature",
      "geometry": {
        "type": "Point",
        "coordinates": [
          14.108957166666668,
          40.799193333333335
        ]
      },
      "properties": {
        "event_id": "AUTO_EV_57822",
        "energia": 6,
        "lisa_cluster": "High-High (Hotspot)",
        "local_moran": 0.014115642944016559
      }
    },
    {
      "type": "Feature",
      "geometry": {
        "type": "Point",
        "coordinates": [
          14.109064333333334,
          40.79795116666667
        ]
      },
      "properties": {
        "event_id": "AUTO_EV_57823",
        "energia": 6,
        "lisa_cluster": "High-High (Hotspot)",
        "local_moran": 0.0013697445868325296
      }
    },
    {
      "type": "Feature",
      "geometry": {
        "type": "Point",
        "coordinates": [
          14.134388999999999,
          40.81041075
        ]
      },
      "properties": {
        "event_id": "AUTO_EV_57824",
        "energia": 4,
        "lisa_cluster": "Low-Low (Coldspot)",
        "local_moran": 0.29706649315316813
      }
    },
    {
      "type": "Feature",
      "geometry": {
        "type": "Point",
        "coordinates": [
          14.12061875,
          40.7975505
        ]
      },
      "properties": {
        "event_id": "AUTO_EV_57825",
        "energia": 4,
        "lisa_cluster": "Low-Low (Coldspot)",
        "local_moran": 0.07519628752733107
      }
    },
    {
      "type": "Feature",
      "geometry": {
        "type": "Point",
        "coordinates": [
          14.105876888888888,
          40.80592711111111
        ]
      },
      "properties": {
        "event_id": "AUTO_EV_57826",
        "energia": 9,
        "lisa_cluster": "High-High (Hotspot)",
        "local_moran": 0.3028596694211769
      }
    },
    {
      "type": "Feature",
      "geometry": {
        "type": "Point",
        "coordinates": [
          14.1147584,
          40.8114438
        ]
      },
      "properties": {
        "event_id": "AUTO_EV_57827",
        "energia": 5,
        "lisa_cluster": "Low-High (Outlier)",
        "local_moran": -0.0779409574986842
      }
    },
    {
      "type": "Feature",
      "geometry": {
        "type": "Point",
        "coordinates": [
          14.121423,
          40.81962675
        ]
      },
      "properties": {
        "event_id": "AUTO_EV_57828",
        "energia": 4,
        "lisa_cluster": "Low-High (Outlier)",
        "local_moran": -0.5039776477996819
      }
    },
    {
      "type": "Feature",
      "geometry": {
        "type": "Point",
        "coordinates": [
          14.114382833333332,
          40.819783
        ]
      },
      "properties": {
        "event_id": "AUTO_EV_57829",
        "energia": 6,
        "lisa_cluster": "High-High (Hotspot)",
        "local_moran": 0.1695108535402347
      }
    },
    {
      "type": "Feature",
      "geometry": {
        "type": "Point",
        "coordinates": [
          14.077095199999999,
          40.7986074
        ]
      },
      "properties": {
        "event_id": "AUTO_EV_57830",
        "energia": 5,
        "lisa_cluster": "Low-Low (Coldspot)",
        "local_moran": 0.018774386983306874
      }
    },
    {
      "type": "Feature",
      "geometry": {
        "type": "Point",
        "coordinates": [
          14.112614571428571,
          40.806616142857145
        ]
      },
      "properties": {
        "event_id": "AUTO_EV_57831",
        "energia": 7,
        "lisa_cluster": "High-High (Hotspot)",
        "local_moran": 0.1749263061133337
      }
    },
    {
      "type": "Feature",
      "geometry": {
        "type": "Point",
        "coordinates": [
          14.087710333333334,
          40.792246
        ]
      },
      "properties": {
        "event_id": "AUTO_EV_57832",
        "energia": 3,
        "lisa_cluster": "Low-Low (Coldspot)",
        "local_moran": 0.1612912188463435
      }
    },
    {
      "type": "Feature",
      "geometry": {
        "type": "Point",
        "coordinates": [
          14.085637199999999,
          40.7830694
        ]
      },
      "properties": {
        "event_id": "AUTO_EV_57833",
        "energia": 5,
        "lisa_cluster": "Low-Low (Coldspot)",
        "local_moran": 0.03763978380480618
      }
    },
    {
      "type": "Feature",
      "geometry": {
        "type": "Point",
        "coordinates": [
          14.098790125,
          40.810359125
        ]
      },
      "properties": {
        "event_id": "AUTO_EV_57834",
        "energia": 8,
        "lisa_cluster": "High-High (Hotspot)",
        "local_moran": 0.14035569280018217
      }
    },
    {
      "type": "Feature",
      "geometry": {
        "type": "Point",
        "coordinates": [
          14.171316333333332,
          40.82098833333333
        ]
      },
      "properties": {
        "event_id": "AUTO_EV_57835",
        "energia": 3,
        "lisa_cluster": "Low-Low (Coldspot)",
        "local_moran": 0.5276436102403982
      }
    },
    {
      "type": "Feature",
      "geometry": {
        "type": "Point",
        "coordinates": [
          14.113407875,
          40.803323375000005
        ]
      },
      "properties": {
        "event_id": "AUTO_EV_57836",
        "energia": 8,
        "lisa_cluster": "High-High (Hotspot)",
        "local_moran": 0.22425614424308968
      }
    },
    {
      "type": "Feature",
      "geometry": {
        "type": "Point",
        "coordinates": [
          14.069078500000002,
          40.79116233333334
        ]
      },
      "properties": {
        "event_id": "AUTO_EV_57837",
        "energia": 6,
        "lisa_cluster": "High-Low (Outlier)",
        "local_moran": -0.08290957547977046
      }
    },
    {
      "type": "Feature",
      "geometry": {
        "type": "Point",
        "coordinates": [
          14.113525833333334,
          40.81532083333334
        ]
      },
      "properties": {
        "event_id": "AUTO_EV_57838",
        "energia": 6,
        "lisa_cluster": "High-High (Hotspot)",
        "local_moran": 0.19685485368245867
      }
    },
    {
      "type": "Feature",
      "geometry": {
        "type": "Point",
        "coordinates": [
          14.099027249999999,
          40.8066335
        ]
      },
      "properties": {
        "event_id": "AUTO_EV_57839",
        "energia": 4,
        "lisa_cluster": "Low-High (Outlier)",
        "local_moran": -0.07869742902038307
      }
    },
    {
      "type": "Feature",
      "geometry": {
        "type": "Point",
        "coordinates": [
          14.099940666666667,
          40.79835666666667
        ]
      },
      "properties": {
        "event_id": "AUTO_EV_57840",
        "energia": 6,
        "lisa_cluster": "High-High (Hotspot)",
        "local_moran": 0.0013910915263684808
      }
    },
    {
      "type": "Feature",
      "geometry": {
        "type": "Point",
        "coordinates": [
          14.123827666666665,
          40.80578655555556
        ]
      },
      "properties": {
        "event_id": "AUTO_EV_57841",
        "energia": 9,
        "lisa_cluster": "High-High (Hotspot)",
        "local_moran": 0.12547235973232906
      }
    },
    {
      "type": "Feature",
      "geometry": {
        "type": "Point",
        "coordinates": [
          14.116468800000002,
          40.8024184
        ]
      },
      "properties": {
        "event_id": "AUTO_EV_57842",
        "energia": 5,
        "lisa_cluster": "Low-High (Outlier)",
        "local_moran": -0.013811444340526446
      }
    },
    {
      "type": "Feature",
      "geometry": {
        "type": "Point",
        "coordinates": [
          14.105564666666666,
          40.80764366666667
        ]
      },
      "properties": {
        "event_id": "AUTO_EV_57843",
        "energia": 6,
        "lisa_cluster": "High-High (Hotspot)",
        "local_moran": 0.07175765887637178
      }
    },
    {
      "type": "Feature",
      "geometry": {
        "type": "Point",
        "coordinates": [
          14.1058225,
          40.797371999999996
        ]
      },
      "properties": {
        "event_id": "AUTO_EV_57844",
        "energia": 4,
        "lisa_cluster": "Low-Low (Coldspot)",
        "local_moran": 0.27519419723092076
      }
    },
    {
      "type": "Feature",
      "geometry": {
        "type": "Point",
        "coordinates": [
          14.0878804,
          40.8022426
        ]
      },
      "properties": {
        "event_id": "AUTO_EV_57845",
        "energia": 5,
        "lisa_cluster": "Low-High (Outlier)",
        "local_moran": -0.0037790491920189464
      }
    },
    {
      "type": "Feature",
      "geometry": {
        "type": "Point",
        "coordinates": [
          14.086163285714287,
          40.79186971428572
        ]
      },
      "properties": {
        "event_id": "AUTO_EV_57846",
        "energia": 7,
        "lisa_cluster": "High-Low (Outlier)",
        "local_moran": -0.11644793371742646
      }
    },
    {
      "type": "Feature",
      "geometry": {
        "type": "Point",
        "coordinates": [
          14.065953833333333,
          40.80669183333333
        ]
      },
      "properties": {
        "event_id": "AUTO_EV_57847",
        "energia": 6,
        "lisa_cluster": "High-Low (Outlier)",
        "local_moran": -0.0866261736557456
      }
    },
    {
      "type": "Feature",
      "geometry": {
        "type": "Point",
        "coordinates": [
          14.091280428571428,
          40.82151114285715
        ]
      },
      "properties": {
        "event_id": "AUTO_EV_57848",
        "energia": 7,
        "lisa_cluster": "High-Low (Outlier)",
        "local_moran": -0.08199143032829997
      }
    },
    {
      "type": "Feature",
      "geometry": {
        "type": "Point",
        "coordinates": [
          14.11546525,
          40.78730625
        ]
      },
      "properties": {
        "event_id": "AUTO_EV_57849",
        "energia": 4,
        "lisa_cluster": "Low-Low (Coldspot)",
        "local_moran": 0.30113470638941514
      }
    },
    {
      "type": "Feature",
      "geometry": {
        "type": "Point",
        "coordinates": [
          14.086033333333333,
          40.809443
        ]
      },
      "properties": {
        "event_id": "AUTO_EV_57850",
        "energia": 6,
        "lisa_cluster": "High-Low (Outlier)",
        "local_moran": -0.026666193239797076
      }
    },
    {
      "type": "Feature",
      "geometry": {
        "type": "Point",
        "coordinates": [
          14.103053333333333,
          40.80466216666667
        ]
      },
      "properties": {
        "event_id": "AUTO_EV_57851",
        "energia": 6,
        "lisa_cluster": "High-High (Hotspot)",
        "local_moran": 0.04672038978028253
      }
    },
    {
      "type": "Feature",
      "geometry": {
        "type": "Point",
        "coordinates": [
          14.09073875,
          40.817916249999996
        ]
      },
      "properties": {
        "event_id": "AUTO_EV_57852",
        "energia": 4,
        "lisa_cluster": "Low-Low (Coldspot)",
        "local_moran": 0.29389075684902966
      }
    },
    {
      "type": "Feature",
      "geometry": {
        "type": "Point",
        "coordinates": [
          14.178358666666668,
          40.81369
        ]
      },
      "properties": {
        "event_id": "AUTO_EV_57853",
        "energia": 3,
        "lisa_cluster": "Low-Low (Coldspot)",
        "local_moran": 0.5737827239167883
      }
    },
    {
      "type": "Feature",
      "geometry": {
        "type": "Point",
        "coordinates": [
          14.111440166666668,
          40.80131633333333
        ]
      },
      "properties": {
        "event_id": "AUTO_EV_57854",
        "energia": 6,
        "lisa_cluster": "High-High (Hotspot)",
        "local_moran": 0.02932288384676958
      }
    },
    {
      "type": "Feature",
      "geometry": {
        "type": "Point",
        "coordinates": [
          14.1252315,
          40.819187
        ]
      },
      "properties": {
        "event_id": "AUTO_EV_57855",
        "energia": 4,
        "lisa_cluster": "Low-Low (Coldspot)",
        "local_moran": 0.22175215573800308
      }
    },
    {
      "type": "Feature",
      "geometry": {
        "type": "Point",
        "coordinates": [
          14.08091625,
          40.792882
        ]
      },
      "properties": {
        "event_id": "AUTO_EV_57856",
        "energia": 4,
        "lisa_cluster": "Low-Low (Coldspot)",
        "local_moran": 0.2869112053578121
      }
    },
    {
      "type": "Feature",
      "geometry": {
        "type": "Point",
        "coordinates": [
          14.0771478,
          40.795148
        ]
      },
      "properties": {
        "event_id": "AUTO_EV_57857",
        "energia": 5,
        "lisa_cluster": "Low-Low (Coldspot)",
        "local_moran": 0.030175767459756746
      }
    },
    {
      "type": "Feature",
      "geometry": {
        "type": "Point",
        "coordinates": [
          14.058138,
          40.78908725
        ]
      },
      "properties": {
        "event_id": "AUTO_EV_57858",
        "energia": 4,
        "lisa_cluster": "Low-Low (Coldspot)",
        "local_moran": 0.3014388944729606
      }
    },
    {
      "type": "Feature",
      "geometry": {
        "type": "Point",
        "coordinates": [
          14.097339600000002,
          40.80659300000001
        ]
      },
      "properties": {
        "event_id": "AUTO_EV_57859",
        "energia": 5,
        "lisa_cluster": "Low-High (Outlier)",
        "local_moran": -0.01584325508346355
      }
    },
    {
      "type": "Feature",
      "geometry": {
        "type": "Point",
        "coordinates": [
          14.05850825,
          40.782506
        ]
      },
      "properties": {
        "event_id": "AUTO_EV_57860",
        "energia": 4,
        "lisa_cluster": "Low-Low (Coldspot)",
        "local_moran": 0.30157356854640965
      }
    },
    {
      "type": "Feature",
      "geometry": {
        "type": "Point",
        "coordinates": [
          14.10810075,
          40.8067835
        ]
      },
      "properties": {
        "event_id": "AUTO_EV_57861",
        "energia": 4,
        "lisa_cluster": "Low-High (Outlier)",
        "local_moran": -0.10920702110433492
      }
    },
    {
      "type": "Feature",
      "geometry": {
        "type": "Point",
        "coordinates": [
          14.1240889,
          40.818174600000006
        ]
      },
      "properties": {
        "event_id": "AUTO_EV_57862",
        "energia": 20,
        "lisa_cluster": "High-High (Hotspot)",
        "local_moran": 37.51766150463464
      }
    },
    {
      "type": "Feature",
      "geometry": {
        "type": "Point",
        "coordinates": [
          14.121425157894736,
          40.818525894736844
        ]
      },
      "properties": {
        "event_id": "AUTO_EV_57863",
        "energia": 19,
        "lisa_cluster": "High-High (Hotspot)",
        "local_moran": 5.452211467978249
      }
    },
    {
      "type": "Feature",
      "geometry": {
        "type": "Point",
        "coordinates": [
          14.125096666666668,
          40.81674344444444
        ]
      },
      "properties": {
        "event_id": "AUTO_EV_57864",
        "energia": 18,
        "lisa_cluster": "High-High (Hotspot)",
        "local_moran": 5.22084360237876
      }
    },
    {
      "type": "Feature",
      "geometry": {
        "type": "Point",
        "coordinates": [
          14.119518333333334,
          40.816572
        ]
      },
      "properties": {
        "event_id": "AUTO_EV_57865",
        "energia": 15,
        "lisa_cluster": "High-High (Hotspot)",
        "local_moran": 3.3114711436207482
      }
    },
    {
      "type": "Feature",
      "geometry": {
        "type": "Point",
        "coordinates": [
          14.10670623076923,
          40.81303584615385
        ]
      },
      "properties": {
        "event_id": "AUTO_EV_57866",
        "energia": 13,
        "lisa_cluster": "High-High (Hotspot)",
        "local_moran": 1.2750561302446735
      }
    },
    {
      "type": "Feature",
      "geometry": {
        "type": "Point",
        "coordinates": [
          14.1070076,
          40.8081431
        ]
      },
      "properties": {
        "event_id": "AUTO_EV_57867",
        "energia": 10,
        "lisa_cluster": "High-High (Hotspot)",
        "local_moran": 0.3572101269348323
      }
    },
    {
      "type": "Feature",
      "geometry": {
        "type": "Point",
        "coordinates": [
          14.087915,
          40.80122711111111
        ]
      },
      "properties": {
        "event_id": "AUTO_EV_57868",
        "energia": 9,
        "lisa_cluster": "High-Low (Outlier)",
        "local_moran": -0.04315564851825562
      }
    },
    {
      "type": "Feature",
      "geometry": {
        "type": "Point",
        "coordinates": [
          14.079502857142858,
          40.79529128571429
        ]
      },
      "properties": {
        "event_id": "AUTO_EV_57869",
        "energia": 7,
        "lisa_cluster": "High-Low (Outlier)",
        "local_moran": -0.08174803030132716
      }
    },
    {
      "type": "Feature",
      "geometry": {
        "type": "Point",
        "coordinates": [
          14.107647,
          40.8116285
        ]
      },
      "properties": {
        "event_id": "AUTO_EV_57870",
        "energia": 8,
        "lisa_cluster": "High-High (Hotspot)",
        "local_moran": 0.4253759202178928
      }
    },
    {
      "type": "Feature",
      "geometry": {
        "type": "Point",
        "coordinates": [
          14.124306333333331,
          40.80946
        ]
      },
      "properties": {
        "event_id": "AUTO_EV_57871",
        "energia": 6,
        "lisa_cluster": "High-High (Hotspot)",
        "local_moran": 0.09535722394319512
      }
    },
    {
      "type": "Feature",
      "geometry": {
        "type": "Point",
        "coordinates": [
          14.123339833333333,
          40.80350883333333
        ]
      },
      "properties": {
        "event_id": "AUTO_EV_57872",
        "energia": 6,
        "lisa_cluster": "High-High (Hotspot)",
        "local_moran": 0.04132162410421
      }
    },
    {
      "type": "Feature",
      "geometry": {
        "type": "Point",
        "coordinates": [
          14.086707222222223,
          40.80250422222222
        ]
      },
      "properties": {
        "event_id": "AUTO_EV_57873",
        "energia": 9,
        "lisa_cluster": "High-Low (Outlier)",
        "local_moran": -0.014315761844194383
      }
    },
    {
      "type": "Feature",
      "geometry": {
        "type": "Point",
        "coordinates": [
          14.137289599999999,
          40.8263968
        ]
      },
      "properties": {
        "event_id": "AUTO_EV_57874",
        "energia": 5,
        "lisa_cluster": "Low-Low (Coldspot)",
        "local_moran": 0.012176733164381373
      }
    },
    {
      "type": "Feature",
      "geometry": {
        "type": "Point",
        "coordinates": [
          14.1152294,
          40.8151784
        ]
      },
      "properties": {
        "event_id": "AUTO_EV_57875",
        "energia": 5,
        "lisa_cluster": "Low-High (Outlier)",
        "local_moran": -0.1045988472981928
      }
    },
    {
      "type": "Feature",
      "geometry": {
        "type": "Point",
        "coordinates": [
          14.086053999999999,
          40.79969833333333
        ]
      },
      "properties": {
        "event_id": "AUTO_EV_57876",
        "energia": 6,
        "lisa_cluster": "High-Low (Outlier)",
        "local_moran": -0.01566053537736611
      }
    },
    {
      "type": "Feature",
      "geometry": {
        "type": "Point",
        "coordinates": [
          14.098897555555556,
          40.80401366666667
        ]
      },
      "properties": {
        "event_id": "AUTO_EV_57877",
        "energia": 9,
        "lisa_cluster": "High-High (Hotspot)",
        "local_moran": 0.14759137031367156
      }
    },
    {
      "type": "Feature",
      "geometry": {
        "type": "Point",
        "coordinates": [
          14.140763,
          40.80989675
        ]
      },
      "properties": {
        "event_id": "AUTO_EV_57878",
        "energia": 4,
        "lisa_cluster": "Low-Low (Coldspot)",
        "local_moran": 0.2979229811347687
      }
    },
    {
      "type": "Feature",
      "geometry": {
        "type": "Point",
        "coordinates": [
          14.076759666666668,
          40.80754966666667
        ]
      },
      "properties": {
        "event_id": "AUTO_EV_57879",
        "energia": 6,
        "lisa_cluster": "High-Low (Outlier)",
        "local_moran": -0.049316892054278576
      }
    },
    {
      "type": "Feature",
      "geometry": {
        "type": "Point",
        "coordinates": [
          14.110117666666667,
          40.82359983333333
        ]
      },
      "properties": {
        "event_id": "AUTO_EV_57880",
        "energia": 6,
        "lisa_cluster": "High-High (Hotspot)",
        "local_moran": 0.1421844377935306
      }
    },
    {
      "type": "Feature",
      "geometry": {
        "type": "Point",
        "coordinates": [
          14.124829,
          40.8078182
        ]
      },
      "properties": {
        "event_id": "AUTO_EV_57881",
        "energia": 5,
        "lisa_cluster": "Low-High (Outlier)",
        "local_moran": -0.029412326040052342
      }
    },
    {
      "type": "Feature",
      "geometry": {
        "type": "Point",
        "coordinates": [
          14.07857425,
          40.796220000000005
        ]
      },
      "properties": {
        "event_id": "AUTO_EV_57882",
        "energia": 4,
        "lisa_cluster": "Low-Low (Coldspot)",
        "local_moran": 0.06946010739892985
      }
    },
    {
      "type": "Feature",
      "geometry": {
        "type": "Point",
        "coordinates": [
          14.137515,
          40.83704875
        ]
      },
      "properties": {
        "event_id": "AUTO_EV_57883",
        "energia": 4,
        "lisa_cluster": "Low-Low (Coldspot)",
        "local_moran": 0.23577044915187645
      }
    },
    {
      "type": "Feature",
      "geometry": {
        "type": "Point",
        "coordinates": [
          14.06024,
          40.80081
        ]
      },
      "properties": {
        "event_id": "AUTO_EV_57884",
        "energia": 4,
        "lisa_cluster": "Low-Low (Coldspot)",
        "local_moran": 0.3009028227148002
      }
    },
    {
      "type": "Feature",
      "geometry": {
        "type": "Point",
        "coordinates": [
          14.13456775,
          40.824020250000004
        ]
      },
      "properties": {
        "event_id": "AUTO_EV_57885",
        "energia": 4,
        "lisa_cluster": "Low-Low (Coldspot)",
        "local_moran": 0.2800627299123028
      }
    },
    {
      "type": "Feature",
      "geometry": {
        "type": "Point",
        "coordinates": [
          14.109461857142858,
          40.81922814285714
        ]
      },
      "properties": {
        "event_id": "AUTO_EV_57886",
        "energia": 7,
        "lisa_cluster": "High-High (Hotspot)",
        "local_moran": 0.3853059805024032
      }
    },
    {
      "type": "Feature",
      "geometry": {
        "type": "Point",
        "coordinates": [
          14.0933164,
          40.80498
        ]
      },
      "properties": {
        "event_id": "AUTO_EV_57887",
        "energia": 5,
        "lisa_cluster": "Low-High (Outlier)",
        "local_moran": -0.008014964162416765
      }
    },
    {
      "type": "Feature",
      "geometry": {
        "type": "Point",
        "coordinates": [
          14.131058571428571,
          40.824337
        ]
      },
      "properties": {
        "event_id": "AUTO_EV_57888",
        "energia": 7,
        "lisa_cluster": "High-High (Hotspot)",
        "local_moran": 0.2694353310782163
      }
    },
    {
      "type": "Feature",
      "geometry": {
        "type": "Point",
        "coordinates": [
          14.058138,
          40.78908725
        ]
      },
      "properties": {
        "event_id": "AUTO_EV_57889",
        "energia": 4,
        "lisa_cluster": "Low-Low (Coldspot)",
        "local_moran": 0.3014388944729607
      }
    },
    {
      "type": "Feature",
      "geometry": {
        "type": "Point",
        "coordinates": [
          14.079464000000002,
          40.8077684
        ]
      },
      "properties": {
        "event_id": "AUTO_EV_57890",
        "energia": 5,
        "lisa_cluster": "Low-Low (Coldspot)",
        "local_moran": 0.016279837497623687
      }
    },
    {
      "type": "Feature",
      "geometry": {
        "type": "Point",
        "coordinates": [
          14.102629166666667,
          40.804991
        ]
      },
      "properties": {
        "event_id": "AUTO_EV_57891",
        "energia": 6,
        "lisa_cluster": "High-High (Hotspot)",
        "local_moran": 0.04946539388754362
      }
    },
    {
      "type": "Feature",
      "geometry": {
        "type": "Point",
        "coordinates": [
          14.079158000000001,
          40.79659171428572
        ]
      },
      "properties": {
        "event_id": "AUTO_EV_57892",
        "energia": 7,
        "lisa_cluster": "High-Low (Outlier)",
        "local_moran": -0.11189071797104432
      }
    },
    {
      "type": "Feature",
      "geometry": {
        "type": "Point",
        "coordinates": [
          14.14451275,
          40.820189
        ]
      },
      "properties": {
        "event_id": "AUTO_EV_57893",
        "energia": 4,
        "lisa_cluster": "Low-Low (Coldspot)",
        "local_moran": 0.04665299107591157
      }
    },
    {
      "type": "Feature",
      "geometry": {
        "type": "Point",
        "coordinates": [
          14.09277175,
          40.795049750000004
        ]
      },
      "properties": {
        "event_id": "AUTO_EV_57894",
        "energia": 8,
        "lisa_cluster": "High-Low (Outlier)",
        "local_moran": -0.051660945277375234
      }
    },
    {
      "type": "Feature",
      "geometry": {
        "type": "Point",
        "coordinates": [
          14.110959000000001,
          40.80124
        ]
      },
      "properties": {
        "event_id": "AUTO_EV_57895",
        "energia": 4,
        "lisa_cluster": "Low-High (Outlier)",
        "local_moran": -0.06883751501150703
      }
    },
    {
      "type": "Feature",
      "geometry": {
        "type": "Point",
        "coordinates": [
          14.116484142857143,
          40.807463285714284
        ]
      },
      "properties": {
        "event_id": "AUTO_EV_57896",
        "energia": 7,
        "lisa_cluster": "High-High (Hotspot)",
        "local_moran": 0.26531964925647716
      }
    },
    {
      "type": "Feature",
      "geometry": {
        "type": "Point",
        "coordinates": [
          14.04673,
          40.77671225
        ]
      },
      "properties": {
        "event_id": "AUTO_EV_57897",
        "energia": 4,
        "lisa_cluster": "Low-Low (Coldspot)",
        "local_moran": 0.30183843433983004
      }
    },
    {
      "type": "Feature",
      "geometry": {
        "type": "Point",
        "coordinates": [
          14.0904515,
          40.7972905
        ]
      },
      "properties": {
        "event_id": "AUTO_EV_57898",
        "energia": 6,
        "lisa_cluster": "High-Low (Outlier)",
        "local_moran": -0.012468035517656928
      }
    },
    {
      "type": "Feature",
      "geometry": {
        "type": "Point",
        "coordinates": [
          14.110242,
          40.801312125
        ]
      },
      "properties": {
        "event_id": "AUTO_EV_57899",
        "energia": 8,
        "lisa_cluster": "High-High (Hotspot)",
        "local_moran": 0.12551689851660158
      }
    },
    {
      "type": "Feature",
      "geometry": {
        "type": "Point",
        "coordinates": [
          14.097533,
          40.82260828571429
        ]
      },
      "properties": {
        "event_id": "AUTO_EV_57900",
        "energia": 7,
        "lisa_cluster": "High-High (Hotspot)",
        "local_moran": 0.0016017430451698608
      }
    },
    {
      "type": "Feature",
      "geometry": {
        "type": "Point",
        "coordinates": [
          14.0902366,
          40.8078982
        ]
      },
      "properties": {
        "event_id": "AUTO_EV_57901",
        "energia": 5,
        "lisa_cluster": "Low-Low (Coldspot)",
        "local_moran": 0.00017418933966760735
      }
    },
    {
      "type": "Feature",
      "geometry": {
        "type": "Point",
        "coordinates": [
          14.120952,
          40.81004766666667
        ]
      },
      "properties": {
        "event_id": "AUTO_EV_57902",
        "energia": 3,
        "lisa_cluster": "Low-Low (Coldspot)",
        "local_moran": 0.8607946227185004
      }
    },
    {
      "type": "Feature",
      "geometry": {
        "type": "Point",
        "coordinates": [
          14.115347600000002,
          40.820799199999996
        ]
      },
      "properties": {
        "event_id": "AUTO_EV_57903",
        "energia": 5,
        "lisa_cluster": "Low-High (Outlier)",
        "local_moran": -0.09332450317363011
      }
    },
    {
      "type": "Feature",
      "geometry": {
        "type": "Point",
        "coordinates": [
          14.094763599999999,
          40.792969400000004
        ]
      },
      "properties": {
        "event_id": "AUTO_EV_57904",
        "energia": 5,
        "lisa_cluster": "Low-Low (Coldspot)",
        "local_moran": 0.009189265797930564
      }
    },
    {
      "type": "Feature",
      "geometry": {
        "type": "Point",
        "coordinates": [
          14.11224,
          40.80939600000001
        ]
      },
      "properties": {
        "event_id": "AUTO_EV_57905",
        "energia": 5,
        "lisa_cluster": "Low-High (Outlier)",
        "local_moran": -0.05415567532493015
      }
    },
    {
      "type": "Feature",
      "geometry": {
        "type": "Point",
        "coordinates": [
          14.105333166666668,
          40.825578166666666
        ]
      },
      "properties": {
        "event_id": "AUTO_EV_57906",
        "energia": 6,
        "lisa_cluster": "High-High (Hotspot)",
        "local_moran": 0.03378415155710784
      }
    },
    {
      "type": "Feature",
      "geometry": {
        "type": "Point",
        "coordinates": [
          14.090732399999998,
          40.8011178
        ]
      },
      "properties": {
        "event_id": "AUTO_EV_57907",
        "energia": 5,
        "lisa_cluster": "Low-High (Outlier)",
        "local_moran": -0.00032117966106291485
      }
    },
    {
      "type": "Feature",
      "geometry": {
        "type": "Point",
        "coordinates": [
          14.093735714285714,
          40.80798671428572
        ]
      },
      "properties": {
        "event_id": "AUTO_EV_57908",
        "energia": 7,
        "lisa_cluster": "High-High (Hotspot)",
        "local_moran": 0.05922796544413566
      }
    },
    {
      "type": "Feature",
      "geometry": {
        "type": "Point",
        "coordinates": [
          14.0833745,
          40.79839225
        ]
      },
      "properties": {
        "event_id": "AUTO_EV_57909",
        "energia": 4,
        "lisa_cluster": "Low-Low (Coldspot)",
        "local_moran": 0.285011431856898
      }
    },
    {
      "type": "Feature",
      "geometry": {
        "type": "Point",
        "coordinates": [
          14.08975425,
          40.80215525
        ]
      },
      "properties": {
        "event_id": "AUTO_EV_57910",
        "energia": 8,
        "lisa_cluster": "High-High (Hotspot)",
        "local_moran": 0.009241794348328603
      }
    },
    {
      "type": "Feature",
      "geometry": {
        "type": "Point",
        "coordinates": [
          14.128363,
          40.79433875
        ]
      },
      "properties": {
        "event_id": "AUTO_EV_57911",
        "energia": 4,
        "lisa_cluster": "Low-Low (Coldspot)",
        "local_moran": 0.1417671759208669
      }
    },
    {
      "type": "Feature",
      "geometry": {
        "type": "Point",
        "coordinates": [
          14.115376800000002,
          40.8060518
        ]
      },
      "properties": {
        "event_id": "AUTO_EV_57912",
        "energia": 5,
        "lisa_cluster": "Low-High (Outlier)",
        "local_moran": -0.031570683169503407
      }
    },
    {
      "type": "Feature",
      "geometry": {
        "type": "Point",
        "coordinates": [
          14.159828666666668,
          40.81688066666667
        ]
      },
      "properties": {
        "event_id": "AUTO_EV_57913",
        "energia": 3,
        "lisa_cluster": "Low-Low (Coldspot)",
        "local_moran": 0.9245479047406967
      }
    },
    {
      "type": "Feature",
      "geometry": {
        "type": "Point",
        "coordinates": [
          14.0759066,
          40.7971146
        ]
      },
      "properties": {
        "event_id": "AUTO_EV_57914",
        "energia": 5,
        "lisa_cluster": "Low-Low (Coldspot)",
        "local_moran": 0.022872130022304073
      }
    },
    {
      "type": "Feature",
      "geometry": {
        "type": "Point",
        "coordinates": [
          14.0724288,
          40.7891724
        ]
      },
      "properties": {
        "event_id": "AUTO_EV_57915",
        "energia": 5,
        "lisa_cluster": "Low-Low (Coldspot)",
        "local_moran": 0.03952772052944473
      }
    },
    {
      "type": "Feature",
      "geometry": {
        "type": "Point",
        "coordinates": [
          14.0606275,
          40.774319250000005
        ]
      },
      "properties": {
        "event_id": "AUTO_EV_57916",
        "energia": 4,
        "lisa_cluster": "Low-Low (Coldspot)",
        "local_moran": 0.3015964528214169
      }
    },
    {
      "type": "Feature",
      "geometry": {
        "type": "Point",
        "coordinates": [
          14.135121714285715,
          40.81106585714286
        ]
      },
      "properties": {
        "event_id": "AUTO_EV_57917",
        "energia": 7,
        "lisa_cluster": "High-High (Hotspot)",
        "local_moran": 0.03164036162202371
      }
    },
    {
      "type": "Feature",
      "geometry": {
        "type": "Point",
        "coordinates": [
          14.09993725,
          40.8051215
        ]
      },
      "properties": {
        "event_id": "AUTO_EV_57918",
        "energia": 4,
        "lisa_cluster": "Low-Low (Coldspot)",
        "local_moran": 0.26319898954273424
      }
    },
    {
      "type": "Feature",
      "geometry": {
        "type": "Point",
        "coordinates": [
          14.07202775,
          40.79930275
        ]
      },
      "properties": {
        "event_id": "AUTO_EV_57919",
        "energia": 4,
        "lisa_cluster": "Low-Low (Coldspot)",
        "local_moran": 0.2951730145957806
      }
    },
    {
      "type": "Feature",
      "geometry": {
        "type": "Point",
        "coordinates": [
          14.104246799999999,
          40.8103532
        ]
      },
      "properties": {
        "event_id": "AUTO_EV_57920",
        "energia": 5,
        "lisa_cluster": "Low-High (Outlier)",
        "local_moran": -0.040480708354737834
      }
    },
    {
      "type": "Feature",
      "geometry": {
        "type": "Point",
        "coordinates": [
          14.126613,
          40.81240575
        ]
      },
      "properties": {
        "event_id": "AUTO_EV_57921",
        "energia": 4,
        "lisa_cluster": "Low-High (Outlier)",
        "local_moran": -0.1716742975370203
      }
    },
    {
      "type": "Feature",
      "geometry": {
        "type": "Point",
        "coordinates": [
          14.140415714285714,
          40.80555571428572
        ]
      },
      "properties": {
        "event_id": "AUTO_EV_57922",
        "energia": 7,
        "lisa_cluster": "High-Low (Outlier)",
        "local_moran": -0.15769976296572472
      }
    },
    {
      "type": "Feature",
      "geometry": {
        "type": "Point",
        "coordinates": [
          14.128283,
          40.8198694
        ]
      },
      "properties": {
        "event_id": "AUTO_EV_57923",
        "energia": 5,
        "lisa_cluster": "Low-High (Outlier)",
        "local_moran": -0.07255302888911129
      }
    },
    {
      "type": "Feature",
      "geometry": {
        "type": "Point",
        "coordinates": [
          14.122081600000001,
          40.8101702
        ]
      },
      "properties": {
        "event_id": "AUTO_EV_57924",
        "energia": 5,
        "lisa_cluster": "Low-High (Outlier)",
        "local_moran": -0.07254471695930564
      }
    },
    {
      "type": "Feature",
      "geometry": {
        "type": "Point",
        "coordinates": [
          14.09204,
          40.79638225
        ]
      },
      "properties": {
        "event_id": "AUTO_EV_57925",
        "energia": 4,
        "lisa_cluster": "Low-Low (Coldspot)",
        "local_moran": 0.2776893538482795
      }
    },
    {
      "type": "Feature",
      "geometry": {
        "type": "Point",
        "coordinates": [
          14.113215499999999,
          40.825314750000004
        ]
      },
      "properties": {
        "event_id": "AUTO_EV_57926",
        "energia": 8,
        "lisa_cluster": "High-High (Hotspot)",
        "local_moran": 0.6877825128216909
      }
    },
    {
      "type": "Feature",
      "geometry": {
        "type": "Point",
        "coordinates": [
          14.04204675,
          40.809503
        ]
      },
      "properties": {
        "event_id": "AUTO_EV_57927",
        "energia": 4,
        "lisa_cluster": "Low-Low (Coldspot)",
        "local_moran": 0.3016236118438688
      }
    },
    {
      "type": "Feature",
      "geometry": {
        "type": "Point",
        "coordinates": [
          14.099987500000001,
          40.804556500000004
        ]
      },
      "properties": {
        "event_id": "AUTO_EV_57928",
        "energia": 4,
        "lisa_cluster": "Low-High (Outlier)",
        "local_moran": -0.07868897498785427
      }
    },
    {
      "type": "Feature",
      "geometry": {
        "type": "Point",
        "coordinates": [
          14.11217575,
          40.8097295
        ]
      },
      "properties": {
        "event_id": "AUTO_EV_57929",
        "energia": 4,
        "lisa_cluster": "Low-Low (Coldspot)",
        "local_moran": 0.2441181416297077
      }
    },
    {
      "type": "Feature",
      "geometry": {
        "type": "Point",
        "coordinates": [
          14.086221599999998,
          40.8085074
        ]
      },
      "properties": {
        "event_id": "AUTO_EV_57930",
        "energia": 5,
        "lisa_cluster": "Low-Low (Coldspot)",
        "local_moran": 0.009585543098759166
      }
    },
    {
      "type": "Feature",
      "geometry": {
        "type": "Point",
        "coordinates": [
          14.131568,
          40.81575011111111
        ]
      },
      "properties": {
        "event_id": "AUTO_EV_57931",
        "energia": 9,
        "lisa_cluster": "High-High (Hotspot)",
        "local_moran": 0.4604935560118603
      }
    },
    {
      "type": "Feature",
      "geometry": {
        "type": "Point",
        "coordinates": [
          14.0787895,
          40.7859045
        ]
      },
      "properties": {
        "event_id": "AUTO_EV_57932",
        "energia": 4,
        "lisa_cluster": "Low-Low (Coldspot)",
        "local_moran": 0.3005570866419919
      }
    },
    {
      "type": "Feature",
      "geometry": {
        "type": "Point",
        "coordinates": [
          14.0877654,
          40.806202400000004
        ]
      },
      "properties": {
        "event_id": "AUTO_EV_57933",
        "energia": 5,
        "lisa_cluster": "Low-Low (Coldspot)",
        "local_moran": 0.006210747170529028
      }
    },
    {
      "type": "Feature",
      "geometry": {
        "type": "Point",
        "coordinates": [
          14.072535,
          40.78377375
        ]
      },
      "properties": {
        "event_id": "AUTO_EV_57934",
        "energia": 4,
        "lisa_cluster": "Low-Low (Coldspot)",
        "local_moran": 0.19416791015492812
      }
    },
    {
      "type": "Feature",
      "geometry": {
        "type": "Point",
        "coordinates": [
          14.0575512,
          40.7874234
        ]
      },
      "properties": {
        "event_id": "AUTO_EV_57935",
        "energia": 5,
        "lisa_cluster": "Low-Low (Coldspot)",
        "local_moran": 0.05866985230046007
      }
    },
    {
      "type": "Feature",
      "geometry": {
        "type": "Point",
        "coordinates": [
          14.0694935,
          40.797058750000005
        ]
      },
      "properties": {
        "event_id": "AUTO_EV_57936",
        "energia": 4,
        "lisa_cluster": "Low-Low (Coldspot)",
        "local_moran": 0.2994133252788081
      }
    },
    {
      "type": "Feature",
      "geometry": {
        "type": "Point",
        "coordinates": [
          14.0958158,
          40.8113766
        ]
      },
      "properties": {
        "event_id": "AUTO_EV_57937",
        "energia": 5,
        "lisa_cluster": "Low-Low (Coldspot)",
        "local_moran": 0.014992693461037081
      }
    },
    {
      "type": "Feature",
      "geometry": {
        "type": "Point",
        "coordinates": [
          14.12027625,
          40.823119250000005
        ]
      },
      "properties": {
        "event_id": "AUTO_EV_57938",
        "energia": 4,
        "lisa_cluster": "Low-Low (Coldspot)",
        "local_moran": 0.26463728732341135
      }
    },
    {
      "type": "Feature",
      "geometry": {
        "type": "Point",
        "coordinates": [
          14.039379666666667,
          40.782687333333335
        ]
      },
      "properties": {
        "event_id": "AUTO_EV_57939",
        "energia": 3,
        "lisa_cluster": "Low-Low (Coldspot)",
        "local_moran": 0.9345715770310362
      }
    },
    {
      "type": "Feature",
      "geometry": {
        "type": "Point",
        "coordinates": [
          14.142216200000002,
          40.8262406
        ]
      },
      "properties": {
        "event_id": "AUTO_EV_57940",
        "energia": 5,
        "lisa_cluster": "Low-Low (Coldspot)",
        "local_moran": 0.01782162843505253
      }
    },
    {
      "type": "Feature",
      "geometry": {
        "type": "Point",
        "coordinates": [
          14.091071600000001,
          40.8091604
        ]
      },
      "properties": {
        "event_id": "AUTO_EV_57941",
        "energia": 5,
        "lisa_cluster": "Low-Low (Coldspot)",
        "local_moran": 0.0026946727666621916
      }
    },
    {
      "type": "Feature",
      "geometry": {
        "type": "Point",
        "coordinates": [
          14.073507750000001,
          40.79137825
        ]
      },
      "properties": {
        "event_id": "AUTO_EV_57942",
        "energia": 4,
        "lisa_cluster": "Low-Low (Coldspot)",
        "local_moran": 0.29534356898360675
      }
    },
    {
      "type": "Feature",
      "geometry": {
        "type": "Point",
        "coordinates": [
          14.0902636,
          40.788989400000006
        ]
      },
      "properties": {
        "event_id": "AUTO_EV_57943",
        "energia": 5,
        "lisa_cluster": "Low-Low (Coldspot)",
        "local_moran": 0.01724395582741851
      }
    },
    {
      "type": "Feature",
      "geometry": {
        "type": "Point",
        "coordinates": [
          14.112677,
          40.82260325
        ]
      },
      "properties": {
        "event_id": "AUTO_EV_57944",
        "energia": 4,
        "lisa_cluster": "Low-High (Outlier)",
        "local_moran": -0.3559343500328242
      }
    },
    {
      "type": "Feature",
      "geometry": {
        "type": "Point",
        "coordinates": [
          14.076933499999999,
          40.806007750000006
        ]
      },
      "properties": {
        "event_id": "AUTO_EV_57945",
        "energia": 4,
        "lisa_cluster": "Low-Low (Coldspot)",
        "local_moran": 0.06575168703722147
      }
    },
    {
      "type": "Feature",
      "geometry": {
        "type": "Point",
        "coordinates": [
          14.117446000000001,
          40.8115505
        ]
      },
      "properties": {
        "event_id": "AUTO_EV_57946",
        "energia": 6,
        "lisa_cluster": "High-High (Hotspot)",
        "local_moran": 0.14368676815330478
      }
    },
    {
      "type": "Feature",
      "geometry": {
        "type": "Point",
        "coordinates": [
          14.106684142857144,
          40.81176957142857
        ]
      },
      "properties": {
        "event_id": "AUTO_EV_57947",
        "energia": 7,
        "lisa_cluster": "High-High (Hotspot)",
        "local_moran": 0.26923279994543997
      }
    },
    {
      "type": "Feature",
      "geometry": {
        "type": "Point",
        "coordinates": [
          14.10043875,
          40.795464
        ]
      },
      "properties": {
        "event_id": "AUTO_EV_57948",
        "energia": 4,
        "lisa_cluster": "Low-Low (Coldspot)",
        "local_moran": 0.012804986849164817
      }
    },
    {
      "type": "Feature",
      "geometry": {
        "type": "Point",
        "coordinates": [
          14.11477875,
          40.83185275
        ]
      },
      "properties": {
        "event_id": "AUTO_EV_57949",
        "energia": 4,
        "lisa_cluster": "Low-Low (Coldspot)",
        "local_moran": 0.03073003403378362
      }
    },
    {
      "type": "Feature",
      "geometry": {
        "type": "Point",
        "coordinates": [
          14.097068400000001,
          40.7956354
        ]
      },
      "properties": {
        "event_id": "AUTO_EV_57950",
        "energia": 5,
        "lisa_cluster": "Low-Low (Coldspot)",
        "local_moran": 0.006926768116301082
      }
    },
    {
      "type": "Feature",
      "geometry": {
        "type": "Point",
        "coordinates": [
          14.1155055,
          40.81588283333333
        ]
      },
      "properties": {
        "event_id": "AUTO_EV_57951",
        "energia": 6,
        "lisa_cluster": "High-High (Hotspot)",
        "local_moran": 0.23244016502743325
      }
    },
    {
      "type": "Feature",
      "geometry": {
        "type": "Point",
        "coordinates": [
          14.08478475,
          40.78429825
        ]
      },
      "properties": {
        "event_id": "AUTO_EV_57952",
        "energia": 4,
        "lisa_cluster": "Low-Low (Coldspot)",
        "local_moran": 0.2992487870976221
      }
    },
    {
      "type": "Feature",
      "geometry": {
        "type": "Point",
        "coordinates": [
          14.133301285714285,
          40.81783728571429
        ]
      },
      "properties": {
        "event_id": "AUTO_EV_57953",
        "energia": 7,
        "lisa_cluster": "High-High (Hotspot)",
        "local_moran": 0.1739807269373041
      }
    },
    {
      "type": "Feature",
      "geometry": {
        "type": "Point",
        "coordinates": [
          14.126285999999999,
          40.806788857142855
        ]
      },
      "properties": {
        "event_id": "AUTO_EV_57954",
        "energia": 7,
        "lisa_cluster": "High-High (Hotspot)",
        "local_moran": 0.1400867260164354
      }
    },
    {
      "type": "Feature",
      "geometry": {
        "type": "Point",
        "coordinates": [
          14.079498000000001,
          40.801769666666665
        ]
      },
      "properties": {
        "event_id": "AUTO_EV_57955",
        "energia": 6,
        "lisa_cluster": "High-Low (Outlier)",
        "local_moran": -0.02834838904597576
      }
    },
    {
      "type": "Feature",
      "geometry": {
        "type": "Point",
        "coordinates": [
          14.099064833333335,
          40.81051866666667
        ]
      },
      "properties": {
        "event_id": "AUTO_EV_57956",
        "energia": 6,
        "lisa_cluster": "High-High (Hotspot)",
        "local_moran": 0.05234400917216314
      }
    },
    {
      "type": "Feature",
      "geometry": {
        "type": "Point",
        "coordinates": [
          14.13252575,
          40.819683500000004
        ]
      },
      "properties": {
        "event_id": "AUTO_EV_57957",
        "energia": 4,
        "lisa_cluster": "Low-High (Outlier)",
        "local_moran": -0.18486282956225253
      }
    },
    {
      "type": "Feature",
      "geometry": {
        "type": "Point",
        "coordinates": [
          14.129155833333334,
          40.8110175
        ]
      },
      "properties": {
        "event_id": "AUTO_EV_57958",
        "energia": 6,
        "lisa_cluster": "High-High (Hotspot)",
        "local_moran": 0.0827604023615891
      }
    },
    {
      "type": "Feature",
      "geometry": {
        "type": "Point",
        "coordinates": [
          14.09774575,
          40.80096175
        ]
      },
      "properties": {
        "event_id": "AUTO_EV_57959",
        "energia": 4,
        "lisa_cluster": "Low-High (Outlier)",
        "local_moran": -0.038736352310685465
      }
    },
    {
      "type": "Feature",
      "geometry": {
        "type": "Point",
        "coordinates": [
          14.1488475,
          40.80912325
        ]
      },
      "properties": {
        "event_id": "AUTO_EV_57960",
        "energia": 4,
        "lisa_cluster": "Low-Low (Coldspot)",
        "local_moran": 0.14594543205694976
      }
    },
    {
      "type": "Feature",
      "geometry": {
        "type": "Point",
        "coordinates": [
          14.1301168,
          40.8026744
        ]
      },
      "properties": {
        "event_id": "AUTO_EV_57961",
        "energia": 5,
        "lisa_cluster": "Low-Low (Coldspot)",
        "local_moran": 0.018520086534384722
      }
    },
    {
      "type": "Feature",
      "geometry": {
        "type": "Point",
        "coordinates": [
          14.089695142857142,
          40.792474285714285
        ]
      },
      "properties": {
        "event_id": "AUTO_EV_57962",
        "energia": 7,
        "lisa_cluster": "High-Low (Outlier)",
        "local_moran": -0.11186387625237626
      }
    },
    {
      "type": "Feature",
      "geometry": {
        "type": "Point",
        "coordinates": [
          14.14229475,
          40.840717999999995
        ]
      },
      "properties": {
        "event_id": "AUTO_EV_57963",
        "energia": 4,
        "lisa_cluster": "Low-Low (Coldspot)",
        "local_moran": 0.2877127032863434
      }
    },
    {
      "type": "Feature",
      "geometry": {
        "type": "Point",
        "coordinates": [
          14.149090000000001,
          40.8314565
        ]
      },
      "properties": {
        "event_id": "AUTO_EV_57964",
        "energia": 4,
        "lisa_cluster": "Low-Low (Coldspot)",
        "local_moran": 0.12959792653448515
      }
    },
    {
      "type": "Feature",
      "geometry": {
        "type": "Point",
        "coordinates": [
          14.0979716,
          40.7910236
        ]
      },
      "properties": {
        "event_id": "AUTO_EV_57965",
        "energia": 5,
        "lisa_cluster": "Low-Low (Coldspot)",
        "local_moran": 0.013179843705921637
      }
    },
    {
      "type": "Feature",
      "geometry": {
        "type": "Point",
        "coordinates": [
          14.114006833333335,
          40.800183
        ]
      },
      "properties": {
        "event_id": "AUTO_EV_57966",
        "energia": 6,
        "lisa_cluster": "High-High (Hotspot)",
        "local_moran": 0.0004726225192829276
      }
    },
    {
      "type": "Feature",
      "geometry": {
        "type": "Point",
        "coordinates": [
          14.109796,
          40.81927075
        ]
      },
      "properties": {
        "event_id": "AUTO_EV_57967",
        "energia": 4,
        "lisa_cluster": "Low-High (Outlier)",
        "local_moran": -0.33695217493722107
      }
    },
    {
      "type": "Feature",
      "geometry": {
        "type": "Point",
        "coordinates": [
          14.0936695,
          40.793698
        ]
      },
      "properties": {
        "event_id": "AUTO_EV_57968",
        "energia": 4,
        "lisa_cluster": "Low-Low (Coldspot)",
        "local_moran": 0.009173290489494307
      }
    },
    {
      "type": "Feature",
      "geometry": {
        "type": "Point",
        "coordinates": [
          14.1247474,
          40.808583600000006
        ]
      },
      "properties": {
        "event_id": "AUTO_EV_57969",
        "energia": 5,
        "lisa_cluster": "Low-High (Outlier)",
        "local_moran": -0.0394038433983721
      }
    },
    {
      "type": "Feature",
      "geometry": {
        "type": "Point",
        "coordinates": [
          14.093273,
          40.798672
        ]
      },
      "properties": {
        "event_id": "AUTO_EV_57970",
        "energia": 4,
        "lisa_cluster": "Low-Low (Coldspot)",
        "local_moran": 0.008516061934261972
      }
    },
    {
      "type": "Feature",
      "geometry": {
        "type": "Point",
        "coordinates": [
          14.079417999999999,
          40.8071172
        ]
      },
      "properties": {
        "event_id": "AUTO_EV_57971",
        "energia": 5,
        "lisa_cluster": "Low-Low (Coldspot)",
        "local_moran": 0.017158612337308726
      }
    },
    {
      "type": "Feature",
      "geometry": {
        "type": "Point",
        "coordinates": [
          14.1304848,
          40.819750799999994
        ]
      },
      "properties": {
        "event_id": "AUTO_EV_57972",
        "energia": 5,
        "lisa_cluster": "Low-High (Outlier)",
        "local_moran": -0.05564188203424926
      }
    },
    {
      "type": "Feature",
      "geometry": {
        "type": "Point",
        "coordinates": [
          14.072230000000001,
          40.78375425
        ]
      },
      "properties": {
        "event_id": "AUTO_EV_57973",
        "energia": 4,
        "lisa_cluster": "Low-Low (Coldspot)",
        "local_moran": 0.19525610941120541
      }
    },
    {
      "type": "Feature",
      "geometry": {
        "type": "Point",
        "coordinates": [
          14.121481750000001,
          40.810381750000005
        ]
      },
      "properties": {
        "event_id": "AUTO_EV_57974",
        "energia": 4,
        "lisa_cluster": "Low-Low (Coldspot)",
        "local_moran": 0.28503291290313043
      }
    },
    {
      "type": "Feature",
      "geometry": {
        "type": "Point",
        "coordinates": [
          14.140014,
          40.815385750000004
        ]
      },
      "properties": {
        "event_id": "AUTO_EV_57975",
        "energia": 4,
        "lisa_cluster": "Low-Low (Coldspot)",
        "local_moran": 0.28128794885324976
      }
    },
    {
      "type": "Feature",
      "geometry": {
        "type": "Point",
        "coordinates": [
          14.05096125,
          40.792054750000005
        ]
      },
      "properties": {
        "event_id": "AUTO_EV_57976",
        "energia": 4,
        "lisa_cluster": "Low-Low (Coldspot)",
        "local_moran": 0.3015245898443712
      }
    },
    {
      "type": "Feature",
      "geometry": {
        "type": "Point",
        "coordinates": [
          14.058138,
          40.78908725
        ]
      },
      "properties": {
        "event_id": "AUTO_EV_57977",
        "energia": 4,
        "lisa_cluster": "Low-Low (Coldspot)",
        "local_moran": 0.3014388944729607
      }
    },
    {
      "type": "Feature",
      "geometry": {
        "type": "Point",
        "coordinates": [
          14.1261066,
          40.8121086
        ]
      },
      "properties": {
        "event_id": "AUTO_EV_57978",
        "energia": 5,
        "lisa_cluster": "Low-Low (Coldspot)",
        "local_moran": 0.010838478560887425
      }
    },
    {
      "type": "Feature",
      "geometry": {
        "type": "Point",
        "coordinates": [
          14.074335333333332,
          40.812334
        ]
      },
      "properties": {
        "event_id": "AUTO_EV_57979",
        "energia": 3,
        "lisa_cluster": "Low-Low (Coldspot)",
        "local_moran": 0.18437730527808327
      }
    },
    {
      "type": "Feature",
      "geometry": {
        "type": "Point",
        "coordinates": [
          14.08478475,
          40.78429825
        ]
      },
      "properties": {
        "event_id": "AUTO_EV_57980",
        "energia": 4,
        "lisa_cluster": "Low-Low (Coldspot)",
        "local_moran": 0.2992487870976221
      }
    },
    {
      "type": "Feature",
      "geometry": {
        "type": "Point",
        "coordinates": [
          14.089746,
          40.799286
        ]
      },
      "properties": {
        "event_id": "AUTO_EV_57981",
        "energia": 5,
        "lisa_cluster": "Low-Low (Coldspot)",
        "local_moran": 0.016081668808000025
      }
    },
    {
      "type": "Feature",
      "geometry": {
        "type": "Point",
        "coordinates": [
          14.140763,
          40.80989675
        ]
      },
      "properties": {
        "event_id": "AUTO_EV_57982",
        "energia": 4,
        "lisa_cluster": "Low-Low (Coldspot)",
        "local_moran": 0.2979229811347687
      }
    },
    {
      "type": "Feature",
      "geometry": {
        "type": "Point",
        "coordinates": [
          14.0776605,
          40.79166925
        ]
      },
      "properties": {
        "event_id": "AUTO_EV_57983",
        "energia": 4,
        "lisa_cluster": "Low-Low (Coldspot)",
        "local_moran": 0.29733879313893163
      }
    },
    {
      "type": "Feature",
      "geometry": {
        "type": "Point",
        "coordinates": [
          14.064591000000002,
          40.7978582
        ]
      },
      "properties": {
        "event_id": "AUTO_EV_57984",
        "energia": 5,
        "lisa_cluster": "Low-Low (Coldspot)",
        "local_moran": 0.04158625133287015
      }
    },
    {
      "type": "Feature",
      "geometry": {
        "type": "Point",
        "coordinates": [
          14.076823999999998,
          40.787649800000004
        ]
      },
      "properties": {
        "event_id": "AUTO_EV_57985",
        "energia": 5,
        "lisa_cluster": "Low-Low (Coldspot)",
        "local_moran": 0.0338645813456628
      }
    },
    {
      "type": "Feature",
      "geometry": {
        "type": "Point",
        "coordinates": [
          14.090307333333334,
          40.819219
        ]
      },
      "properties": {
        "event_id": "AUTO_EV_57986",
        "energia": 3,
        "lisa_cluster": "Low-Low (Coldspot)",
        "local_moran": 0.0954361382813357
      }
    },
    {
      "type": "Feature",
      "geometry": {
        "type": "Point",
        "coordinates": [
          14.0588975,
          40.8004425
        ]
      },
      "properties": {
        "event_id": "AUTO_EV_57987",
        "energia": 4,
        "lisa_cluster": "Low-Low (Coldspot)",
        "local_moran": 0.2083174864548326
      }
    },
    {
      "type": "Feature",
      "geometry": {
        "type": "Point",
        "coordinates": [
          14.097519,
          40.79746275
        ]
      },
      "properties": {
        "event_id": "AUTO_EV_57988",
        "energia": 4,
        "lisa_cluster": "Low-Low (Coldspot)",
        "local_moran": 0.00038122089160632863
      }
    },
    {
      "type": "Feature",
      "geometry": {
        "type": "Point",
        "coordinates": [
          14.105364,
          40.8013516
        ]
      },
      "properties": {
        "event_id": "AUTO_EV_57989",
        "energia": 5,
        "lisa_cluster": "Low-High (Outlier)",
        "local_moran": -0.014304826477691188
      }
    },
    {
      "type": "Feature",
      "geometry": {
        "type": "Point",
        "coordinates": [
          14.11724025,
          40.79398125
        ]
      },
      "properties": {
        "event_id": "AUTO_EV_57990",
        "energia": 4,
        "lisa_cluster": "Low-Low (Coldspot)",
        "local_moran": 0.08449827576168584
      }
    },
    {
      "type": "Feature",
      "geometry": {
        "type": "Point",
        "coordinates": [
          14.1152056,
          40.8366568
        ]
      },
      "properties": {
        "event_id": "AUTO_EV_57991",
        "energia": 5,
        "lisa_cluster": "Low-Low (Coldspot)",
        "local_moran": 0.03309966305343701
      }
    },
    {
      "type": "Feature",
      "geometry": {
        "type": "Point",
        "coordinates": [
          14.16456425,
          40.82814075
        ]
      },
      "properties": {
        "event_id": "AUTO_EV_57992",
        "energia": 4,
        "lisa_cluster": "Low-Low (Coldspot)",
        "local_moran": 0.22872978640334524
      }
    },
    {
      "type": "Feature",
      "geometry": {
        "type": "Point",
        "coordinates": [
          14.10020275,
          40.794241
        ]
      },
      "properties": {
        "event_id": "AUTO_EV_57993",
        "energia": 4,
        "lisa_cluster": "Low-Low (Coldspot)",
        "local_moran": 0.29472954143518115
      }
    },
    {
      "type": "Feature",
      "geometry": {
        "type": "Point",
        "coordinates": [
          14.12898475,
          40.804103
        ]
      },
      "properties": {
        "event_id": "AUTO_EV_57994",
        "energia": 4,
        "lisa_cluster": "Low-Low (Coldspot)",
        "local_moran": 0.2768673147099089
      }
    },
    {
      "type": "Feature",
      "geometry": {
        "type": "Point",
        "coordinates": [
          14.128856200000001,
          40.8181294
        ]
      },
      "properties": {
        "event_id": "AUTO_EV_57995",
        "energia": 5,
        "lisa_cluster": "Low-High (Outlier)",
        "local_moran": -0.06512452820847499
      }
    },
    {
      "type": "Feature",
      "geometry": {
        "type": "Point",
        "coordinates": [
          14.0903025,
          40.791201666666666
        ]
      },
      "properties": {
        "event_id": "AUTO_EV_57996",
        "energia": 6,
        "lisa_cluster": "High-Low (Outlier)",
        "local_moran": -0.05767776843856281
      }
    },
    {
      "type": "Feature",
      "geometry": {
        "type": "Point",
        "coordinates": [
          14.128534833333333,
          40.806468833333334
        ]
      },
      "properties": {
        "event_id": "AUTO_EV_57997",
        "energia": 6,
        "lisa_cluster": "High-High (Hotspot)",
        "local_moran": 0.08113155941494485
      }
    },
    {
      "type": "Feature",
      "geometry": {
        "type": "Point",
        "coordinates": [
          14.133509428571429,
          40.81040385714285
        ]
      },
      "properties": {
        "event_id": "AUTO_EV_57998",
        "energia": 7,
        "lisa_cluster": "High-High (Hotspot)",
        "local_moran": 0.04609518233560398
      }
    },
    {
      "type": "Feature",
      "geometry": {
        "type": "Point",
        "coordinates": [
          14.160179666666666,
          40.83276933333334
        ]
      },
      "properties": {
        "event_id": "AUTO_EV_57999",
        "energia": 3,
        "lisa_cluster": "Low-Low (Coldspot)",
        "local_moran": 0.337887171124639
      }
    },
    {
      "type": "Feature",
      "geometry": {
        "type": "Point",
        "coordinates": [
          14.08574625,
          40.810162
        ]
      },
      "properties": {
        "event_id": "AUTO_EV_58000",
        "energia": 4,
        "lisa_cluster": "Low-Low (Coldspot)",
        "local_moran": 0.062115600874837945
      }
    },
    {
      "type": "Feature",
      "geometry": {
        "type": "Point",
        "coordinates": [
          14.09193275,
          40.7871565
        ]
      },
      "properties": {
        "event_id": "AUTO_EV_58001",
        "energia": 4,
        "lisa_cluster": "Low-Low (Coldspot)",
        "local_moran": 0.2986543183580045
      }
    },
    {
      "type": "Feature",
      "geometry": {
        "type": "Point",
        "coordinates": [
          14.104515,
          40.80272775
        ]
      },
      "properties": {
        "event_id": "AUTO_EV_58002",
        "energia": 4,
        "lisa_cluster": "Low-Low (Coldspot)",
        "local_moran": 0.2827571084515099
      }
    },
    {
      "type": "Feature",
      "geometry": {
        "type": "Point",
        "coordinates": [
          14.109512333333333,
          40.809023833333335
        ]
      },
      "properties": {
        "event_id": "AUTO_EV_58003",
        "energia": 6,
        "lisa_cluster": "High-High (Hotspot)",
        "local_moran": 0.0928927475938887
      }
    },
    {
      "type": "Feature",
      "geometry": {
        "type": "Point",
        "coordinates": [
          14.071634166666668,
          40.79286366666667
        ]
      },
      "properties": {
        "event_id": "AUTO_EV_58004",
        "energia": 6,
        "lisa_cluster": "High-Low (Outlier)",
        "local_moran": -0.06954962726862272
      }
    },
    {
      "type": "Feature",
      "geometry": {
        "type": "Point",
        "coordinates": [
          14.080165833333334,
          40.7963675
        ]
      },
      "properties": {
        "event_id": "AUTO_EV_58005",
        "energia": 6,
        "lisa_cluster": "High-Low (Outlier)",
        "local_moran": -0.03574750297508834
      }
    },
    {
      "type": "Feature",
      "geometry": {
        "type": "Point",
        "coordinates": [
          14.1058225,
          40.797371999999996
        ]
      },
      "properties": {
        "event_id": "AUTO_EV_58006",
        "energia": 4,
        "lisa_cluster": "Low-Low (Coldspot)",
        "local_moran": 0.27519419723092037
      }
    },
    {
      "type": "Feature",
      "geometry": {
        "type": "Point",
        "coordinates": [
          14.116924599999999,
          40.8187756
        ]
      },
      "properties": {
        "event_id": "AUTO_EV_58007",
        "energia": 5,
        "lisa_cluster": "Low-High (Outlier)",
        "local_moran": -0.11545061409641647
      }
    },
    {
      "type": "Feature",
      "geometry": {
        "type": "Point",
        "coordinates": [
          14.114772333333335,
          40.800185
        ]
      },
      "properties": {
        "event_id": "AUTO_EV_58008",
        "energia": 3,
        "lisa_cluster": "Low-Low (Coldspot)",
        "local_moran": 0.8946403598698567
      }
    },
    {
      "type": "Feature",
      "geometry": {
        "type": "Point",
        "coordinates": [
          14.12988725,
          40.806734750000004
        ]
      },
      "properties": {
        "event_id": "AUTO_EV_58009",
        "energia": 4,
        "lisa_cluster": "Low-High (Outlier)",
        "local_moran": -0.0654589700191344
      }
    },
    {
      "type": "Feature",
      "geometry": {
        "type": "Point",
        "coordinates": [
          14.109558400000001,
          40.8012376
        ]
      },
      "properties": {
        "event_id": "AUTO_EV_58010",
        "energia": 5,
        "lisa_cluster": "Low-High (Outlier)",
        "local_moran": -0.017181141526434334
      }
    },
    {
      "type": "Feature",
      "geometry": {
        "type": "Point",
        "coordinates": [
          14.110766000000002,
          40.8109138
        ]
      },
      "properties": {
        "event_id": "AUTO_EV_58011",
        "energia": 5,
        "lisa_cluster": "Low-High (Outlier)",
        "local_moran": -0.06058332152538442
      }
    },
    {
      "type": "Feature",
      "geometry": {
        "type": "Point",
        "coordinates": [
          14.092103833333333,
          40.80225816666667
        ]
      },
      "properties": {
        "event_id": "AUTO_EV_58012",
        "energia": 6,
        "lisa_cluster": "High-High (Hotspot)",
        "local_moran": 0.07600124428193562
      }
    },
    {
      "type": "Feature",
      "geometry": {
        "type": "Point",
        "coordinates": [
          14.1190866,
          40.8004074
        ]
      },
      "properties": {
        "event_id": "AUTO_EV_58013",
        "energia": 5,
        "lisa_cluster": "Low-Low (Coldspot)",
        "local_moran": 0.0014512075444554006
      }
    },
    {
      "type": "Feature",
      "geometry": {
        "type": "Point",
        "coordinates": [
          14.142307666666667,
          40.79594133333333
        ]
      },
      "properties": {
        "event_id": "AUTO_EV_58014",
        "energia": 3,
        "lisa_cluster": "Low-Low (Coldspot)",
        "local_moran": 0.9266083286512029
      }
    },
    {
      "type": "Feature",
      "geometry": {
        "type": "Point",
        "coordinates": [
          14.066771399999999,
          40.8049902
        ]
      },
      "properties": {
        "event_id": "AUTO_EV_58015",
        "energia": 5,
        "lisa_cluster": "Low-Low (Coldspot)",
        "local_moran": 0.017876707051256487
      }
    },
    {
      "type": "Feature",
      "geometry": {
        "type": "Point",
        "coordinates": [
          14.130068666666666,
          40.81176822222223
        ]
      },
      "properties": {
        "event_id": "AUTO_EV_58016",
        "energia": 9,
        "lisa_cluster": "High-High (Hotspot)",
        "local_moran": 0.4461882979174063
      }
    },
    {
      "type": "Feature",
      "geometry": {
        "type": "Point",
        "coordinates": [
          14.092687,
          40.7835115
        ]
      },
      "properties": {
        "event_id": "AUTO_EV_58017",
        "energia": 4,
        "lisa_cluster": "Low-Low (Coldspot)",
        "local_moran": 0.30083842802903327
      }
    },
    {
      "type": "Feature",
      "geometry": {
        "type": "Point",
        "coordinates": [
          14.138847833333335,
          40.80833533333333
        ]
      },
      "properties": {
        "event_id": "AUTO_EV_58018",
        "energia": 6,
        "lisa_cluster": "High-Low (Outlier)",
        "local_moran": -0.04073885198555191
      }
    },
    {
      "type": "Feature",
      "geometry": {
        "type": "Point",
        "coordinates": [
          14.068790333333332,
          40.811806999999995
        ]
      },
      "properties": {
        "event_id": "AUTO_EV_58019",
        "energia": 6,
        "lisa_cluster": "High-Low (Outlier)",
        "local_moran": -0.08208826280443508
      }
    },
    {
      "type": "Feature",
      "geometry": {
        "type": "Point",
        "coordinates": [
          14.092419000000001,
          40.812344
        ]
      },
      "properties": {
        "event_id": "AUTO_EV_58020",
        "energia": 5,
        "lisa_cluster": "Low-Low (Coldspot)",
        "local_moran": 0.016649811450417162
      }
    },
    {
      "type": "Feature",
      "geometry": {
        "type": "Point",
        "coordinates": [
          14.134388999999999,
          40.81041075
        ]
      },
      "properties": {
        "event_id": "AUTO_EV_58021",
        "energia": 4,
        "lisa_cluster": "Low-Low (Coldspot)",
        "local_moran": 0.2970664931531681
      }
    },
    {
      "type": "Feature",
      "geometry": {
        "type": "Point",
        "coordinates": [
          14.095432166666667,
          40.80742766666666
        ]
      },
      "properties": {
        "event_id": "AUTO_EV_58022",
        "energia": 6,
        "lisa_cluster": "High-High (Hotspot)",
        "local_moran": 0.03281197536937846
      }
    },
    {
      "type": "Feature",
      "geometry": {
        "type": "Point",
        "coordinates": [
          14.09803875,
          40.804984000000005
        ]
      },
      "properties": {
        "event_id": "AUTO_EV_58023",
        "energia": 8,
        "lisa_cluster": "High-High (Hotspot)",
        "local_moran": 0.12183987235867155
      }
    },
    {
      "type": "Feature",
      "geometry": {
        "type": "Point",
        "coordinates": [
          14.0916268,
          40.796313600000005
        ]
      },
      "properties": {
        "event_id": "AUTO_EV_58024",
        "energia": 5,
        "lisa_cluster": "Low-Low (Coldspot)",
        "local_moran": 0.008191404012725664
      }
    },
    {
      "type": "Feature",
      "geometry": {
        "type": "Point",
        "coordinates": [
          14.0514656,
          40.7970974
        ]
      },
      "properties": {
        "event_id": "AUTO_EV_58025",
        "energia": 5,
        "lisa_cluster": "Low-Low (Coldspot)",
        "local_moran": 0.058771341038074215
      }
    },
    {
      "type": "Feature",
      "geometry": {
        "type": "Point",
        "coordinates": [
          14.096937857142859,
          40.81201285714286
        ]
      },
      "properties": {
        "event_id": "AUTO_EV_58026",
        "energia": 7,
        "lisa_cluster": "High-High (Hotspot)",
        "local_moran": 0.10439722592395237
      }
    },
    {
      "type": "Feature",
      "geometry": {
        "type": "Point",
        "coordinates": [
          14.101116833333334,
          40.813456
        ]
      },
      "properties": {
        "event_id": "AUTO_EV_58027",
        "energia": 6,
        "lisa_cluster": "High-High (Hotspot)",
        "local_moran": 0.06125990052126615
      }
    },
    {
      "type": "Feature",
      "geometry": {
        "type": "Point",
        "coordinates": [
          14.11330342857143,
          40.79933757142857
        ]
      },
      "properties": {
        "event_id": "AUTO_EV_58028",
        "energia": 7,
        "lisa_cluster": "High-Low (Outlier)",
        "local_moran": -8.159790616591987e-05
      }
    },
    {
      "type": "Feature",
      "geometry": {
        "type": "Point",
        "coordinates": [
          14.06235925,
          40.79262325
        ]
      },
      "properties": {
        "event_id": "AUTO_EV_58029",
        "energia": 4,
        "lisa_cluster": "Low-Low (Coldspot)",
        "local_moran": 0.30054339490732357
      }
    },
    {
      "type": "Feature",
      "geometry": {
        "type": "Point",
        "coordinates": [
          14.101956000000001,
          40.7937382
        ]
      },
      "properties": {
        "event_id": "AUTO_EV_58030",
        "energia": 5,
        "lisa_cluster": "Low-Low (Coldspot)",
        "local_moran": 0.016901631899492328
      }
    },
    {
      "type": "Feature",
      "geometry": {
        "type": "Point",
        "coordinates": [
          14.059159333333334,
          40.78113066666666
        ]
      },
      "properties": {
        "event_id": "AUTO_EV_58031",
        "energia": 3,
        "lisa_cluster": "Low-Low (Coldspot)",
        "local_moran": 0.9332294375613778
      }
    },
    {
      "type": "Feature",
      "geometry": {
        "type": "Point",
        "coordinates": [
          14.132531666666667,
          40.805398000000004
        ]
      },
      "properties": {
        "event_id": "AUTO_EV_58032",
        "energia": 6,
        "lisa_cluster": "High-Low (Outlier)",
        "local_moran": -0.03039026651089313
      }
    },
    {
      "type": "Feature",
      "geometry": {
        "type": "Point",
        "coordinates": [
          14.141583666666667,
          40.823841666666674
        ]
      },
      "properties": {
        "event_id": "AUTO_EV_58033",
        "energia": 3,
        "lisa_cluster": "Low-Low (Coldspot)",
        "local_moran": 0.06719776145623621
      }
    },
    {
      "type": "Feature",
      "geometry": {
        "type": "Point",
        "coordinates": [
          14.066993166666668,
          40.787965
        ]
      },
      "properties": {
        "event_id": "AUTO_EV_58034",
        "energia": 6,
        "lisa_cluster": "High-High (Hotspot)",
        "local_moran": 0.08019776300047157
      }
    },
    {
      "type": "Feature",
      "geometry": {
        "type": "Point",
        "coordinates": [
          14.14981075,
          40.81862925
        ]
      },
      "properties": {
        "event_id": "AUTO_EV_58035",
        "energia": 4,
        "lisa_cluster": "Low-Low (Coldspot)",
        "local_moran": 0.11103454131147264
      }
    },
    {
      "type": "Feature",
      "geometry": {
        "type": "Point",
        "coordinates": [
          14.10266,
          40.794658999999996
        ]
      },
      "properties": {
        "event_id": "AUTO_EV_58036",
        "energia": 4,
        "lisa_cluster": "Low-Low (Coldspot)",
        "local_moran": 0.2822093717770515
      }
    },
    {
      "type": "Feature",
      "geometry": {
        "type": "Point",
        "coordinates": [
          14.101956000000001,
          40.7937382
        ]
      },
      "properties": {
        "event_id": "AUTO_EV_58037",
        "energia": 5,
        "lisa_cluster": "Low-Low (Coldspot)",
        "local_moran": 0.016901631899492325
      }
    },
    {
      "type": "Feature",
      "geometry": {
        "type": "Point",
        "coordinates": [
          14.0942576,
          40.7951928
        ]
      },
      "properties": {
        "event_id": "AUTO_EV_58038",
        "energia": 5,
        "lisa_cluster": "Low-Low (Coldspot)",
        "local_moran": 0.01600334866732172
      }
    },
    {
      "type": "Feature",
      "geometry": {
        "type": "Point",
        "coordinates": [
          14.100103285714285,
          40.80622157142857
        ]
      },
      "properties": {
        "event_id": "AUTO_EV_58039",
        "energia": 7,
        "lisa_cluster": "High-High (Hotspot)",
        "local_moran": 0.11138440858600844
      }
    },
    {
      "type": "Feature",
      "geometry": {
        "type": "Point",
        "coordinates": [
          14.0994485,
          40.797886
        ]
      },
      "properties": {
        "event_id": "AUTO_EV_58040",
        "energia": 4,
        "lisa_cluster": "Low-Low (Coldspot)",
        "local_moran": 0.28661101598759686
      }
    },
    {
      "type": "Feature",
      "geometry": {
        "type": "Point",
        "coordinates": [
          14.102477714285714,
          40.80824728571429
        ]
      },
      "properties": {
        "event_id": "AUTO_EV_58041",
        "energia": 7,
        "lisa_cluster": "High-High (Hotspot)",
        "local_moran": 0.16142039254936
      }
    },
    {
      "type": "Feature",
      "geometry": {
        "type": "Point",
        "coordinates": [
          14.091016833333333,
          40.803089166666666
        ]
      },
      "properties": {
        "event_id": "AUTO_EV_58042",
        "energia": 6,
        "lisa_cluster": "High-Low (Outlier)",
        "local_moran": -0.014649463932695466
      }
    },
    {
      "type": "Feature",
      "geometry": {
        "type": "Point",
        "coordinates": [
          14.106414857142857,
          40.79962085714286
        ]
      },
      "properties": {
        "event_id": "AUTO_EV_58043",
        "energia": 7,
        "lisa_cluster": "High-High (Hotspot)",
        "local_moran": 0.04433975607365021
      }
    },
    {
      "type": "Feature",
      "geometry": {
        "type": "Point",
        "coordinates": [
          14.12742825,
          40.8481435
        ]
      },
      "properties": {
        "event_id": "AUTO_EV_58044",
        "energia": 4,
        "lisa_cluster": "Low-Low (Coldspot)",
        "local_moran": 0.20059045183359372
      }
    },
    {
      "type": "Feature",
      "geometry": {
        "type": "Point",
        "coordinates": [
          14.076027000000002,
          40.785644
        ]
      },
      "properties": {
        "event_id": "AUTO_EV_58045",
        "energia": 6,
        "lisa_cluster": "High-Low (Outlier)",
        "local_moran": -0.09057844363444317
      }
    },
    {
      "type": "Feature",
      "geometry": {
        "type": "Point",
        "coordinates": [
          14.1268655,
          40.81228975
        ]
      },
      "properties": {
        "event_id": "AUTO_EV_58046",
        "energia": 4,
        "lisa_cluster": "Low-Low (Coldspot)",
        "local_moran": 0.2519117272847214
      }
    },
    {
      "type": "Feature",
      "geometry": {
        "type": "Point",
        "coordinates": [
          14.067811,
          40.793031500000005
        ]
      },
      "properties": {
        "event_id": "AUTO_EV_58047",
        "energia": 6,
        "lisa_cluster": "High-Low (Outlier)",
        "local_moran": -0.08397650276438144
      }
    },
    {
      "type": "Feature",
      "geometry": {
        "type": "Point",
        "coordinates": [
          14.108955,
          40.8041536
        ]
      },
      "properties": {
        "event_id": "AUTO_EV_58048",
        "energia": 5,
        "lisa_cluster": "Low-High (Outlier)",
        "local_moran": -0.02231866023282706
      }
    },
    {
      "type": "Feature",
      "geometry": {
        "type": "Point",
        "coordinates": [
          14.09193275,
          40.7871565
        ]
      },
      "properties": {
        "event_id": "AUTO_EV_58049",
        "energia": 4,
        "lisa_cluster": "Low-Low (Coldspot)",
        "local_moran": 0.2986543183580045
      }
    },
    {
      "type": "Feature",
      "geometry": {
        "type": "Point",
        "coordinates": [
          14.056875,
          40.7863788
        ]
      },
      "properties": {
        "event_id": "AUTO_EV_58050",
        "energia": 5,
        "lisa_cluster": "Low-Low (Coldspot)",
        "local_moran": 0.05896522695029916
      }
    },
    {
      "type": "Feature",
      "geometry": {
        "type": "Point",
        "coordinates": [
          14.081736750000001,
          40.798933000000005
        ]
      },
      "properties": {
        "event_id": "AUTO_EV_58051",
        "energia": 4,
        "lisa_cluster": "Low-Low (Coldspot)",
        "local_moran": 0.28638007878947147
      }
    },
    {
      "type": "Feature",
      "geometry": {
        "type": "Point",
        "coordinates": [
          14.0636798,
          40.7930248
        ]
      },
      "properties": {
        "event_id": "AUTO_EV_58052",
        "energia": 5,
        "lisa_cluster": "Low-Low (Coldspot)",
        "local_moran": 0.04721861677855474
      }
    },
    {
      "type": "Feature",
      "geometry": {
        "type": "Point",
        "coordinates": [
          14.1305045,
          40.82040775
        ]
      },
      "properties": {
        "event_id": "AUTO_EV_58053",
        "energia": 4,
        "lisa_cluster": "Low-High (Outlier)",
        "local_moran": -0.24555647219329363
      }
    },
    {
      "type": "Feature",
      "geometry": {
        "type": "Point",
        "coordinates": [
          14.0927582,
          40.8203866
        ]
      },
      "properties": {
        "event_id": "AUTO_EV_58054",
        "energia": 5,
        "lisa_cluster": "Low-Low (Coldspot)",
        "local_moran": 0.005191165905014712
      }
    },
    {
      "type": "Feature",
      "geometry": {
        "type": "Point",
        "coordinates": [
          14.0612932,
          40.8024784
        ]
      },
      "properties": {
        "event_id": "AUTO_EV_58055",
        "energia": 5,
        "lisa_cluster": "Low-Low (Coldspot)",
        "local_moran": 0.048733987944978754
      }
    },
    {
      "type": "Feature",
      "geometry": {
        "type": "Point",
        "coordinates": [
          14.094123249999999,
          40.81064425
        ]
      },
      "properties": {
        "event_id": "AUTO_EV_58056",
        "energia": 4,
        "lisa_cluster": "Low-High (Outlier)",
        "local_moran": -0.03895561575750158
      }
    },
    {
      "type": "Feature",
      "geometry": {
        "type": "Point",
        "coordinates": [
          14.117535666666667,
          40.814770833333334
        ]
      },
      "properties": {
        "event_id": "AUTO_EV_58057",
        "energia": 6,
        "lisa_cluster": "High-High (Hotspot)",
        "local_moran": 0.19596254746424688
      }
    },
    {
      "type": "Feature",
      "geometry": {
        "type": "Point",
        "coordinates": [
          14.08767425,
          40.814612249999996
        ]
      },
      "properties": {
        "event_id": "AUTO_EV_58058",
        "energia": 4,
        "lisa_cluster": "Low-Low (Coldspot)",
        "local_moran": 0.047192605922048124
      }
    },
    {
      "type": "Feature",
      "geometry": {
        "type": "Point",
        "coordinates": [
          14.0814504,
          40.7935698
        ]
      },
      "properties": {
        "event_id": "AUTO_EV_58059",
        "energia": 5,
        "lisa_cluster": "Low-Low (Coldspot)",
        "local_moran": 0.017237284767826978
      }
    },
    {
      "type": "Feature",
      "geometry": {
        "type": "Point",
        "coordinates": [
          14.14728,
          40.82549916666667
        ]
      },
      "properties": {
        "event_id": "AUTO_EV_58060",
        "energia": 6,
        "lisa_cluster": "High-Low (Outlier)",
        "local_moran": -0.04183950300105589
      }
    },
    {
      "type": "Feature",
      "geometry": {
        "type": "Point",
        "coordinates": [
          14.153193142857143,
          40.821301285714284
        ]
      },
      "properties": {
        "event_id": "AUTO_EV_58061",
        "energia": 7,
        "lisa_cluster": "High-Low (Outlier)",
        "local_moran": -0.18392779666484296
      }
    },
    {
      "type": "Feature",
      "geometry": {
        "type": "Point",
        "coordinates": [
          14.05168175,
          40.81204575
        ]
      },
      "properties": {
        "event_id": "AUTO_EV_58062",
        "energia": 4,
        "lisa_cluster": "Low-Low (Coldspot)",
        "local_moran": 0.24852171246011245
      }
    },
    {
      "type": "Feature",
      "geometry": {
        "type": "Point",
        "coordinates": [
          14.10697325,
          40.808238
        ]
      },
      "properties": {
        "event_id": "AUTO_EV_58063",
        "energia": 4,
        "lisa_cluster": "Low-High (Outlier)",
        "local_moran": -0.2170789705339747
      }
    },
    {
      "type": "Feature",
      "geometry": {
        "type": "Point",
        "coordinates": [
          14.089285571428572,
          40.80388742857143
        ]
      },
      "properties": {
        "event_id": "AUTO_EV_58064",
        "energia": 7,
        "lisa_cluster": "High-High (Hotspot)",
        "local_moran": 0.014020727881193918
      }
    },
    {
      "type": "Feature",
      "geometry": {
        "type": "Point",
        "coordinates": [
          14.0896024,
          40.8091492
        ]
      },
      "properties": {
        "event_id": "AUTO_EV_58065",
        "energia": 5,
        "lisa_cluster": "Low-Low (Coldspot)",
        "local_moran": 0.0020798931461386816
      }
    },
    {
      "type": "Feature",
      "geometry": {
        "type": "Point",
        "coordinates": [
          14.093745499999999,
          40.80376616666667
        ]
      },
      "properties": {
        "event_id": "AUTO_EV_58066",
        "energia": 6,
        "lisa_cluster": "High-High (Hotspot)",
        "local_moran": 0.0145165906453355
      }
    },
    {
      "type": "Feature",
      "geometry": {
        "type": "Point",
        "coordinates": [
          14.070461599999998,
          40.8222994
        ]
      },
      "properties": {
        "event_id": "AUTO_EV_58067",
        "energia": 5,
        "lisa_cluster": "Low-Low (Coldspot)",
        "local_moran": 0.03810886491611822
      }
    },
    {
      "type": "Feature",
      "geometry": {
        "type": "Point",
        "coordinates": [
          14.0845032,
          40.8095604
        ]
      },
      "properties": {
        "event_id": "AUTO_EV_58068",
        "energia": 5,
        "lisa_cluster": "Low-Low (Coldspot)",
        "local_moran": 0.008759066531444188
      }
    },
    {
      "type": "Feature",
      "geometry": {
        "type": "Point",
        "coordinates": [
          14.0797164,
          40.7939978
        ]
      },
      "properties": {
        "event_id": "AUTO_EV_58069",
        "energia": 5,
        "lisa_cluster": "Low-Low (Coldspot)",
        "local_moran": 0.018061213195198784
      }
    },
    {
      "type": "Feature",
      "geometry": {
        "type": "Point",
        "coordinates": [
          14.120295666666665,
          40.8124355
        ]
      },
      "properties": {
        "event_id": "AUTO_EV_58070",
        "energia": 6,
        "lisa_cluster": "High-High (Hotspot)",
        "local_moran": 0.15187302553111448
      }
    },
    {
      "type": "Feature",
      "geometry": {
        "type": "Point",
        "coordinates": [
          14.087496333333334,
          40.800508666666666
        ]
      },
      "properties": {
        "event_id": "AUTO_EV_58071",
        "energia": 3,
        "lisa_cluster": "Low-Low (Coldspot)",
        "local_moran": 0.0019640721997835927
      }
    },
    {
      "type": "Feature",
      "geometry": {
        "type": "Point",
        "coordinates": [
          14.1240889,
          40.818174600000006
        ]
      },
      "properties": {
        "event_id": "AUTO_EV_58072",
        "energia": 20,
        "lisa_cluster": "High-High (Hotspot)",
        "local_moran": 37.51766150463463
      }
    },
    {
      "type": "Feature",
      "geometry": {
        "type": "Point",
        "coordinates": [
          14.1240889,
          40.818174600000006
        ]
      },
      "properties": {
        "event_id": "AUTO_EV_58073",
        "energia": 20,
        "lisa_cluster": "High-High (Hotspot)",
        "local_moran": 37.51766150463464
      }
    },
    {
      "type": "Feature",
      "geometry": {
        "type": "Point",
        "coordinates": [
          14.117095055555556,
          40.817716222222224
        ]
      },
      "properties": {
        "event_id": "AUTO_EV_58074",
        "energia": 18,
        "lisa_cluster": "High-High (Hotspot)",
        "local_moran": 26.25551553013389
      }
    },
    {
      "type": "Feature",
      "geometry": {
        "type": "Point",
        "coordinates": [
          14.113165357142858,
          40.81501371428572
        ]
      },
      "properties": {
        "event_id": "AUTO_EV_58075",
        "energia": 14,
        "lisa_cluster": "High-High (Hotspot)",
        "local_moran": 2.2112826608504585
      }
    },
    {
      "type": "Feature",
      "geometry": {
        "type": "Point",
        "coordinates": [
          14.116453125,
          40.8156885
        ]
      },
      "properties": {
        "event_id": "AUTO_EV_58076",
        "energia": 8,
        "lisa_cluster": "High-High (Hotspot)",
        "local_moran": 1.1265959247326345
      }
    },
    {
      "type": "Feature",
      "geometry": {
        "type": "Point",
        "coordinates": [
          14.117380333333335,
          40.812530333333335
        ]
      },
      "properties": {
        "event_id": "AUTO_EV_58077",
        "energia": 12,
        "lisa_cluster": "High-High (Hotspot)",
        "local_moran": 1.6175522860613474
      }
    },
    {
      "type": "Feature",
      "geometry": {
        "type": "Point",
        "coordinates": [
          14.089104857142857,
          40.806209714285714
        ]
      },
      "properties": {
        "event_id": "AUTO_EV_58078",
        "energia": 7,
        "lisa_cluster": "High-Low (Outlier)",
        "local_moran": -0.02424342617895689
      }
    },
    {
      "type": "Feature",
      "geometry": {
        "type": "Point",
        "coordinates": [
          14.107362333333334,
          40.81079611111111
        ]
      },
      "properties": {
        "event_id": "AUTO_EV_58079",
        "energia": 9,
        "lisa_cluster": "High-High (Hotspot)",
        "local_moran": 0.5177072357484988
      }
    },
    {
      "type": "Feature",
      "geometry": {
        "type": "Point",
        "coordinates": [
          14.126134799999999,
          40.814043600000005
        ]
      },
      "properties": {
        "event_id": "AUTO_EV_58080",
        "energia": 5,
        "lisa_cluster": "Low-High (Outlier)",
        "local_moran": -0.06697887245780249
      }
    },
    {
      "type": "Feature",
      "geometry": {
        "type": "Point",
        "coordinates": [
          14.103925833333333,
          40.803970166666666
        ]
      },
      "properties": {
        "event_id": "AUTO_EV_58081",
        "energia": 6,
        "lisa_cluster": "High-High (Hotspot)",
        "local_moran": 0.04157571010767015
      }
    },
    {
      "type": "Feature",
      "geometry": {
        "type": "Point",
        "coordinates": [
          14.098031857142857,
          40.805859285714284
        ]
      },
      "properties": {
        "event_id": "AUTO_EV_58082",
        "energia": 7,
        "lisa_cluster": "High-High (Hotspot)",
        "local_moran": 0.08692353861614831
      }
    },
    {
      "type": "Feature",
      "geometry": {
        "type": "Point",
        "coordinates": [
          14.05096125,
          40.792054750000005
        ]
      },
      "properties": {
        "event_id": "AUTO_EV_58083",
        "energia": 4,
        "lisa_cluster": "Low-Low (Coldspot)",
        "local_moran": 0.3015245898443712
      }
    },
    {
      "type": "Feature",
      "geometry": {
        "type": "Point",
        "coordinates": [
          14.076517125,
          40.80603025
        ]
      },
      "properties": {
        "event_id": "AUTO_EV_58084",
        "energia": 8,
        "lisa_cluster": "High-Low (Outlier)",
        "local_moran": -0.23282748884165974
      }
    },
    {
      "type": "Feature",
      "geometry": {
        "type": "Point",
        "coordinates": [
          14.0609665,
          40.78801625
        ]
      },
      "properties": {
        "event_id": "AUTO_EV_58085",
        "energia": 4,
        "lisa_cluster": "Low-Low (Coldspot)",
        "local_moran": 0.22160642813416948
      }
    },
    {
      "type": "Feature",
      "geometry": {
        "type": "Point",
        "coordinates": [
          14.092011857142856,
          40.80476185714286
        ]
      },
      "properties": {
        "event_id": "AUTO_EV_58086",
        "energia": 7,
        "lisa_cluster": "High-High (Hotspot)",
        "local_moran": 0.015026550167020014
      }
    },
    {
      "type": "Feature",
      "geometry": {
        "type": "Point",
        "coordinates": [
          14.070628600000001,
          40.7902192
        ]
      },
      "properties": {
        "event_id": "AUTO_EV_58087",
        "energia": 5,
        "lisa_cluster": "Low-Low (Coldspot)",
        "local_moran": 0.037047424946748495
      }
    },
    {
      "type": "Feature",
      "geometry": {
        "type": "Point",
        "coordinates": [
          14.09619275,
          40.79667325
        ]
      },
      "properties": {
        "event_id": "AUTO_EV_58088",
        "energia": 4,
        "lisa_cluster": "Low-Low (Coldspot)",
        "local_moran": 0.2930326338350579
      }
    },
    {
      "type": "Feature",
      "geometry": {
        "type": "Point",
        "coordinates": [
          14.104515,
          40.80272775
        ]
      },
      "properties": {
        "event_id": "AUTO_EV_58089",
        "energia": 4,
        "lisa_cluster": "Low-Low (Coldspot)",
        "local_moran": 0.2827571084515099
      }
    },
    {
      "type": "Feature",
      "geometry": {
        "type": "Point",
        "coordinates": [
          14.082521,
          40.79216342857143
        ]
      },
      "properties": {
        "event_id": "AUTO_EV_58090",
        "energia": 7,
        "lisa_cluster": "High-Low (Outlier)",
        "local_moran": -0.11793604233439281
      }
    },
    {
      "type": "Feature",
      "geometry": {
        "type": "Point",
        "coordinates": [
          14.1253206,
          40.803959400000004
        ]
      },
      "properties": {
        "event_id": "AUTO_EV_58091",
        "energia": 5,
        "lisa_cluster": "Low-Low (Coldspot)",
        "local_moran": 0.016744853466816263
      }
    },
    {
      "type": "Feature",
      "geometry": {
        "type": "Point",
        "coordinates": [
          14.0893975,
          40.80593475
        ]
      },
      "properties": {
        "event_id": "AUTO_EV_58092",
        "energia": 4,
        "lisa_cluster": "Low-High (Outlier)",
        "local_moran": -0.017334449010255906
      }
    },
    {
      "type": "Feature",
      "geometry": {
        "type": "Point",
        "coordinates": [
          14.115891777777778,
          40.81114388888889
        ]
      },
      "properties": {
        "event_id": "AUTO_EV_58093",
        "energia": 9,
        "lisa_cluster": "High-High (Hotspot)",
        "local_moran": 1.028788650262939
      }
    },
    {
      "type": "Feature",
      "geometry": {
        "type": "Point",
        "coordinates": [
          14.070967249999999,
          40.8083125
        ]
      },
      "properties": {
        "event_id": "AUTO_EV_58094",
        "energia": 4,
        "lisa_cluster": "Low-Low (Coldspot)",
        "local_moran": 0.12632549812902658
      }
    },
    {
      "type": "Feature",
      "geometry": {
        "type": "Point",
        "coordinates": [
          14.12819475,
          40.82356475
        ]
      },
      "properties": {
        "event_id": "AUTO_EV_58095",
        "energia": 4,
        "lisa_cluster": "Low-High (Outlier)",
        "local_moran": -0.2710660689184746
      }
    },
    {
      "type": "Feature",
      "geometry": {
        "type": "Point",
        "coordinates": [
          14.099218777777777,
          40.79908466666667
        ]
      },
      "properties": {
        "event_id": "AUTO_EV_58096",
        "energia": 9,
        "lisa_cluster": "High-High (Hotspot)",
        "local_moran": 0.046990353343964654
      }
    },
    {
      "type": "Feature",
      "geometry": {
        "type": "Point",
        "coordinates": [
          14.073878,
          40.784797
        ]
      },
      "properties": {
        "event_id": "AUTO_EV_58097",
        "energia": 4,
        "lisa_cluster": "Low-Low (Coldspot)",
        "local_moran": 0.15072822818607357
      }
    },
    {
      "type": "Feature",
      "geometry": {
        "type": "Point",
        "coordinates": [
          14.125558,
          40.8176455
        ]
      },
      "properties": {
        "event_id": "AUTO_EV_58098",
        "energia": 4,
        "lisa_cluster": "Low-High (Outlier)",
        "local_moran": -0.6282850377397228
      }
    },
    {
      "type": "Feature",
      "geometry": {
        "type": "Point",
        "coordinates": [
          14.1253206,
          40.803959400000004
        ]
      },
      "properties": {
        "event_id": "AUTO_EV_58099",
        "energia": 5,
        "lisa_cluster": "Low-Low (Coldspot)",
        "local_moran": 0.016744853466816263
      }
    },
    {
      "type": "Feature",
      "geometry": {
        "type": "Point",
        "coordinates": [
          14.0577465,
          40.77098675
        ]
      },
      "properties": {
        "event_id": "AUTO_EV_58100",
        "energia": 4,
        "lisa_cluster": "Low-Low (Coldspot)",
        "local_moran": 0.30162095793521176
      }
    },
    {
      "type": "Feature",
      "geometry": {
        "type": "Point",
        "coordinates": [
          14.07955125,
          40.79742375
        ]
      },
      "properties": {
        "event_id": "AUTO_EV_58101",
        "energia": 4,
        "lisa_cluster": "Low-Low (Coldspot)",
        "local_moran": 0.2970743738207772
      }
    },
    {
      "type": "Feature",
      "geometry": {
        "type": "Point",
        "coordinates": [
          14.085286,
          40.797172
        ]
      },
      "properties": {
        "event_id": "AUTO_EV_58102",
        "energia": 4,
        "lisa_cluster": "Low-Low (Coldspot)",
        "local_moran": 0.04646576406270418
      }
    },
    {
      "type": "Feature",
      "geometry": {
        "type": "Point",
        "coordinates": [
          14.1141026,
          40.8083866
        ]
      },
      "properties": {
        "event_id": "AUTO_EV_58103",
        "energia": 10,
        "lisa_cluster": "High-High (Hotspot)",
        "local_moran": 0.7345870009318017
      }
    },
    {
      "type": "Feature",
      "geometry": {
        "type": "Point",
        "coordinates": [
          14.117031,
          40.808603000000005
        ]
      },
      "properties": {
        "event_id": "AUTO_EV_58104",
        "energia": 4,
        "lisa_cluster": "Low-High (Outlier)",
        "local_moran": -0.2237135946489693
      }
    },
    {
      "type": "Feature",
      "geometry": {
        "type": "Point",
        "coordinates": [
          14.0537692,
          40.7945076
        ]
      },
      "properties": {
        "event_id": "AUTO_EV_58105",
        "energia": 5,
        "lisa_cluster": "Low-Low (Coldspot)",
        "local_moran": 0.059711644473461625
      }
    },
    {
      "type": "Feature",
      "geometry": {
        "type": "Point",
        "coordinates": [
          14.1086655,
          40.80069766666667
        ]
      },
      "properties": {
        "event_id": "AUTO_EV_58106",
        "energia": 6,
        "lisa_cluster": "High-Low (Outlier)",
        "local_moran": -0.032468548772416256
      }
    },
    {
      "type": "Feature",
      "geometry": {
        "type": "Point",
        "coordinates": [
          14.1029545,
          40.80774325
        ]
      },
      "properties": {
        "event_id": "AUTO_EV_58107",
        "energia": 4,
        "lisa_cluster": "Low-High (Outlier)",
        "local_moran": -0.13577384603573237
      }
    },
    {
      "type": "Feature",
      "geometry": {
        "type": "Point",
        "coordinates": [
          14.047835,
          40.79273166666667
        ]
      },
      "properties": {
        "event_id": "AUTO_EV_58108",
        "energia": 3,
        "lisa_cluster": "Low-Low (Coldspot)",
        "local_moran": 0.4900508304902804
      }
    },
    {
      "type": "Feature",
      "geometry": {
        "type": "Point",
        "coordinates": [
          14.102205499999998,
          40.80668983333333
        ]
      },
      "properties": {
        "event_id": "AUTO_EV_58109",
        "energia": 6,
        "lisa_cluster": "High-High (Hotspot)",
        "local_moran": 0.05887902950526524
      }
    },
    {
      "type": "Feature",
      "geometry": {
        "type": "Point",
        "coordinates": [
          14.1275072,
          40.8204054
        ]
      },
      "properties": {
        "event_id": "AUTO_EV_58110",
        "energia": 5,
        "lisa_cluster": "Low-High (Outlier)",
        "local_moran": -0.08166192431980727
      }
    },
    {
      "type": "Feature",
      "geometry": {
        "type": "Point",
        "coordinates": [
          14.124077,
          40.812358833333334
        ]
      },
      "properties": {
        "event_id": "AUTO_EV_58111",
        "energia": 6,
        "lisa_cluster": "High-High (Hotspot)",
        "local_moran": 0.14191480889714322
      }
    },
    {
      "type": "Feature",
      "geometry": {
        "type": "Point",
        "coordinates": [
          14.121481750000001,
          40.810381750000005
        ]
      },
      "properties": {
        "event_id": "AUTO_EV_58112",
        "energia": 4,
        "lisa_cluster": "Low-Low (Coldspot)",
        "local_moran": 0.2850329129031305
      }
    },
    {
      "type": "Feature",
      "geometry": {
        "type": "Point",
        "coordinates": [
          14.126897999999999,
          40.81126571428571
        ]
      },
      "properties": {
        "event_id": "AUTO_EV_58113",
        "energia": 7,
        "lisa_cluster": "High-High (Hotspot)",
        "local_moran": 0.19970165683126925
      }
    },
    {
      "type": "Feature",
      "geometry": {
        "type": "Point",
        "coordinates": [
          14.131730125,
          40.814163375
        ]
      },
      "properties": {
        "event_id": "AUTO_EV_58114",
        "energia": 8,
        "lisa_cluster": "High-High (Hotspot)",
        "local_moran": 0.2988556783493427
      }
    },
    {
      "type": "Feature",
      "geometry": {
        "type": "Point",
        "coordinates": [
          14.081433333333335,
          40.79449833333334
        ]
      },
      "properties": {
        "event_id": "AUTO_EV_58115",
        "energia": 6,
        "lisa_cluster": "High-High (Hotspot)",
        "local_moran": 0.07516484333407432
      }
    },
    {
      "type": "Feature",
      "geometry": {
        "type": "Point",
        "coordinates": [
          14.129322,
          40.808207333333335
        ]
      },
      "properties": {
        "event_id": "AUTO_EV_58116",
        "energia": 6,
        "lisa_cluster": "High-High (Hotspot)",
        "local_moran": 0.05261684508536195
      }
    },
    {
      "type": "Feature",
      "geometry": {
        "type": "Point",
        "coordinates": [
          14.119090499999999,
          40.8038515
        ]
      },
      "properties": {
        "event_id": "AUTO_EV_58117",
        "energia": 6,
        "lisa_cluster": "High-High (Hotspot)",
        "local_moran": 0.031085837882724753
      }
    },
    {
      "type": "Feature",
      "geometry": {
        "type": "Point",
        "coordinates": [
          14.09691075,
          40.794454625
        ]
      },
      "properties": {
        "event_id": "AUTO_EV_58118",
        "energia": 8,
        "lisa_cluster": "High-Low (Outlier)",
        "local_moran": -0.06645349921767918
      }
    },
    {
      "type": "Feature",
      "geometry": {
        "type": "Point",
        "coordinates": [
          14.114612166666667,
          40.808255833333334
        ]
      },
      "properties": {
        "event_id": "AUTO_EV_58119",
        "energia": 6,
        "lisa_cluster": "High-High (Hotspot)",
        "local_moran": 0.11320694683172099
      }
    },
    {
      "type": "Feature",
      "geometry": {
        "type": "Point",
        "coordinates": [
          14.126051200000001,
          40.818529
        ]
      },
      "properties": {
        "event_id": "AUTO_EV_58120",
        "energia": 5,
        "lisa_cluster": "Low-High (Outlier)",
        "local_moran": -0.12326112378703057
      }
    },
    {
      "type": "Feature",
      "geometry": {
        "type": "Point",
        "coordinates": [
          14.07432525,
          40.80667625
        ]
      },
      "properties": {
        "event_id": "AUTO_EV_58121",
        "energia": 4,
        "lisa_cluster": "Low-Low (Coldspot)",
        "local_moran": 0.08572502258566041
      }
    },
    {
      "type": "Feature",
      "geometry": {
        "type": "Point",
        "coordinates": [
          14.081824666666668,
          40.7945355
        ]
      },
      "properties": {
        "event_id": "AUTO_EV_58122",
        "energia": 6,
        "lisa_cluster": "High-Low (Outlier)",
        "local_moran": -0.03154757559067702
      }
    },
    {
      "type": "Feature",
      "geometry": {
        "type": "Point",
        "coordinates": [
          14.0976394,
          40.8048972
        ]
      },
      "properties": {
        "event_id": "AUTO_EV_58123",
        "energia": 5,
        "lisa_cluster": "Low-High (Outlier)",
        "local_moran": -0.017475306997870737
      }
    },
    {
      "type": "Feature",
      "geometry": {
        "type": "Point",
        "coordinates": [
          14.117451500000001,
          40.8112615
        ]
      },
      "properties": {
        "event_id": "AUTO_EV_58124",
        "energia": 4,
        "lisa_cluster": "Low-High (Outlier)",
        "local_moran": -0.2824334329139756
      }
    },
    {
      "type": "Feature",
      "geometry": {
        "type": "Point",
        "coordinates": [
          14.12907175,
          40.81181925
        ]
      },
      "properties": {
        "event_id": "AUTO_EV_58125",
        "energia": 8,
        "lisa_cluster": "High-High (Hotspot)",
        "local_moran": 0.3447320534067414
      }
    },
    {
      "type": "Feature",
      "geometry": {
        "type": "Point",
        "coordinates": [
          14.134388999999999,
          40.81041075
        ]
      },
      "properties": {
        "event_id": "AUTO_EV_58126",
        "energia": 4,
        "lisa_cluster": "Low-Low (Coldspot)",
        "local_moran": 0.2970664931531682
      }
    },
    {
      "type": "Feature",
      "geometry": {
        "type": "Point",
        "coordinates": [
          14.085549199999999,
          40.805275800000004
        ]
      },
      "properties": {
        "event_id": "AUTO_EV_58127",
        "energia": 5,
        "lisa_cluster": "Low-Low (Coldspot)",
        "local_moran": 0.003860374545786757
      }
    },
    {
      "type": "Feature",
      "geometry": {
        "type": "Point",
        "coordinates": [
          14.119081333333334,
          40.810686
        ]
      },
      "properties": {
        "event_id": "AUTO_EV_58128",
        "energia": 6,
        "lisa_cluster": "High-High (Hotspot)",
        "local_moran": 0.12504765024271114
      }
    },
    {
      "type": "Feature",
      "geometry": {
        "type": "Point",
        "coordinates": [
          14.07161275,
          40.788872
        ]
      },
      "properties": {
        "event_id": "AUTO_EV_58129",
        "energia": 4,
        "lisa_cluster": "Low-Low (Coldspot)",
        "local_moran": 0.3006163744716177
      }
    },
    {
      "type": "Feature",
      "geometry": {
        "type": "Point",
        "coordinates": [
          14.109266,
          40.82353475
        ]
      },
      "properties": {
        "event_id": "AUTO_EV_58130",
        "energia": 4,
        "lisa_cluster": "Low-High (Outlier)",
        "local_moran": -0.1725067880198593
      }
    },
    {
      "type": "Feature",
      "geometry": {
        "type": "Point",
        "coordinates": [
          14.063269250000001,
          40.79111125
        ]
      },
      "properties": {
        "event_id": "AUTO_EV_58131",
        "energia": 4,
        "lisa_cluster": "Low-Low (Coldspot)",
        "local_moran": 0.20019076291977134
      }
    },
    {
      "type": "Feature",
      "geometry": {
        "type": "Point",
        "coordinates": [
          14.098477399999998,
          40.8049078
        ]
      },
      "properties": {
        "event_id": "AUTO_EV_58132",
        "energia": 5,
        "lisa_cluster": "Low-High (Outlier)",
        "local_moran": -0.018693195445695976
      }
    },
    {
      "type": "Feature",
      "geometry": {
        "type": "Point",
        "coordinates": [
          14.07891325,
          40.809917
        ]
      },
      "properties": {
        "event_id": "AUTO_EV_58133",
        "energia": 4,
        "lisa_cluster": "Low-Low (Coldspot)",
        "local_moran": 0.07124358399863004
      }
    },
    {
      "type": "Feature",
      "geometry": {
        "type": "Point",
        "coordinates": [
          14.123853375,
          40.81794225
        ]
      },
      "properties": {
        "event_id": "AUTO_EV_58134",
        "energia": 8,
        "lisa_cluster": "High-High (Hotspot)",
        "local_moran": 2.8936234423231433
      }
    },
    {
      "type": "Feature",
      "geometry": {
        "type": "Point",
        "coordinates": [
          14.0785684,
          40.809069199999996
        ]
      },
      "properties": {
        "event_id": "AUTO_EV_58135",
        "energia": 5,
        "lisa_cluster": "Low-Low (Coldspot)",
        "local_moran": 0.01786874154568566
      }
    },
    {
      "type": "Feature",
      "geometry": {
        "type": "Point",
        "coordinates": [
          14.127328499999999,
          40.81613466666666
        ]
      },
      "properties": {
        "event_id": "AUTO_EV_58136",
        "energia": 6,
        "lisa_cluster": "High-High (Hotspot)",
        "local_moran": 0.09045995811261527
      }
    },
    {
      "type": "Feature",
      "geometry": {
        "type": "Point",
        "coordinates": [
          14.107038,
          40.80542025
        ]
      },
      "properties": {
        "event_id": "AUTO_EV_58137",
        "energia": 4,
        "lisa_cluster": "Low-High (Outlier)",
        "local_moran": -0.11431442827532166
      }
    },
    {
      "type": "Feature",
      "geometry": {
        "type": "Point",
        "coordinates": [
          14.079868142857142,
          40.795141428571426
        ]
      },
      "properties": {
        "event_id": "AUTO_EV_58138",
        "energia": 7,
        "lisa_cluster": "High-Low (Outlier)",
        "local_moran": -0.07943693227440717
      }
    },
    {
      "type": "Feature",
      "geometry": {
        "type": "Point",
        "coordinates": [
          14.08606225,
          40.787962
        ]
      },
      "properties": {
        "event_id": "AUTO_EV_58139",
        "energia": 4,
        "lisa_cluster": "Low-Low (Coldspot)",
        "local_moran": 0.2926093008602687
      }
    },
    {
      "type": "Feature",
      "geometry": {
        "type": "Point",
        "coordinates": [
          14.0906632,
          40.786653
        ]
      },
      "properties": {
        "event_id": "AUTO_EV_58140",
        "energia": 5,
        "lisa_cluster": "Low-Low (Coldspot)",
        "local_moran": 0.029843785771625553
      }
    },
    {
      "type": "Feature",
      "geometry": {
        "type": "Point",
        "coordinates": [
          14.0835515,
          40.77804825
        ]
      },
      "properties": {
        "event_id": "AUTO_EV_58141",
        "energia": 4,
        "lisa_cluster": "Low-Low (Coldspot)",
        "local_moran": 0.30003916952495285
      }
    },
    {
      "type": "Feature",
      "geometry": {
        "type": "Point",
        "coordinates": [
          14.0965455,
          40.808793
        ]
      },
      "properties": {
        "event_id": "AUTO_EV_58142",
        "energia": 4,
        "lisa_cluster": "Low-Low (Coldspot)",
        "local_moran": 0.28858131171104723
      }
    },
    {
      "type": "Feature",
      "geometry": {
        "type": "Point",
        "coordinates": [
          14.111184666666666,
          40.810075000000005
        ]
      },
      "properties": {
        "event_id": "AUTO_EV_58143",
        "energia": 6,
        "lisa_cluster": "High-High (Hotspot)",
        "local_moran": 0.12523732873606488
      }
    },
    {
      "type": "Feature",
      "geometry": {
        "type": "Point",
        "coordinates": [
          14.0980906,
          40.828417200000004
        ]
      },
      "properties": {
        "event_id": "AUTO_EV_58144",
        "energia": 5,
        "lisa_cluster": "Low-Low (Coldspot)",
        "local_moran": 0.02328599088332511
      }
    },
    {
      "type": "Feature",
      "geometry": {
        "type": "Point",
        "coordinates": [
          14.107829200000001,
          40.8136602
        ]
      },
      "properties": {
        "event_id": "AUTO_EV_58145",
        "energia": 5,
        "lisa_cluster": "Low-High (Outlier)",
        "local_moran": -0.05664939725407185
      }
    },
    {
      "type": "Feature",
      "geometry": {
        "type": "Point",
        "coordinates": [
          14.095283,
          40.8093882
        ]
      },
      "properties": {
        "event_id": "AUTO_EV_58146",
        "energia": 5,
        "lisa_cluster": "Low-High (Outlier)",
        "local_moran": -0.010173845684363077
      }
    },
    {
      "type": "Feature",
      "geometry": {
        "type": "Point",
        "coordinates": [
          14.1240792,
          40.8103134
        ]
      },
      "properties": {
        "event_id": "AUTO_EV_58147",
        "energia": 5,
        "lisa_cluster": "Low-High (Outlier)",
        "local_moran": -0.044678419045912104
      }
    },
    {
      "type": "Feature",
      "geometry": {
        "type": "Point",
        "coordinates": [
          14.0862466,
          40.792284800000004
        ]
      },
      "properties": {
        "event_id": "AUTO_EV_58148",
        "energia": 5,
        "lisa_cluster": "Low-Low (Coldspot)",
        "local_moran": 0.018501293820216716
      }
    },
    {
      "type": "Feature",
      "geometry": {
        "type": "Point",
        "coordinates": [
          14.1287328,
          40.823572999999996
        ]
      },
      "properties": {
        "event_id": "AUTO_EV_58149",
        "energia": 5,
        "lisa_cluster": "Low-High (Outlier)",
        "local_moran": -0.06407383369830519
      }
    },
    {
      "type": "Feature",
      "geometry": {
        "type": "Point",
        "coordinates": [
          14.09336925,
          40.807657250000005
        ]
      },
      "properties": {
        "event_id": "AUTO_EV_58150",
        "energia": 4,
        "lisa_cluster": "Low-High (Outlier)",
        "local_moran": -0.04514960848416633
      }
    },
    {
      "type": "Feature",
      "geometry": {
        "type": "Point",
        "coordinates": [
          14.130758285714284,
          40.812811857142854
        ]
      },
      "properties": {
        "event_id": "AUTO_EV_58151",
        "energia": 7,
        "lisa_cluster": "High-High (Hotspot)",
        "local_moran": 0.2050900727468341
      }
    },
    {
      "type": "Feature",
      "geometry": {
        "type": "Point",
        "coordinates": [
          14.1234115,
          40.8075005
        ]
      },
      "properties": {
        "event_id": "AUTO_EV_58152",
        "energia": 4,
        "lisa_cluster": "Low-High (Outlier)",
        "local_moran": -0.13493549744308275
      }
    },
    {
      "type": "Feature",
      "geometry": {
        "type": "Point",
        "coordinates": [
          14.098389428571428,
          40.799924
        ]
      },
      "properties": {
        "event_id": "AUTO_EV_58153",
        "energia": 7,
        "lisa_cluster": "High-High (Hotspot)",
        "local_moran": 0.04076521351223536
      }
    },
    {
      "type": "Feature",
      "geometry": {
        "type": "Point",
        "coordinates": [
          14.086089000000001,
          40.802634000000005
        ]
      },
      "properties": {
        "event_id": "AUTO_EV_58154",
        "energia": 6,
        "lisa_cluster": "High-High (Hotspot)",
        "local_moran": 0.00013945989179480788
      }
    },
    {
      "type": "Feature",
      "geometry": {
        "type": "Point",
        "coordinates": [
          14.1339554,
          40.8177182
        ]
      },
      "properties": {
        "event_id": "AUTO_EV_58155",
        "energia": 5,
        "lisa_cluster": "Low-High (Outlier)",
        "local_moran": -0.03134346236281718
      }
    },
    {
      "type": "Feature",
      "geometry": {
        "type": "Point",
        "coordinates": [
          14.084725833333332,
          40.79570283333334
        ]
      },
      "properties": {
        "event_id": "AUTO_EV_58156",
        "energia": 6,
        "lisa_cluster": "High-Low (Outlier)",
        "local_moran": -0.0288938410896155
      }
    },
    {
      "type": "Feature",
      "geometry": {
        "type": "Point",
        "coordinates": [
          14.1130678,
          40.8019106
        ]
      },
      "properties": {
        "event_id": "AUTO_EV_58157",
        "energia": 5,
        "lisa_cluster": "Low-High (Outlier)",
        "local_moran": -0.0074466168898897605
      }
    },
    {
      "type": "Feature",
      "geometry": {
        "type": "Point",
        "coordinates": [
          14.092265399999999,
          40.8101824
        ]
      },
      "properties": {
        "event_id": "AUTO_EV_58158",
        "energia": 5,
        "lisa_cluster": "Low-High (Outlier)",
        "local_moran": -0.0032974772835855774
      }
    },
    {
      "type": "Feature",
      "geometry": {
        "type": "Point",
        "coordinates": [
          14.085871166666665,
          40.7886885
        ]
      },
      "properties": {
        "event_id": "AUTO_EV_58159",
        "energia": 6,
        "lisa_cluster": "High-Low (Outlier)",
        "local_moran": -0.06012862876400707
      }
    },
    {
      "type": "Feature",
      "geometry": {
        "type": "Point",
        "coordinates": [
          14.0910706,
          40.8143234
        ]
      },
      "properties": {
        "event_id": "AUTO_EV_58160",
        "energia": 5,
        "lisa_cluster": "Low-Low (Coldspot)",
        "local_moran": 0.0007569269712736645
      }
    },
    {
      "type": "Feature",
      "geometry": {
        "type": "Point",
        "coordinates": [
          14.10077775,
          40.809161
        ]
      },
      "properties": {
        "event_id": "AUTO_EV_58161",
        "energia": 4,
        "lisa_cluster": "Low-Low (Coldspot)",
        "local_moran": 0.2675110083168413
      }
    },
    {
      "type": "Feature",
      "geometry": {
        "type": "Point",
        "coordinates": [
          14.0694935,
          40.797058750000005
        ]
      },
      "properties": {
        "event_id": "AUTO_EV_58162",
        "energia": 4,
        "lisa_cluster": "Low-Low (Coldspot)",
        "local_moran": 0.29941332527880804
      }
    },
    {
      "type": "Feature",
      "geometry": {
        "type": "Point",
        "coordinates": [
          14.1025745,
          40.824524
        ]
      },
      "properties": {
        "event_id": "AUTO_EV_58163",
        "energia": 4,
        "lisa_cluster": "Low-High (Outlier)",
        "local_moran": -0.04592530286896219
      }
    },
    {
      "type": "Feature",
      "geometry": {
        "type": "Point",
        "coordinates": [
          14.0854765,
          40.810114999999996
        ]
      },
      "properties": {
        "event_id": "AUTO_EV_58164",
        "energia": 4,
        "lisa_cluster": "Low-Low (Coldspot)",
        "local_moran": 0.2890324594833429
      }
    },
    {
      "type": "Feature",
      "geometry": {
        "type": "Point",
        "coordinates": [
          14.095381249999999,
          40.81270475
        ]
      },
      "properties": {
        "event_id": "AUTO_EV_58165",
        "energia": 4,
        "lisa_cluster": "Low-Low (Coldspot)",
        "local_moran": 0.2901274350376499
      }
    },
    {
      "type": "Feature",
      "geometry": {
        "type": "Point",
        "coordinates": [
          14.137511,
          40.817375285714284
        ]
      },
      "properties": {
        "event_id": "AUTO_EV_58166",
        "energia": 7,
        "lisa_cluster": "High-High (Hotspot)",
        "local_moran": 0.08454861889516367
      }
    },
    {
      "type": "Feature",
      "geometry": {
        "type": "Point",
        "coordinates": [
          14.110177400000001,
          40.8083228
        ]
      },
      "properties": {
        "event_id": "AUTO_EV_58167",
        "energia": 5,
        "lisa_cluster": "Low-High (Outlier)",
        "local_moran": -0.041386926432699346
      }
    },
    {
      "type": "Feature",
      "geometry": {
        "type": "Point",
        "coordinates": [
          14.128534833333333,
          40.806468833333334
        ]
      },
      "properties": {
        "event_id": "AUTO_EV_58168",
        "energia": 6,
        "lisa_cluster": "High-High (Hotspot)",
        "local_moran": 0.08113155941494485
      }
    },
    {
      "type": "Feature",
      "geometry": {
        "type": "Point",
        "coordinates": [
          14.0789695,
          40.81236825
        ]
      },
      "properties": {
        "event_id": "AUTO_EV_58169",
        "energia": 4,
        "lisa_cluster": "Low-Low (Coldspot)",
        "local_moran": 0.06253798018398903
      }
    },
    {
      "type": "Feature",
      "geometry": {
        "type": "Point",
        "coordinates": [
          14.1003645,
          40.808191666666666
        ]
      },
      "properties": {
        "event_id": "AUTO_EV_58170",
        "energia": 6,
        "lisa_cluster": "High-High (Hotspot)",
        "local_moran": 0.0512451928159397
      }
    },
    {
      "type": "Feature",
      "geometry": {
        "type": "Point",
        "coordinates": [
          14.09056775,
          40.79169825
        ]
      },
      "properties": {
        "event_id": "AUTO_EV_58171",
        "energia": 4,
        "lisa_cluster": "Low-Low (Coldspot)",
        "local_moran": 0.29894797273398427
      }
    },
    {
      "type": "Feature",
      "geometry": {
        "type": "Point",
        "coordinates": [
          14.115121,
          40.802168
        ]
      },
      "properties": {
        "event_id": "AUTO_EV_58172",
        "energia": 4,
        "lisa_cluster": "Low-High (Outlier)",
        "local_moran": -0.07384909292233925
      }
    },
    {
      "type": "Feature",
      "geometry": {
        "type": "Point",
        "coordinates": [
          14.132498250000001,
          40.80465625
        ]
      },
      "properties": {
        "event_id": "AUTO_EV_58173",
        "energia": 4,
        "lisa_cluster": "Low-Low (Coldspot)",
        "local_moran": 0.2854837528679124
      }
    },
    {
      "type": "Feature",
      "geometry": {
        "type": "Point",
        "coordinates": [
          14.064824999999999,
          40.813297750000004
        ]
      },
      "properties": {
        "event_id": "AUTO_EV_58174",
        "energia": 4,
        "lisa_cluster": "Low-Low (Coldspot)",
        "local_moran": 0.1605472806509083
      }
    },
    {
      "type": "Feature",
      "geometry": {
        "type": "Point",
        "coordinates": [
          14.07955125,
          40.79742375
        ]
      },
      "properties": {
        "event_id": "AUTO_EV_58175",
        "energia": 4,
        "lisa_cluster": "Low-Low (Coldspot)",
        "local_moran": 0.2970743738207773
      }
    },
    {
      "type": "Feature",
      "geometry": {
        "type": "Point",
        "coordinates": [
          14.101878,
          40.805978333333336
        ]
      },
      "properties": {
        "event_id": "AUTO_EV_58176",
        "energia": 6,
        "lisa_cluster": "High-High (Hotspot)",
        "local_moran": 0.05269543347041119
      }
    },
    {
      "type": "Feature",
      "geometry": {
        "type": "Point",
        "coordinates": [
          14.1252315,
          40.819187
        ]
      },
      "properties": {
        "event_id": "AUTO_EV_58177",
        "energia": 4,
        "lisa_cluster": "Low-Low (Coldspot)",
        "local_moran": 0.221752155738003
      }
    },
    {
      "type": "Feature",
      "geometry": {
        "type": "Point",
        "coordinates": [
          14.0810375,
          40.792797
        ]
      },
      "properties": {
        "event_id": "AUTO_EV_58178",
        "energia": 6,
        "lisa_cluster": "High-Low (Outlier)",
        "local_moran": -0.06351982337465589
      }
    },
    {
      "type": "Feature",
      "geometry": {
        "type": "Point",
        "coordinates": [
          14.06059625,
          40.7945975
        ]
      },
      "properties": {
        "event_id": "AUTO_EV_58179",
        "energia": 4,
        "lisa_cluster": "Low-Low (Coldspot)",
        "local_moran": 0.2041472128017836
      }
    },
    {
      "type": "Feature",
      "geometry": {
        "type": "Point",
        "coordinates": [
          14.127767444444444,
          40.81557522222223
        ]
      },
      "properties": {
        "event_id": "AUTO_EV_58180",
        "energia": 9,
        "lisa_cluster": "High-High (Hotspot)",
        "local_moran": 0.7842391677245379
      }
    },
    {
      "type": "Feature",
      "geometry": {
        "type": "Point",
        "coordinates": [
          14.073898,
          40.7891836
        ]
      },
      "properties": {
        "event_id": "AUTO_EV_58181",
        "energia": 5,
        "lisa_cluster": "Low-Low (Coldspot)",
        "local_moran": 0.035585380391064694
      }
    },
    {
      "type": "Feature",
      "geometry": {
        "type": "Point",
        "coordinates": [
          14.073423,
          40.787142
        ]
      },
      "properties": {
        "event_id": "AUTO_EV_58182",
        "energia": 5,
        "lisa_cluster": "Low-Low (Coldspot)",
        "local_moran": 0.017873237177906478
      }
    },
    {
      "type": "Feature",
      "geometry": {
        "type": "Point",
        "coordinates": [
          14.0994485,
          40.797886
        ]
      },
      "properties": {
        "event_id": "AUTO_EV_58183",
        "energia": 4,
        "lisa_cluster": "Low-Low (Coldspot)",
        "local_moran": 0.2866110159875968
      }
    },
    {
      "type": "Feature",
      "geometry": {
        "type": "Point",
        "coordinates": [
          14.12493275,
          40.8214775
        ]
      },
      "properties": {
        "event_id": "AUTO_EV_58184",
        "energia": 4,
        "lisa_cluster": "Low-Low (Coldspot)",
        "local_moran": 0.2522210963230634
      }
    },
    {
      "type": "Feature",
      "geometry": {
        "type": "Point",
        "coordinates": [
          14.1025305,
          40.80370875
        ]
      },
      "properties": {
        "event_id": "AUTO_EV_58185",
        "energia": 8,
        "lisa_cluster": "High-High (Hotspot)",
        "local_moran": 0.14071248046090185
      }
    },
    {
      "type": "Feature",
      "geometry": {
        "type": "Point",
        "coordinates": [
          14.111408749999999,
          40.80767825
        ]
      },
      "properties": {
        "event_id": "AUTO_EV_58186",
        "energia": 4,
        "lisa_cluster": "Low-High (Outlier)",
        "local_moran": -0.17293473116135585
      }
    },
    {
      "type": "Feature",
      "geometry": {
        "type": "Point",
        "coordinates": [
          14.093626333333333,
          40.79469316666667
        ]
      },
      "properties": {
        "event_id": "AUTO_EV_58187",
        "energia": 6,
        "lisa_cluster": "High-Low (Outlier)",
        "local_moran": -0.006469629701512815
      }
    },
    {
      "type": "Feature",
      "geometry": {
        "type": "Point",
        "coordinates": [
          14.119343166666667,
          40.812159666666666
        ]
      },
      "properties": {
        "event_id": "AUTO_EV_58188",
        "energia": 6,
        "lisa_cluster": "High-High (Hotspot)",
        "local_moran": 0.14947503170601845
      }
    },
    {
      "type": "Feature",
      "geometry": {
        "type": "Point",
        "coordinates": [
          14.0861938,
          40.791016400000004
        ]
      },
      "properties": {
        "event_id": "AUTO_EV_58189",
        "energia": 5,
        "lisa_cluster": "Low-Low (Coldspot)",
        "local_moran": 0.021246645648112024
      }
    },
    {
      "type": "Feature",
      "geometry": {
        "type": "Point",
        "coordinates": [
          14.092728571428571,
          40.81051442857143
        ]
      },
      "properties": {
        "event_id": "AUTO_EV_58190",
        "energia": 7,
        "lisa_cluster": "High-High (Hotspot)",
        "local_moran": 0.00904211506033402
      }
    },
    {
      "type": "Feature",
      "geometry": {
        "type": "Point",
        "coordinates": [
          14.120048,
          40.8184618
        ]
      },
      "properties": {
        "event_id": "AUTO_EV_58191",
        "energia": 5,
        "lisa_cluster": "Low-High (Outlier)",
        "local_moran": -0.13126811582984707
      }
    },
    {
      "type": "Feature",
      "geometry": {
        "type": "Point",
        "coordinates": [
          14.120751125,
          40.82040025
        ]
      },
      "properties": {
        "event_id": "AUTO_EV_58192",
        "energia": 8,
        "lisa_cluster": "High-High (Hotspot)",
        "local_moran": 0.9593040305269734
      }
    },
    {
      "type": "Feature",
      "geometry": {
        "type": "Point",
        "coordinates": [
          14.100225166666666,
          40.80433266666667
        ]
      },
      "properties": {
        "event_id": "AUTO_EV_58193",
        "energia": 6,
        "lisa_cluster": "High-High (Hotspot)",
        "local_moran": 0.03368265986781252
      }
    },
    {
      "type": "Feature",
      "geometry": {
        "type": "Point",
        "coordinates": [
          14.11297575,
          40.802074250000004
        ]
      },
      "properties": {
        "event_id": "AUTO_EV_58194",
        "energia": 4,
        "lisa_cluster": "Low-Low (Coldspot)",
        "local_moran": 0.2825175823792145
      }
    },
    {
      "type": "Feature",
      "geometry": {
        "type": "Point",
        "coordinates": [
          14.110040166666666,
          40.807227833333336
        ]
      },
      "properties": {
        "event_id": "AUTO_EV_58195",
        "energia": 6,
        "lisa_cluster": "High-High (Hotspot)",
        "local_moran": 0.07362247719669311
      }
    },
    {
      "type": "Feature",
      "geometry": {
        "type": "Point",
        "coordinates": [
          14.09835242857143,
          40.80153414285714
        ]
      },
      "properties": {
        "event_id": "AUTO_EV_58196",
        "energia": 7,
        "lisa_cluster": "High-High (Hotspot)",
        "local_moran": 0.05063682430245752
      }
    },
    {
      "type": "Feature",
      "geometry": {
        "type": "Point",
        "coordinates": [
          14.11763375,
          40.83267175
        ]
      },
      "properties": {
        "event_id": "AUTO_EV_58197",
        "energia": 4,
        "lisa_cluster": "Low-Low (Coldspot)",
        "local_moran": 0.037194231523393975
      }
    },
    {
      "type": "Feature",
      "geometry": {
        "type": "Point",
        "coordinates": [
          14.091932,
          40.8013488
        ]
      },
      "properties": {
        "event_id": "AUTO_EV_58198",
        "energia": 5,
        "lisa_cluster": "Low-High (Outlier)",
        "local_moran": -0.0008851071071208046
      }
    },
    {
      "type": "Feature",
      "geometry": {
        "type": "Point",
        "coordinates": [
          14.102199,
          40.800881000000004
        ]
      },
      "properties": {
        "event_id": "AUTO_EV_58199",
        "energia": 6,
        "lisa_cluster": "High-High (Hotspot)",
        "local_moran": 0.013315610180944378
      }
    },
    {
      "type": "Feature",
      "geometry": {
        "type": "Point",
        "coordinates": [
          14.1037262,
          40.800479
        ]
      },
      "properties": {
        "event_id": "AUTO_EV_58200",
        "energia": 5,
        "lisa_cluster": "Low-High (Outlier)",
        "local_moran": -0.011221687789842776
      }
    },
    {
      "type": "Feature",
      "geometry": {
        "type": "Point",
        "coordinates": [
          14.0784906,
          40.8009768
        ]
      },
      "properties": {
        "event_id": "AUTO_EV_58201",
        "energia": 5,
        "lisa_cluster": "Low-Low (Coldspot)",
        "local_moran": 0.015806275466054075
      }
    },
    {
      "type": "Feature",
      "geometry": {
        "type": "Point",
        "coordinates": [
          14.114498800000002,
          40.8006088
        ]
      },
      "properties": {
        "event_id": "AUTO_EV_58202",
        "energia": 5,
        "lisa_cluster": "Low-Low (Coldspot)",
        "local_moran": 0.015631478362589726
      }
    },
    {
      "type": "Feature",
      "geometry": {
        "type": "Point",
        "coordinates": [
          14.098234200000002,
          40.8017696
        ]
      },
      "properties": {
        "event_id": "AUTO_EV_58203",
        "energia": 5,
        "lisa_cluster": "Low-High (Outlier)",
        "local_moran": -0.01319901879330305
      }
    },
    {
      "type": "Feature",
      "geometry": {
        "type": "Point",
        "coordinates": [
          14.10115925,
          40.815455
        ]
      },
      "properties": {
        "event_id": "AUTO_EV_58204",
        "energia": 4,
        "lisa_cluster": "Low-High (Outlier)",
        "local_moran": -0.11854084127347815
      }
    },
    {
      "type": "Feature",
      "geometry": {
        "type": "Point",
        "coordinates": [
          14.079861000000001,
          40.8179115
        ]
      },
      "properties": {
        "event_id": "AUTO_EV_58205",
        "energia": 4,
        "lisa_cluster": "Low-Low (Coldspot)",
        "local_moran": 0.11219527517440683
      }
    },
    {
      "type": "Feature",
      "geometry": {
        "type": "Point",
        "coordinates": [
          14.134388999999999,
          40.81041075
        ]
      },
      "properties": {
        "event_id": "AUTO_EV_58206",
        "energia": 4,
        "lisa_cluster": "Low-Low (Coldspot)",
        "local_moran": 0.2970664931531682
      }
    },
    {
      "type": "Feature",
      "geometry": {
        "type": "Point",
        "coordinates": [
          14.10494,
          40.813288166666666
        ]
      },
      "properties": {
        "event_id": "AUTO_EV_58207",
        "energia": 6,
        "lisa_cluster": "High-High (Hotspot)",
        "local_moran": 0.11498699250885727
      }
    },
    {
      "type": "Feature",
      "geometry": {
        "type": "Point",
        "coordinates": [
          14.101190400000002,
          40.8233982
        ]
      },
      "properties": {
        "event_id": "AUTO_EV_58208",
        "energia": 5,
        "lisa_cluster": "Low-High (Outlier)",
        "local_moran": -0.012584097322826905
      }
    },
    {
      "type": "Feature",
      "geometry": {
        "type": "Point",
        "coordinates": [
          14.09084,
          40.8049822
        ]
      },
      "properties": {
        "event_id": "AUTO_EV_58209",
        "energia": 5,
        "lisa_cluster": "Low-Low (Coldspot)",
        "local_moran": 0.001649635155900338
      }
    },
    {
      "type": "Feature",
      "geometry": {
        "type": "Point",
        "coordinates": [
          14.1365682,
          40.8083748
        ]
      },
      "properties": {
        "event_id": "AUTO_EV_58210",
        "energia": 5,
        "lisa_cluster": "Low-Low (Coldspot)",
        "local_moran": 0.017897447340253246
      }
    },
    {
      "type": "Feature",
      "geometry": {
        "type": "Point",
        "coordinates": [
          14.08392075,
          40.7879285
        ]
      },
      "properties": {
        "event_id": "AUTO_EV_58211",
        "energia": 4,
        "lisa_cluster": "Low-Low (Coldspot)",
        "local_moran": 0.21515061311521416
      }
    },
    {
      "type": "Feature",
      "geometry": {
        "type": "Point",
        "coordinates": [
          14.110117375,
          40.8099735
        ]
      },
      "properties": {
        "event_id": "AUTO_EV_58212",
        "energia": 8,
        "lisa_cluster": "High-High (Hotspot)",
        "local_moran": 0.48902950208278306
      }
    },
    {
      "type": "Feature",
      "geometry": {
        "type": "Point",
        "coordinates": [
          14.138876428571427,
          40.81392928571428
        ]
      },
      "properties": {
        "event_id": "AUTO_EV_58213",
        "energia": 7,
        "lisa_cluster": "High-Low (Outlier)",
        "local_moran": -0.05309911956240465
      }
    },
    {
      "type": "Feature",
      "geometry": {
        "type": "Point",
        "coordinates": [
          14.091649799999999,
          40.791653000000004
        ]
      },
      "properties": {
        "event_id": "AUTO_EV_58214",
        "energia": 5,
        "lisa_cluster": "Low-Low (Coldspot)",
        "local_moran": 0.019362339727442543
      }
    },
    {
      "type": "Feature",
      "geometry": {
        "type": "Point",
        "coordinates": [
          14.10891242857143,
          40.801476
        ]
      },
      "properties": {
        "event_id": "AUTO_EV_58215",
        "energia": 7,
        "lisa_cluster": "High-High (Hotspot)",
        "local_moran": 0.06750466891457155
      }
    },
    {
      "type": "Feature",
      "geometry": {
        "type": "Point",
        "coordinates": [
          14.12212211111111,
          40.834731222222224
        ]
      },
      "properties": {
        "event_id": "AUTO_EV_58216",
        "energia": 9,
        "lisa_cluster": "High-Low (Outlier)",
        "local_moran": -0.28116994330296385
      }
    },
    {
      "type": "Feature",
      "geometry": {
        "type": "Point",
        "coordinates": [
          14.0779995,
          40.805366250000006
        ]
      },
      "properties": {
        "event_id": "AUTO_EV_58217",
        "energia": 4,
        "lisa_cluster": "Low-Low (Coldspot)",
        "local_moran": 0.29211935993711863
      }
    },
    {
      "type": "Feature",
      "geometry": {
        "type": "Point",
        "coordinates": [
          14.095691333333335,
          40.798191833333334
        ]
      },
      "properties": {
        "event_id": "AUTO_EV_58218",
        "energia": 6,
        "lisa_cluster": "High-Low (Outlier)",
        "local_moran": -0.0012525447979691263
      }
    },
    {
      "type": "Feature",
      "geometry": {
        "type": "Point",
        "coordinates": [
          14.115266,
          40.81489380000001
        ]
      },
      "properties": {
        "event_id": "AUTO_EV_58219",
        "energia": 5,
        "lisa_cluster": "Low-High (Outlier)",
        "local_moran": -0.09619008230821588
      }
    },
    {
      "type": "Feature",
      "geometry": {
        "type": "Point",
        "coordinates": [
          14.112041600000001,
          40.8209118
        ]
      },
      "properties": {
        "event_id": "AUTO_EV_58220",
        "energia": 5,
        "lisa_cluster": "Low-High (Outlier)",
        "local_moran": -0.08032024109003165
      }
    },
    {
      "type": "Feature",
      "geometry": {
        "type": "Point",
        "coordinates": [
          14.067553,
          40.818855
        ]
      },
      "properties": {
        "event_id": "AUTO_EV_58221",
        "energia": 4,
        "lisa_cluster": "Low-Low (Coldspot)",
        "local_moran": 0.13601449821262435
      }
    },
    {
      "type": "Feature",
      "geometry": {
        "type": "Point",
        "coordinates": [
          14.123179545454546,
          40.81340081818182
        ]
      },
      "properties": {
        "event_id": "AUTO_EV_58222",
        "energia": 11,
        "lisa_cluster": "High-High (Hotspot)",
        "local_moran": 1.5812375429034535
      }
    },
    {
      "type": "Feature",
      "geometry": {
        "type": "Point",
        "coordinates": [
          14.066771399999999,
          40.8049902
        ]
      },
      "properties": {
        "event_id": "AUTO_EV_58223",
        "energia": 5,
        "lisa_cluster": "Low-Low (Coldspot)",
        "local_moran": 0.017876707051256487
      }
    },
    {
      "type": "Feature",
      "geometry": {
        "type": "Point",
        "coordinates": [
          14.114131833333333,
          40.81517733333333
        ]
      },
      "properties": {
        "event_id": "AUTO_EV_58224",
        "energia": 6,
        "lisa_cluster": "High-High (Hotspot)",
        "local_moran": 0.19846940515954492
      }
    },
    {
      "type": "Feature",
      "geometry": {
        "type": "Point",
        "coordinates": [
          14.0929312,
          40.8110968
        ]
      },
      "properties": {
        "event_id": "AUTO_EV_58225",
        "energia": 5,
        "lisa_cluster": "Low-High (Outlier)",
        "local_moran": -0.006259714318862677
      }
    },
    {
      "type": "Feature",
      "geometry": {
        "type": "Point",
        "coordinates": [
          14.121331,
          40.8152945
        ]
      },
      "properties": {
        "event_id": "AUTO_EV_58226",
        "energia": 6,
        "lisa_cluster": "High-High (Hotspot)",
        "local_moran": 0.22763013119537007
      }
    },
    {
      "type": "Feature",
      "geometry": {
        "type": "Point",
        "coordinates": [
          14.0976805,
          40.83098175
        ]
      },
      "properties": {
        "event_id": "AUTO_EV_58227",
        "energia": 4,
        "lisa_cluster": "Low-Low (Coldspot)",
        "local_moran": 0.15630961847368496
      }
    },
    {
      "type": "Feature",
      "geometry": {
        "type": "Point",
        "coordinates": [
          14.103207555555555,
          40.81183888888889
        ]
      },
      "properties": {
        "event_id": "AUTO_EV_58228",
        "energia": 9,
        "lisa_cluster": "High-High (Hotspot)",
        "local_moran": 0.4225074237654697
      }
    },
    {
      "type": "Feature",
      "geometry": {
        "type": "Point",
        "coordinates": [
          14.1132574,
          40.8069628
        ]
      },
      "properties": {
        "event_id": "AUTO_EV_58229",
        "energia": 5,
        "lisa_cluster": "Low-High (Outlier)",
        "local_moran": -0.03669915288201189
      }
    },
    {
      "type": "Feature",
      "geometry": {
        "type": "Point",
        "coordinates": [
          14.0956545,
          40.803298625000004
        ]
      },
      "properties": {
        "event_id": "AUTO_EV_58230",
        "energia": 8,
        "lisa_cluster": "High-High (Hotspot)",
        "local_moran": 0.03512187504016191
      }
    },
    {
      "type": "Feature",
      "geometry": {
        "type": "Point",
        "coordinates": [
          14.13487775,
          40.81764625
        ]
      },
      "properties": {
        "event_id": "AUTO_EV_58231",
        "energia": 4,
        "lisa_cluster": "Low-High (Outlier)",
        "local_moran": -0.11848836186302691
      }
    },
    {
      "type": "Feature",
      "geometry": {
        "type": "Point",
        "coordinates": [
          14.1305695,
          40.81184366666667
        ]
      },
      "properties": {
        "event_id": "AUTO_EV_58232",
        "energia": 6,
        "lisa_cluster": "High-High (Hotspot)",
        "local_moran": 0.08596740538455969
      }
    },
    {
      "type": "Feature",
      "geometry": {
        "type": "Point",
        "coordinates": [
          14.091952800000001,
          40.792526800000005
        ]
      },
      "properties": {
        "event_id": "AUTO_EV_58233",
        "energia": 5,
        "lisa_cluster": "Low-Low (Coldspot)",
        "local_moran": 0.017033474104904734
      }
    },
    {
      "type": "Feature",
      "geometry": {
        "type": "Point",
        "coordinates": [
          14.106629333333332,
          40.80991166666667
        ]
      },
      "properties": {
        "event_id": "AUTO_EV_58234",
        "energia": 6,
        "lisa_cluster": "High-High (Hotspot)",
        "local_moran": 0.08522394149072031
      }
    },
    {
      "type": "Feature",
      "geometry": {
        "type": "Point",
        "coordinates": [
          14.05562725,
          40.7791735
        ]
      },
      "properties": {
        "event_id": "AUTO_EV_58235",
        "energia": 4,
        "lisa_cluster": "Low-Low (Coldspot)",
        "local_moran": 0.28428246169158317
      }
    },
    {
      "type": "Feature",
      "geometry": {
        "type": "Point",
        "coordinates": [
          14.037814,
          40.77842566666667
        ]
      },
      "properties": {
        "event_id": "AUTO_EV_58236",
        "energia": 3,
        "lisa_cluster": "Low-Low (Coldspot)",
        "local_moran": 0.9348198645712001
      }
    },
    {
      "type": "Feature",
      "geometry": {
        "type": "Point",
        "coordinates": [
          14.116988454545456,
          40.812526999999996
        ]
      },
      "properties": {
        "event_id": "AUTO_EV_58237",
        "energia": 11,
        "lisa_cluster": "High-High (Hotspot)",
        "local_moran": 1.4171368906041624
      }
    },
    {
      "type": "Feature",
      "geometry": {
        "type": "Point",
        "coordinates": [
          14.0902636,
          40.788989400000006
        ]
      },
      "properties": {
        "event_id": "AUTO_EV_58238",
        "energia": 5,
        "lisa_cluster": "Low-Low (Coldspot)",
        "local_moran": 0.01724395582741851
      }
    },
    {
      "type": "Feature",
      "geometry": {
        "type": "Point",
        "coordinates": [
          14.149744857142858,
          40.82142700000001
        ]
      },
      "properties": {
        "event_id": "AUTO_EV_58239",
        "energia": 7,
        "lisa_cluster": "High-Low (Outlier)",
        "local_moran": -0.12876075406103027
      }
    },
    {
      "type": "Feature",
      "geometry": {
        "type": "Point",
        "coordinates": [
          14.109130166666667,
          40.81025566666667
        ]
      },
      "properties": {
        "event_id": "AUTO_EV_58240",
        "energia": 6,
        "lisa_cluster": "High-High (Hotspot)",
        "local_moran": 0.08872955508280592
      }
    },
    {
      "type": "Feature",
      "geometry": {
        "type": "Point",
        "coordinates": [
          14.1153825,
          40.808803375000004
        ]
      },
      "properties": {
        "event_id": "AUTO_EV_58241",
        "energia": 8,
        "lisa_cluster": "High-High (Hotspot)",
        "local_moran": 0.45967702597162263
      }
    },
    {
      "type": "Feature",
      "geometry": {
        "type": "Point",
        "coordinates": [
          14.139622222222222,
          40.82203011111111
        ]
      },
      "properties": {
        "event_id": "AUTO_EV_58242",
        "energia": 9,
        "lisa_cluster": "High-Low (Outlier)",
        "local_moran": -0.08867292732040549
      }
    },
    {
      "type": "Feature",
      "geometry": {
        "type": "Point",
        "coordinates": [
          14.132125400000001,
          40.8106054
        ]
      },
      "properties": {
        "event_id": "AUTO_EV_58243",
        "energia": 5,
        "lisa_cluster": "Low-High (Outlier)",
        "local_moran": -0.021331796750945924
      }
    },
    {
      "type": "Feature",
      "geometry": {
        "type": "Point",
        "coordinates": [
          14.110907599999999,
          40.7946386
        ]
      },
      "properties": {
        "event_id": "AUTO_EV_58244",
        "energia": 5,
        "lisa_cluster": "Low-Low (Coldspot)",
        "local_moran": 0.01703721668945516
      }
    },
    {
      "type": "Feature",
      "geometry": {
        "type": "Point",
        "coordinates": [
          14.09862975,
          40.810477250000005
        ]
      },
      "properties": {
        "event_id": "AUTO_EV_58245",
        "energia": 4,
        "lisa_cluster": "Low-High (Outlier)",
        "local_moran": -0.11907460142401295
      }
    },
    {
      "type": "Feature",
      "geometry": {
        "type": "Point",
        "coordinates": [
          14.1321055,
          40.805572833333336
        ]
      },
      "properties": {
        "event_id": "AUTO_EV_58246",
        "energia": 6,
        "lisa_cluster": "High-High (Hotspot)",
        "local_moran": 0.002445530917627458
      }
    },
    {
      "type": "Feature",
      "geometry": {
        "type": "Point",
        "coordinates": [
          14.0910026,
          40.8045346
        ]
      },
      "properties": {
        "event_id": "AUTO_EV_58247",
        "energia": 5,
        "lisa_cluster": "Low-High (Outlier)",
        "local_moran": -0.0009760121735194458
      }
    },
    {
      "type": "Feature",
      "geometry": {
        "type": "Point",
        "coordinates": [
          14.123530857142857,
          40.817339571428576
        ]
      },
      "properties": {
        "event_id": "AUTO_EV_58248",
        "energia": 7,
        "lisa_cluster": "High-High (Hotspot)",
        "local_moran": 1.0794330173092337
      }
    },
    {
      "type": "Feature",
      "geometry": {
        "type": "Point",
        "coordinates": [
          14.12622625,
          40.812552
        ]
      },
      "properties": {
        "event_id": "AUTO_EV_58249",
        "energia": 4,
        "lisa_cluster": "Low-High (Outlier)",
        "local_moran": -0.19704693288344616
      }
    },
    {
      "type": "Feature",
      "geometry": {
        "type": "Point",
        "coordinates": [
          14.105744,
          40.795689
        ]
      },
      "properties": {
        "event_id": "AUTO_EV_58250",
        "energia": 6,
        "lisa_cluster": "High-Low (Outlier)",
        "local_moran": -0.012342302294953658
      }
    },
    {
      "type": "Feature",
      "geometry": {
        "type": "Point",
        "coordinates": [
          14.121239714285716,
          40.810923
        ]
      },
      "properties": {
        "event_id": "AUTO_EV_58251",
        "energia": 7,
        "lisa_cluster": "High-High (Hotspot)",
        "local_moran": 0.24940285624893005
      }
    },
    {
      "type": "Feature",
      "geometry": {
        "type": "Point",
        "coordinates": [
          14.094052499999998,
          40.794518333333336
        ]
      },
      "properties": {
        "event_id": "AUTO_EV_58252",
        "energia": 6,
        "lisa_cluster": "High-Low (Outlier)",
        "local_moran": -0.008980490867740202
      }
    },
    {
      "type": "Feature",
      "geometry": {
        "type": "Point",
        "coordinates": [
          14.0779995,
          40.805366250000006
        ]
      },
      "properties": {
        "event_id": "AUTO_EV_58253",
        "energia": 4,
        "lisa_cluster": "Low-Low (Coldspot)",
        "local_moran": 0.29211935993711874
      }
    },
    {
      "type": "Feature",
      "geometry": {
        "type": "Point",
        "coordinates": [
          14.127089833333335,
          40.8068255
        ]
      },
      "properties": {
        "event_id": "AUTO_EV_58254",
        "energia": 6,
        "lisa_cluster": "High-High (Hotspot)",
        "local_moran": 0.056110415195856904
      }
    },
    {
      "type": "Feature",
      "geometry": {
        "type": "Point",
        "coordinates": [
          14.0623112,
          40.778969599999996
        ]
      },
      "properties": {
        "event_id": "AUTO_EV_58255",
        "energia": 5,
        "lisa_cluster": "Low-Low (Coldspot)",
        "local_moran": 0.01738991262753872
      }
    },
    {
      "type": "Feature",
      "geometry": {
        "type": "Point",
        "coordinates": [
          14.120390333333333,
          40.821711
        ]
      },
      "properties": {
        "event_id": "AUTO_EV_58256",
        "energia": 3,
        "lisa_cluster": "Low-High (Outlier)",
        "local_moran": -0.7562970981547497
      }
    },
    {
      "type": "Feature",
      "geometry": {
        "type": "Point",
        "coordinates": [
          14.0835515,
          40.77804825
        ]
      },
      "properties": {
        "event_id": "AUTO_EV_58257",
        "energia": 4,
        "lisa_cluster": "Low-Low (Coldspot)",
        "local_moran": 0.30003916952495274
      }
    },
    {
      "type": "Feature",
      "geometry": {
        "type": "Point",
        "coordinates": [
          14.09227175,
          40.8008535
        ]
      },
      "properties": {
        "event_id": "AUTO_EV_58258",
        "energia": 4,
        "lisa_cluster": "Low-High (Outlier)",
        "local_moran": -0.008357224485972405
      }
    },
    {
      "type": "Feature",
      "geometry": {
        "type": "Point",
        "coordinates": [
          14.118440857142858,
          40.79988671428571
        ]
      },
      "properties": {
        "event_id": "AUTO_EV_58259",
        "energia": 7,
        "lisa_cluster": "High-Low (Outlier)",
        "local_moran": -0.021820434402532052
      }
    },
    {
      "type": "Feature",
      "geometry": {
        "type": "Point",
        "coordinates": [
          14.08589925,
          40.80793725
        ]
      },
      "properties": {
        "event_id": "AUTO_EV_58260",
        "energia": 4,
        "lisa_cluster": "Low-Low (Coldspot)",
        "local_moran": 0.03827714508344045
      }
    },
    {
      "type": "Feature",
      "geometry": {
        "type": "Point",
        "coordinates": [
          14.127446333333333,
          40.81135666666667
        ]
      },
      "properties": {
        "event_id": "AUTO_EV_58261",
        "energia": 3,
        "lisa_cluster": "Low-High (Outlier)",
        "local_moran": -0.29853124920801827
      }
    },
    {
      "type": "Feature",
      "geometry": {
        "type": "Point",
        "coordinates": [
          14.084225,
          40.796185
        ]
      },
      "properties": {
        "event_id": "AUTO_EV_58262",
        "energia": 4,
        "lisa_cluster": "Low-Low (Coldspot)",
        "local_moran": 0.046222642268444386
      }
    },
    {
      "type": "Feature",
      "geometry": {
        "type": "Point",
        "coordinates": [
          14.1524312,
          40.8179968
        ]
      },
      "properties": {
        "event_id": "AUTO_EV_58263",
        "energia": 5,
        "lisa_cluster": "Low-Low (Coldspot)",
        "local_moran": 0.03387322057907123
      }
    },
    {
      "type": "Feature",
      "geometry": {
        "type": "Point",
        "coordinates": [
          14.125527428571429,
          40.81047757142857
        ]
      },
      "properties": {
        "event_id": "AUTO_EV_58264",
        "energia": 7,
        "lisa_cluster": "High-High (Hotspot)",
        "local_moran": 0.22850015485262942
      }
    },
    {
      "type": "Feature",
      "geometry": {
        "type": "Point",
        "coordinates": [
          14.125067999999999,
          40.81804983333333
        ]
      },
      "properties": {
        "event_id": "AUTO_EV_58265",
        "energia": 6,
        "lisa_cluster": "High-High (Hotspot)",
        "local_moran": 0.4112737921478067
      }
    },
    {
      "type": "Feature",
      "geometry": {
        "type": "Point",
        "coordinates": [
          14.141940499999999,
          40.81829716666667
        ]
      },
      "properties": {
        "event_id": "AUTO_EV_58266",
        "energia": 6,
        "lisa_cluster": "High-Low (Outlier)",
        "local_moran": -0.019801253475543432
      }
    },
    {
      "type": "Feature",
      "geometry": {
        "type": "Point",
        "coordinates": [
          14.124117,
          40.795548
        ]
      },
      "properties": {
        "event_id": "AUTO_EV_58267",
        "energia": 4,
        "lisa_cluster": "Low-Low (Coldspot)",
        "local_moran": 0.2943635617289082
      }
    },
    {
      "type": "Feature",
      "geometry": {
        "type": "Point",
        "coordinates": [
          14.142030166666666,
          40.8215175
        ]
      },
      "properties": {
        "event_id": "AUTO_EV_58268",
        "energia": 6,
        "lisa_cluster": "High-Low (Outlier)",
        "local_moran": -0.015521864164206674
      }
    },
    {
      "type": "Feature",
      "geometry": {
        "type": "Point",
        "coordinates": [
          14.098710599999999,
          40.8065688
        ]
      },
      "properties": {
        "event_id": "AUTO_EV_58269",
        "energia": 5,
        "lisa_cluster": "Low-High (Outlier)",
        "local_moran": -0.01636957244288722
      }
    },
    {
      "type": "Feature",
      "geometry": {
        "type": "Point",
        "coordinates": [
          14.063120999999999,
          40.8041425
        ]
      },
      "properties": {
        "event_id": "AUTO_EV_58270",
        "energia": 4,
        "lisa_cluster": "Low-Low (Coldspot)",
        "local_moran": 0.30105649622418246
      }
    },
    {
      "type": "Feature",
      "geometry": {
        "type": "Point",
        "coordinates": [
          14.05850825,
          40.782506
        ]
      },
      "properties": {
        "event_id": "AUTO_EV_58271",
        "energia": 4,
        "lisa_cluster": "Low-Low (Coldspot)",
        "local_moran": 0.3015735685464096
      }
    },
    {
      "type": "Feature",
      "geometry": {
        "type": "Point",
        "coordinates": [
          14.1085355,
          40.79173725
        ]
      },
      "properties": {
        "event_id": "AUTO_EV_58272",
        "energia": 4,
        "lisa_cluster": "Low-Low (Coldspot)",
        "local_moran": 0.06855203329192672
      }
    },
    {
      "type": "Feature",
      "geometry": {
        "type": "Point",
        "coordinates": [
          14.0623112,
          40.778969599999996
        ]
      },
      "properties": {
        "event_id": "AUTO_EV_58273",
        "energia": 5,
        "lisa_cluster": "Low-Low (Coldspot)",
        "local_moran": 0.01738991262753872
      }
    },
    {
      "type": "Feature",
      "geometry": {
        "type": "Point",
        "coordinates": [
          14.086247428571427,
          40.804349
        ]
      },
      "properties": {
        "event_id": "AUTO_EV_58274",
        "energia": 7,
        "lisa_cluster": "High-Low (Outlier)",
        "local_moran": -0.02979815412298802
      }
    },
    {
      "type": "Feature",
      "geometry": {
        "type": "Point",
        "coordinates": [
          14.105009,
          40.81180725
        ]
      },
      "properties": {
        "event_id": "AUTO_EV_58275",
        "energia": 4,
        "lisa_cluster": "Low-High (Outlier)",
        "local_moran": -0.19883705260289533
      }
    },
    {
      "type": "Feature",
      "geometry": {
        "type": "Point",
        "coordinates": [
          14.0606275,
          40.774319250000005
        ]
      },
      "properties": {
        "event_id": "AUTO_EV_58276",
        "energia": 4,
        "lisa_cluster": "Low-Low (Coldspot)",
        "local_moran": 0.3015964528214169
      }
    },
    {
      "type": "Feature",
      "geometry": {
        "type": "Point",
        "coordinates": [
          14.143976599999998,
          40.8155718
        ]
      },
      "properties": {
        "event_id": "AUTO_EV_58277",
        "energia": 5,
        "lisa_cluster": "Low-Low (Coldspot)",
        "local_moran": 0.019844921330498304
      }
    },
    {
      "type": "Feature",
      "geometry": {
        "type": "Point",
        "coordinates": [
          14.095720333333333,
          40.77924166666667
        ]
      },
      "properties": {
        "event_id": "AUTO_EV_58278",
        "energia": 3,
        "lisa_cluster": "Low-Low (Coldspot)",
        "local_moran": 0.9289602654926883
      }
    },
    {
      "type": "Feature",
      "geometry": {
        "type": "Point",
        "coordinates": [
          14.121029400000001,
          40.826294000000004
        ]
      },
      "properties": {
        "event_id": "AUTO_EV_58279",
        "energia": 5,
        "lisa_cluster": "Low-High (Outlier)",
        "local_moran": -0.08642608009829235
      }
    },
    {
      "type": "Feature",
      "geometry": {
        "type": "Point",
        "coordinates": [
          14.137171799999999,
          40.8089258
        ]
      },
      "properties": {
        "event_id": "AUTO_EV_58280",
        "energia": 5,
        "lisa_cluster": "Low-Low (Coldspot)",
        "local_moran": 0.0156484354776005
      }
    },
    {
      "type": "Feature",
      "geometry": {
        "type": "Point",
        "coordinates": [
          14.110931,
          40.795741666666665
        ]
      },
      "properties": {
        "event_id": "AUTO_EV_58281",
        "energia": 3,
        "lisa_cluster": "Low-Low (Coldspot)",
        "local_moran": 0.9059859963451068
      }
    },
    {
      "type": "Feature",
      "geometry": {
        "type": "Point",
        "coordinates": [
          14.124052333333333,
          40.819713666666665
        ]
      },
      "properties": {
        "event_id": "AUTO_EV_58282",
        "energia": 3,
        "lisa_cluster": "Low-High (Outlier)",
        "local_moran": -1.1248555979214825
      }
    },
    {
      "type": "Feature",
      "geometry": {
        "type": "Point",
        "coordinates": [
          14.1159275,
          40.80240466666667
        ]
      },
      "properties": {
        "event_id": "AUTO_EV_58283",
        "energia": 6,
        "lisa_cluster": "High-High (Hotspot)",
        "local_moran": 0.028825756867538646
      }
    },
    {
      "type": "Feature",
      "geometry": {
        "type": "Point",
        "coordinates": [
          14.1048294,
          40.8054264
        ]
      },
      "properties": {
        "event_id": "AUTO_EV_58284",
        "energia": 5,
        "lisa_cluster": "Low-High (Outlier)",
        "local_moran": -0.025022746485268994
      }
    },
    {
      "type": "Feature",
      "geometry": {
        "type": "Point",
        "coordinates": [
          14.07532775,
          40.79372375
        ]
      },
      "properties": {
        "event_id": "AUTO_EV_58285",
        "energia": 4,
        "lisa_cluster": "Low-Low (Coldspot)",
        "local_moran": 0.11866366305578957
      }
    },
    {
      "type": "Feature",
      "geometry": {
        "type": "Point",
        "coordinates": [
          14.0503455,
          40.78464725
        ]
      },
      "properties": {
        "event_id": "AUTO_EV_58286",
        "energia": 4,
        "lisa_cluster": "Low-Low (Coldspot)",
        "local_moran": 0.30156680962816473
      }
    },
    {
      "type": "Feature",
      "geometry": {
        "type": "Point",
        "coordinates": [
          14.103447142857144,
          40.81880157142857
        ]
      },
      "properties": {
        "event_id": "AUTO_EV_58287",
        "energia": 7,
        "lisa_cluster": "High-High (Hotspot)",
        "local_moran": 0.22478814620034743
      }
    },
    {
      "type": "Feature",
      "geometry": {
        "type": "Point",
        "coordinates": [
          14.1240889,
          40.818174600000006
        ]
      },
      "properties": {
        "event_id": "AUTO_EV_58288",
        "energia": 20,
        "lisa_cluster": "High-High (Hotspot)",
        "local_moran": 37.51766150463463
      }
    },
    {
      "type": "Feature",
      "geometry": {
        "type": "Point",
        "coordinates": [
          14.123284315789473,
          40.81700278947368
        ]
      },
      "properties": {
        "event_id": "AUTO_EV_58289",
        "energia": 19,
        "lisa_cluster": "High-High (Hotspot)",
        "local_moran": 30.08077625948486
      }
    },
    {
      "type": "Feature",
      "geometry": {
        "type": "Point",
        "coordinates": [
          14.1113185625,
          40.815823
        ]
      },
      "properties": {
        "event_id": "AUTO_EV_58290",
        "energia": 16,
        "lisa_cluster": "High-High (Hotspot)",
        "local_moran": 2.6625008112334227
      }
    },
    {
      "type": "Feature",
      "geometry": {
        "type": "Point",
        "coordinates": [
          14.104156153846153,
          40.814887538461534
        ]
      },
      "properties": {
        "event_id": "AUTO_EV_58291",
        "energia": 13,
        "lisa_cluster": "High-High (Hotspot)",
        "local_moran": 1.088015055438796
      }
    },
    {
      "type": "Feature",
      "geometry": {
        "type": "Point",
        "coordinates": [
          14.1213805,
          40.825604625
        ]
      },
      "properties": {
        "event_id": "AUTO_EV_58292",
        "energia": 8,
        "lisa_cluster": "High-High (Hotspot)",
        "local_moran": 0.7131329334626398
      }
    },
    {
      "type": "Feature",
      "geometry": {
        "type": "Point",
        "coordinates": [
          14.070142200000001,
          40.793607200000004
        ]
      },
      "properties": {
        "event_id": "AUTO_EV_58293",
        "energia": 5,
        "lisa_cluster": "Low-Low (Coldspot)",
        "local_moran": 0.032666067586891966
      }
    },
    {
      "type": "Feature",
      "geometry": {
        "type": "Point",
        "coordinates": [
          14.141112111111111,
          40.81940922222222
        ]
      },
      "properties": {
        "event_id": "AUTO_EV_58294",
        "energia": 9,
        "lisa_cluster": "High-Low (Outlier)",
        "local_moran": -0.06286727897815021
      }
    },
    {
      "type": "Feature",
      "geometry": {
        "type": "Point",
        "coordinates": [
          14.074438428571428,
          40.79269457142857
        ]
      },
      "properties": {
        "event_id": "AUTO_EV_58295",
        "energia": 7,
        "lisa_cluster": "High-Low (Outlier)",
        "local_moran": -0.1825625566234813
      }
    },
    {
      "type": "Feature",
      "geometry": {
        "type": "Point",
        "coordinates": [
          14.103845625,
          40.81257275
        ]
      },
      "properties": {
        "event_id": "AUTO_EV_58296",
        "energia": 8,
        "lisa_cluster": "High-High (Hotspot)",
        "local_moran": 0.37633025516169033
      }
    },
    {
      "type": "Feature",
      "geometry": {
        "type": "Point",
        "coordinates": [
          14.107252666666668,
          40.8061555
        ]
      },
      "properties": {
        "event_id": "AUTO_EV_58297",
        "energia": 6,
        "lisa_cluster": "High-High (Hotspot)",
        "local_moran": 0.058546665369266795
      }
    },
    {
      "type": "Feature",
      "geometry": {
        "type": "Point",
        "coordinates": [
          14.082504,
          40.807505142857146
        ]
      },
      "properties": {
        "event_id": "AUTO_EV_58298",
        "energia": 7,
        "lisa_cluster": "High-Low (Outlier)",
        "local_moran": -0.07313262354972054
      }
    },
    {
      "type": "Feature",
      "geometry": {
        "type": "Point",
        "coordinates": [
          14.094261625,
          40.813543875
        ]
      },
      "properties": {
        "event_id": "AUTO_EV_58299",
        "energia": 8,
        "lisa_cluster": "High-High (Hotspot)",
        "local_moran": 0.08190594177843397
      }
    },
    {
      "type": "Feature",
      "geometry": {
        "type": "Point",
        "coordinates": [
          14.079896,
          40.80175833333333
        ]
      },
      "properties": {
        "event_id": "AUTO_EV_58300",
        "energia": 9,
        "lisa_cluster": "High-Low (Outlier)",
        "local_moran": -0.2588320148102462
      }
    },
    {
      "type": "Feature",
      "geometry": {
        "type": "Point",
        "coordinates": [
          14.1202224,
          40.814155400000004
        ]
      },
      "properties": {
        "event_id": "AUTO_EV_58301",
        "energia": 5,
        "lisa_cluster": "Low-Low (Coldspot)",
        "local_moran": 0.007632399371117807
      }
    },
    {
      "type": "Feature",
      "geometry": {
        "type": "Point",
        "coordinates": [
          14.0834358,
          40.791842200000005
        ]
      },
      "properties": {
        "event_id": "AUTO_EV_58302",
        "energia": 5,
        "lisa_cluster": "Low-Low (Coldspot)",
        "local_moran": 0.01991547333207746
      }
    },
    {
      "type": "Feature",
      "geometry": {
        "type": "Point",
        "coordinates": [
          14.108461199999999,
          40.808247800000004
        ]
      },
      "properties": {
        "event_id": "AUTO_EV_58303",
        "energia": 5,
        "lisa_cluster": "Low-Low (Coldspot)",
        "local_moran": 0.012292246226034205
      }
    },
    {
      "type": "Feature",
      "geometry": {
        "type": "Point",
        "coordinates": [
          14.0700192,
          40.7810038
        ]
      },
      "properties": {
        "event_id": "AUTO_EV_58304",
        "energia": 5,
        "lisa_cluster": "Low-Low (Coldspot)",
        "local_moran": 0.05349588652283403
      }
    },
    {
      "type": "Feature",
      "geometry": {
        "type": "Point",
        "coordinates": [
          14.14288225,
          40.80171
        ]
      },
      "properties": {
        "event_id": "AUTO_EV_58305",
        "energia": 4,
        "lisa_cluster": "Low-Low (Coldspot)",
        "local_moran": 0.29711065850056534
      }
    },
    {
      "type": "Feature",
      "geometry": {
        "type": "Point",
        "coordinates": [
          14.040270666666666,
          40.775895999999996
        ]
      },
      "properties": {
        "event_id": "AUTO_EV_58306",
        "energia": 3,
        "lisa_cluster": "Low-Low (Coldspot)",
        "local_moran": 0.6762431892871981
      }
    },
    {
      "type": "Feature",
      "geometry": {
        "type": "Point",
        "coordinates": [
          14.07988175,
          40.79086425
        ]
      },
      "properties": {
        "event_id": "AUTO_EV_58307",
        "energia": 4,
        "lisa_cluster": "Low-Low (Coldspot)",
        "local_moran": 0.09055802916818143
      }
    },
    {
      "type": "Feature",
      "geometry": {
        "type": "Point",
        "coordinates": [
          14.0938155,
          40.813898875
        ]
      },
      "properties": {
        "event_id": "AUTO_EV_58308",
        "energia": 8,
        "lisa_cluster": "High-High (Hotspot)",
        "local_moran": 0.08566494060158322
      }
    },
    {
      "type": "Feature",
      "geometry": {
        "type": "Point",
        "coordinates": [
          14.110451333333334,
          40.81188822222222
        ]
      },
      "properties": {
        "event_id": "AUTO_EV_58309",
        "energia": 9,
        "lisa_cluster": "High-High (Hotspot)",
        "local_moran": 0.9070166564516596
      }
    },
    {
      "type": "Feature",
      "geometry": {
        "type": "Point",
        "coordinates": [
          14.064486,
          40.799600749999996
        ]
      },
      "properties": {
        "event_id": "AUTO_EV_58310",
        "energia": 4,
        "lisa_cluster": "Low-Low (Coldspot)",
        "local_moran": 0.1717945902197344
      }
    },
    {
      "type": "Feature",
      "geometry": {
        "type": "Point",
        "coordinates": [
          14.086620857142858,
          40.80294885714285
        ]
      },
      "properties": {
        "event_id": "AUTO_EV_58311",
        "energia": 7,
        "lisa_cluster": "High-High (Hotspot)",
        "local_moran": 0.012304219829891437
      }
    },
    {
      "type": "Feature",
      "geometry": {
        "type": "Point",
        "coordinates": [
          14.108733555555554,
          40.814291777777775
        ]
      },
      "properties": {
        "event_id": "AUTO_EV_58312",
        "energia": 9,
        "lisa_cluster": "High-High (Hotspot)",
        "local_moran": 0.6433358895248534
      }
    },
    {
      "type": "Feature",
      "geometry": {
        "type": "Point",
        "coordinates": [
          14.111447375000001,
          40.8054135
        ]
      },
      "properties": {
        "event_id": "AUTO_EV_58313",
        "energia": 8,
        "lisa_cluster": "High-High (Hotspot)",
        "local_moran": 0.21582153300662038
      }
    },
    {
      "type": "Feature",
      "geometry": {
        "type": "Point",
        "coordinates": [
          14.129934857142857,
          40.81859285714285
        ]
      },
      "properties": {
        "event_id": "AUTO_EV_58314",
        "energia": 7,
        "lisa_cluster": "High-High (Hotspot)",
        "local_moran": 0.2996299846000917
      }
    },
    {
      "type": "Feature",
      "geometry": {
        "type": "Point",
        "coordinates": [
          14.108477,
          40.806164833333334
        ]
      },
      "properties": {
        "event_id": "AUTO_EV_58315",
        "energia": 6,
        "lisa_cluster": "High-High (Hotspot)",
        "local_moran": 0.06573235805455847
      }
    },
    {
      "type": "Feature",
      "geometry": {
        "type": "Point",
        "coordinates": [
          14.023055333333334,
          40.780188333333335
        ]
      },
      "properties": {
        "event_id": "AUTO_EV_58316",
        "energia": 3,
        "lisa_cluster": "Low-Low (Coldspot)",
        "local_moran": 0.8357639074425542
      }
    },
    {
      "type": "Feature",
      "geometry": {
        "type": "Point",
        "coordinates": [
          14.13529675,
          40.80873475
        ]
      },
      "properties": {
        "event_id": "AUTO_EV_58317",
        "energia": 4,
        "lisa_cluster": "Low-Low (Coldspot)",
        "local_moran": 0.0008811822969031566
      }
    },
    {
      "type": "Feature",
      "geometry": {
        "type": "Point",
        "coordinates": [
          14.110189,
          40.810735
        ]
      },
      "properties": {
        "event_id": "AUTO_EV_58318",
        "energia": 7,
        "lisa_cluster": "High-High (Hotspot)",
        "local_moran": 0.3147170452163081
      }
    },
    {
      "type": "Feature",
      "geometry": {
        "type": "Point",
        "coordinates": [
          14.048832,
          40.788435
        ]
      },
      "properties": {
        "event_id": "AUTO_EV_58319",
        "energia": 4,
        "lisa_cluster": "Low-Low (Coldspot)",
        "local_moran": 0.30701442541053714
      }
    },
    {
      "type": "Feature",
      "geometry": {
        "type": "Point",
        "coordinates": [
          14.087008714285714,
          40.80073514285714
        ]
      },
      "properties": {
        "event_id": "AUTO_EV_58320",
        "energia": 7,
        "lisa_cluster": "High-Low (Outlier)",
        "local_moran": -0.029723993969832066
      }
    },
    {
      "type": "Feature",
      "geometry": {
        "type": "Point",
        "coordinates": [
          14.0965455,
          40.808793
        ]
      },
      "properties": {
        "event_id": "AUTO_EV_58321",
        "energia": 4,
        "lisa_cluster": "Low-Low (Coldspot)",
        "local_moran": 0.28858131171104723
      }
    },
    {
      "type": "Feature",
      "geometry": {
        "type": "Point",
        "coordinates": [
          14.132498250000001,
          40.80465625
        ]
      },
      "properties": {
        "event_id": "AUTO_EV_58322",
        "energia": 4,
        "lisa_cluster": "Low-Low (Coldspot)",
        "local_moran": 0.2854837528679127
      }
    },
    {
      "type": "Feature",
      "geometry": {
        "type": "Point",
        "coordinates": [
          14.095426166666668,
          40.79522383333333
        ]
      },
      "properties": {
        "event_id": "AUTO_EV_58323",
        "energia": 6,
        "lisa_cluster": "High-Low (Outlier)",
        "local_moran": -0.009793026341863053
      }
    },
    {
      "type": "Feature",
      "geometry": {
        "type": "Point",
        "coordinates": [
          14.0999442,
          40.807563200000004
        ]
      },
      "properties": {
        "event_id": "AUTO_EV_58324",
        "energia": 5,
        "lisa_cluster": "Low-Low (Coldspot)",
        "local_moran": 0.013353028742817016
      }
    },
    {
      "type": "Feature",
      "geometry": {
        "type": "Point",
        "coordinates": [
          14.098336571428572,
          40.79068414285714
        ]
      },
      "properties": {
        "event_id": "AUTO_EV_58325",
        "energia": 7,
        "lisa_cluster": "High-Low (Outlier)",
        "local_moran": -0.09796977455449125
      }
    },
    {
      "type": "Feature",
      "geometry": {
        "type": "Point",
        "coordinates": [
          14.105741333333333,
          40.79354766666666
        ]
      },
      "properties": {
        "event_id": "AUTO_EV_58326",
        "energia": 3,
        "lisa_cluster": "Low-Low (Coldspot)",
        "local_moran": 0.07949529600824844
      }
    },
    {
      "type": "Feature",
      "geometry": {
        "type": "Point",
        "coordinates": [
          14.064616000000001,
          40.7816356
        ]
      },
      "properties": {
        "event_id": "AUTO_EV_58327",
        "energia": 5,
        "lisa_cluster": "Low-Low (Coldspot)",
        "local_moran": 0.017571368895261914
      }
    },
    {
      "type": "Feature",
      "geometry": {
        "type": "Point",
        "coordinates": [
          14.1187904,
          40.805672400000006
        ]
      },
      "properties": {
        "event_id": "AUTO_EV_58328",
        "energia": 5,
        "lisa_cluster": "Low-Low (Coldspot)",
        "local_moran": 0.014776355346098466
      }
    },
    {
      "type": "Feature",
      "geometry": {
        "type": "Point",
        "coordinates": [
          14.0851635,
          40.7853905
        ]
      },
      "properties": {
        "event_id": "AUTO_EV_58329",
        "energia": 4,
        "lisa_cluster": "Low-Low (Coldspot)",
        "local_moran": 0.146006855641935
      }
    },
    {
      "type": "Feature",
      "geometry": {
        "type": "Point",
        "coordinates": [
          14.108760799999999,
          40.8003842
        ]
      },
      "properties": {
        "event_id": "AUTO_EV_58330",
        "energia": 5,
        "lisa_cluster": "Low-High (Outlier)",
        "local_moran": -0.008057339015217133
      }
    },
    {
      "type": "Feature",
      "geometry": {
        "type": "Point",
        "coordinates": [
          14.105971857142858,
          40.81275042857143
        ]
      },
      "properties": {
        "event_id": "AUTO_EV_58331",
        "energia": 7,
        "lisa_cluster": "High-High (Hotspot)",
        "local_moran": 0.29475289845284275
      }
    },
    {
      "type": "Feature",
      "geometry": {
        "type": "Point",
        "coordinates": [
          14.109886333333334,
          40.79947766666667
        ]
      },
      "properties": {
        "event_id": "AUTO_EV_58332",
        "energia": 6,
        "lisa_cluster": "High-High (Hotspot)",
        "local_moran": 0.016844757114084417
      }
    },
    {
      "type": "Feature",
      "geometry": {
        "type": "Point",
        "coordinates": [
          14.0906775,
          40.80642183333334
        ]
      },
      "properties": {
        "event_id": "AUTO_EV_58333",
        "energia": 6,
        "lisa_cluster": "High-Low (Outlier)",
        "local_moran": -0.002018593770578781
      }
    },
    {
      "type": "Feature",
      "geometry": {
        "type": "Point",
        "coordinates": [
          14.072756,
          40.80668525
        ]
      },
      "properties": {
        "event_id": "AUTO_EV_58334",
        "energia": 4,
        "lisa_cluster": "Low-Low (Coldspot)",
        "local_moran": 0.2966352233896831
      }
    },
    {
      "type": "Feature",
      "geometry": {
        "type": "Point",
        "coordinates": [
          14.04461075,
          40.784899
        ]
      },
      "properties": {
        "event_id": "AUTO_EV_58335",
        "energia": 4,
        "lisa_cluster": "Low-Low (Coldspot)",
        "local_moran": 0.30179426905172446
      }
    },
    {
      "type": "Feature",
      "geometry": {
        "type": "Point",
        "coordinates": [
          14.095720333333333,
          40.77924166666667
        ]
      },
      "properties": {
        "event_id": "AUTO_EV_58336",
        "energia": 3,
        "lisa_cluster": "Low-Low (Coldspot)",
        "local_moran": 0.928960265492688
      }
    },
    {
      "type": "Feature",
      "geometry": {
        "type": "Point",
        "coordinates": [
          14.131487,
          40.80634325
        ]
      },
      "properties": {
        "event_id": "AUTO_EV_58337",
        "energia": 4,
        "lisa_cluster": "Low-Low (Coldspot)",
        "local_moran": 0.2755859577024835
      }
    },
    {
      "type": "Feature",
      "geometry": {
        "type": "Point",
        "coordinates": [
          14.0766484,
          40.7985008
        ]
      },
      "properties": {
        "event_id": "AUTO_EV_58338",
        "energia": 5,
        "lisa_cluster": "Low-Low (Coldspot)",
        "local_moran": 0.01998293888165431
      }
    },
    {
      "type": "Feature",
      "geometry": {
        "type": "Point",
        "coordinates": [
          14.124122571428572,
          40.803531142857146
        ]
      },
      "properties": {
        "event_id": "AUTO_EV_58339",
        "energia": 7,
        "lisa_cluster": "High-High (Hotspot)",
        "local_moran": 0.08711547361043276
      }
    },
    {
      "type": "Feature",
      "geometry": {
        "type": "Point",
        "coordinates": [
          14.022603333333334,
          40.76192566666666
        ]
      },
      "properties": {
        "event_id": "AUTO_EV_58340",
        "energia": 3,
        "lisa_cluster": "Low-Low (Coldspot)",
        "local_moran": 0.9356547094051174
      }
    },
    {
      "type": "Feature",
      "geometry": {
        "type": "Point",
        "coordinates": [
          14.090822833333334,
          40.802833166666666
        ]
      },
      "properties": {
        "event_id": "AUTO_EV_58341",
        "energia": 6,
        "lisa_cluster": "High-High (Hotspot)",
        "local_moran": 0.0007551002826063858
      }
    },
    {
      "type": "Feature",
      "geometry": {
        "type": "Point",
        "coordinates": [
          14.10077775,
          40.809161
        ]
      },
      "properties": {
        "event_id": "AUTO_EV_58342",
        "energia": 4,
        "lisa_cluster": "Low-Low (Coldspot)",
        "local_moran": 0.26751100831684155
      }
    },
    {
      "type": "Feature",
      "geometry": {
        "type": "Point",
        "coordinates": [
          14.131308857142857,
          40.812236142857145
        ]
      },
      "properties": {
        "event_id": "AUTO_EV_58343",
        "energia": 7,
        "lisa_cluster": "High-High (Hotspot)",
        "local_moran": 0.19313528594719317
      }
    },
    {
      "type": "Feature",
      "geometry": {
        "type": "Point",
        "coordinates": [
          14.064616000000001,
          40.7816356
        ]
      },
      "properties": {
        "event_id": "AUTO_EV_58344",
        "energia": 5,
        "lisa_cluster": "Low-Low (Coldspot)",
        "local_moran": 0.017571368895261917
      }
    },
    {
      "type": "Feature",
      "geometry": {
        "type": "Point",
        "coordinates": [
          14.0784565,
          40.81277016666667
        ]
      },
      "properties": {
        "event_id": "AUTO_EV_58345",
        "energia": 6,
        "lisa_cluster": "High-Low (Outlier)",
        "local_moran": -0.04891416632213908
      }
    },
    {
      "type": "Feature",
      "geometry": {
        "type": "Point",
        "coordinates": [
          14.08598275,
          40.79772375
        ]
      },
      "properties": {
        "event_id": "AUTO_EV_58346",
        "energia": 4,
        "lisa_cluster": "Low-Low (Coldspot)",
        "local_moran": 0.04222819893668212
      }
    },
    {
      "type": "Feature",
      "geometry": {
        "type": "Point",
        "coordinates": [
          14.109731857142858,
          40.81335271428571
        ]
      },
      "properties": {
        "event_id": "AUTO_EV_58347",
        "energia": 7,
        "lisa_cluster": "High-High (Hotspot)",
        "local_moran": 0.32468477031075704
      }
    },
    {
      "type": "Feature",
      "geometry": {
        "type": "Point",
        "coordinates": [
          14.090906799999999,
          40.7968114
        ]
      },
      "properties": {
        "event_id": "AUTO_EV_58348",
        "energia": 5,
        "lisa_cluster": "Low-Low (Coldspot)",
        "local_moran": 0.016296535152115287
      }
    },
    {
      "type": "Feature",
      "geometry": {
        "type": "Point",
        "coordinates": [
          14.121481750000001,
          40.810381750000005
        ]
      },
      "properties": {
        "event_id": "AUTO_EV_58349",
        "energia": 4,
        "lisa_cluster": "Low-Low (Coldspot)",
        "local_moran": 0.2850329129031305
      }
    },
    {
      "type": "Feature",
      "geometry": {
        "type": "Point",
        "coordinates": [
          14.092701,
          40.812750750000006
        ]
      },
      "properties": {
        "event_id": "AUTO_EV_58350",
        "energia": 4,
        "lisa_cluster": "Low-High (Outlier)",
        "local_moran": -0.019316793404865248
      }
    },
    {
      "type": "Feature",
      "geometry": {
        "type": "Point",
        "coordinates": [
          14.14119125,
          40.84092
        ]
      },
      "properties": {
        "event_id": "AUTO_EV_58351",
        "energia": 4,
        "lisa_cluster": "Low-Low (Coldspot)",
        "local_moran": 0.2908449166229204
      }
    },
    {
      "type": "Feature",
      "geometry": {
        "type": "Point",
        "coordinates": [
          14.102968,
          40.798494000000005
        ]
      },
      "properties": {
        "event_id": "AUTO_EV_58352",
        "energia": 4,
        "lisa_cluster": "Low-High (Outlier)",
        "local_moran": -0.04987456057032339
      }
    },
    {
      "type": "Feature",
      "geometry": {
        "type": "Point",
        "coordinates": [
          14.121478,
          40.8096192
        ]
      },
      "properties": {
        "event_id": "AUTO_EV_58353",
        "energia": 5,
        "lisa_cluster": "Low-High (Outlier)",
        "local_moran": -0.03781245740687267
      }
    },
    {
      "type": "Feature",
      "geometry": {
        "type": "Point",
        "coordinates": [
          14.07684275,
          40.80539075
        ]
      },
      "properties": {
        "event_id": "AUTO_EV_58354",
        "energia": 4,
        "lisa_cluster": "Low-Low (Coldspot)",
        "local_moran": 0.29244672711211106
      }
    },
    {
      "type": "Feature",
      "geometry": {
        "type": "Point",
        "coordinates": [
          14.091723833333333,
          40.79708266666667
        ]
      },
      "properties": {
        "event_id": "AUTO_EV_58355",
        "energia": 6,
        "lisa_cluster": "High-High (Hotspot)",
        "local_moran": 0.07449303003659266
      }
    },
    {
      "type": "Feature",
      "geometry": {
        "type": "Point",
        "coordinates": [
          14.125060600000001,
          40.81639320000001
        ]
      },
      "properties": {
        "event_id": "AUTO_EV_58356",
        "energia": 5,
        "lisa_cluster": "Low-High (Outlier)",
        "local_moran": -0.1381042413801523
      }
    },
    {
      "type": "Feature",
      "geometry": {
        "type": "Point",
        "coordinates": [
          14.13307875,
          40.813639
        ]
      },
      "properties": {
        "event_id": "AUTO_EV_58357",
        "energia": 4,
        "lisa_cluster": "Low-High (Outlier)",
        "local_moran": -0.08938481967196338
      }
    },
    {
      "type": "Feature",
      "geometry": {
        "type": "Point",
        "coordinates": [
          14.1513295,
          40.8192625
        ]
      },
      "properties": {
        "event_id": "AUTO_EV_58358",
        "energia": 4,
        "lisa_cluster": "Low-Low (Coldspot)",
        "local_moran": 0.1278844274017983
      }
    },
    {
      "type": "Feature",
      "geometry": {
        "type": "Point",
        "coordinates": [
          14.081411800000001,
          40.7874484
        ]
      },
      "properties": {
        "event_id": "AUTO_EV_58359",
        "energia": 5,
        "lisa_cluster": "Low-Low (Coldspot)",
        "local_moran": 0.029556075637667708
      }
    },
    {
      "type": "Feature",
      "geometry": {
        "type": "Point",
        "coordinates": [
          14.095703,
          40.7955264
        ]
      },
      "properties": {
        "event_id": "AUTO_EV_58360",
        "energia": 5,
        "lisa_cluster": "Low-Low (Coldspot)",
        "local_moran": 0.004026927421600204
      }
    },
    {
      "type": "Feature",
      "geometry": {
        "type": "Point",
        "coordinates": [
          14.1060555,
          40.8122096
        ]
      },
      "properties": {
        "event_id": "AUTO_EV_58361",
        "energia": 10,
        "lisa_cluster": "High-High (Hotspot)",
        "local_moran": 0.7226522886501423
      }
    },
    {
      "type": "Feature",
      "geometry": {
        "type": "Point",
        "coordinates": [
          14.161605999999999,
          40.837331750000004
        ]
      },
      "properties": {
        "event_id": "AUTO_EV_58362",
        "energia": 4,
        "lisa_cluster": "Low-Low (Coldspot)",
        "local_moran": 0.23995654813728423
      }
    },
    {
      "type": "Feature",
      "geometry": {
        "type": "Point",
        "coordinates": [
          14.115291,
          40.7986712
        ]
      },
      "properties": {
        "event_id": "AUTO_EV_58363",
        "energia": 5,
        "lisa_cluster": "Low-Low (Coldspot)",
        "local_moran": 0.004986845731876934
      }
    },
    {
      "type": "Feature",
      "geometry": {
        "type": "Point",
        "coordinates": [
          14.0876345,
          40.807909
        ]
      },
      "properties": {
        "event_id": "AUTO_EV_58364",
        "energia": 4,
        "lisa_cluster": "Low-Low (Coldspot)",
        "local_moran": 0.039668252714606556
      }
    },
    {
      "type": "Feature",
      "geometry": {
        "type": "Point",
        "coordinates": [
          14.094605,
          40.83058925
        ]
      },
      "properties": {
        "event_id": "AUTO_EV_58365",
        "energia": 4,
        "lisa_cluster": "Low-Low (Coldspot)",
        "local_moran": 0.15994658208699336
      }
    },
    {
      "type": "Feature",
      "geometry": {
        "type": "Point",
        "coordinates": [
          14.103246111111112,
          40.798409444444445
        ]
      },
      "properties": {
        "event_id": "AUTO_EV_58366",
        "energia": 9,
        "lisa_cluster": "High-High (Hotspot)",
        "local_moran": 0.022838731897663316
      }
    },
    {
      "type": "Feature",
      "geometry": {
        "type": "Point",
        "coordinates": [
          14.1280732,
          40.8165168
        ]
      },
      "properties": {
        "event_id": "AUTO_EV_58367",
        "energia": 5,
        "lisa_cluster": "Low-High (Outlier)",
        "local_moran": -0.07066594681691689
      }
    },
    {
      "type": "Feature",
      "geometry": {
        "type": "Point",
        "coordinates": [
          14.0691545,
          40.78336175
        ]
      },
      "properties": {
        "event_id": "AUTO_EV_58368",
        "energia": 4,
        "lisa_cluster": "Low-Low (Coldspot)",
        "local_moran": 0.30111341290712423
      }
    },
    {
      "type": "Feature",
      "geometry": {
        "type": "Point",
        "coordinates": [
          14.084719799999998,
          40.7925342
        ]
      },
      "properties": {
        "event_id": "AUTO_EV_58369",
        "energia": 5,
        "lisa_cluster": "Low-Low (Coldspot)",
        "local_moran": 0.018896377665408533
      }
    },
    {
      "type": "Feature",
      "geometry": {
        "type": "Point",
        "coordinates": [
          14.1125968,
          40.798176
        ]
      },
      "properties": {
        "event_id": "AUTO_EV_58370",
        "energia": 5,
        "lisa_cluster": "Low-Low (Coldspot)",
        "local_moran": 0.0011579645774103583
      }
    },
    {
      "type": "Feature",
      "geometry": {
        "type": "Point",
        "coordinates": [
          14.11297575,
          40.802074250000004
        ]
      },
      "properties": {
        "event_id": "AUTO_EV_58371",
        "energia": 4,
        "lisa_cluster": "Low-Low (Coldspot)",
        "local_moran": 0.28251758237921454
      }
    },
    {
      "type": "Feature",
      "geometry": {
        "type": "Point",
        "coordinates": [
          14.122895399999999,
          40.8072916
        ]
      },
      "properties": {
        "event_id": "AUTO_EV_58372",
        "energia": 5,
        "lisa_cluster": "Low-High (Outlier)",
        "local_moran": -0.031071533741965366
      }
    },
    {
      "type": "Feature",
      "geometry": {
        "type": "Point",
        "coordinates": [
          14.11095,
          40.81391914285715
        ]
      },
      "properties": {
        "event_id": "AUTO_EV_58373",
        "energia": 7,
        "lisa_cluster": "High-High (Hotspot)",
        "local_moran": 0.38853717105735314
      }
    },
    {
      "type": "Feature",
      "geometry": {
        "type": "Point",
        "coordinates": [
          14.135353833333333,
          40.8135215
        ]
      },
      "properties": {
        "event_id": "AUTO_EV_58374",
        "energia": 6,
        "lisa_cluster": "High-High (Hotspot)",
        "local_moran": 0.03390194729482515
      }
    },
    {
      "type": "Feature",
      "geometry": {
        "type": "Point",
        "coordinates": [
          14.09056775,
          40.79169825
        ]
      },
      "properties": {
        "event_id": "AUTO_EV_58375",
        "energia": 4,
        "lisa_cluster": "Low-Low (Coldspot)",
        "local_moran": 0.2989479727339842
      }
    },
    {
      "type": "Feature",
      "geometry": {
        "type": "Point",
        "coordinates": [
          14.079898166666666,
          40.79955966666667
        ]
      },
      "properties": {
        "event_id": "AUTO_EV_58376",
        "energia": 6,
        "lisa_cluster": "High-Low (Outlier)",
        "local_moran": -0.03402032972575291
      }
    },
    {
      "type": "Feature",
      "geometry": {
        "type": "Point",
        "coordinates": [
          14.104097571428571,
          40.80539328571429
        ]
      },
      "properties": {
        "event_id": "AUTO_EV_58377",
        "energia": 7,
        "lisa_cluster": "High-High (Hotspot)",
        "local_moran": 0.1264956925716018
      }
    },
    {
      "type": "Feature",
      "geometry": {
        "type": "Point",
        "coordinates": [
          14.10566175,
          40.79923525
        ]
      },
      "properties": {
        "event_id": "AUTO_EV_58378",
        "energia": 4,
        "lisa_cluster": "Low-High (Outlier)",
        "local_moran": -0.017645001211581794
      }
    },
    {
      "type": "Feature",
      "geometry": {
        "type": "Point",
        "coordinates": [
          14.100329400000001,
          40.8014464
        ]
      },
      "properties": {
        "event_id": "AUTO_EV_58379",
        "energia": 5,
        "lisa_cluster": "Low-High (Outlier)",
        "local_moran": -0.010682588379911956
      }
    },
    {
      "type": "Feature",
      "geometry": {
        "type": "Point",
        "coordinates": [
          14.1051634,
          40.812868
        ]
      },
      "properties": {
        "event_id": "AUTO_EV_58380",
        "energia": 5,
        "lisa_cluster": "Low-Low (Coldspot)",
        "local_moran": 0.010031283491431724
      }
    },
    {
      "type": "Feature",
      "geometry": {
        "type": "Point",
        "coordinates": [
          14.082286199999999,
          40.8007956
        ]
      },
      "properties": {
        "event_id": "AUTO_EV_58381",
        "energia": 5,
        "lisa_cluster": "Low-Low (Coldspot)",
        "local_moran": 0.009200701833382743
      }
    },
    {
      "type": "Feature",
      "geometry": {
        "type": "Point",
        "coordinates": [
          14.05096125,
          40.792054750000005
        ]
      },
      "properties": {
        "event_id": "AUTO_EV_58382",
        "energia": 4,
        "lisa_cluster": "Low-Low (Coldspot)",
        "local_moran": 0.3015245898443712
      }
    },
    {
      "type": "Feature",
      "geometry": {
        "type": "Point",
        "coordinates": [
          14.132623,
          40.799432833333334
        ]
      },
      "properties": {
        "event_id": "AUTO_EV_58383",
        "energia": 6,
        "lisa_cluster": "High-Low (Outlier)",
        "local_moran": -0.0704738117524921
      }
    },
    {
      "type": "Feature",
      "geometry": {
        "type": "Point",
        "coordinates": [
          14.1316452,
          40.8282052
        ]
      },
      "properties": {
        "event_id": "AUTO_EV_58384",
        "energia": 5,
        "lisa_cluster": "Low-High (Outlier)",
        "local_moran": -0.04718148438527686
      }
    },
    {
      "type": "Feature",
      "geometry": {
        "type": "Point",
        "coordinates": [
          14.103277,
          40.8228634
        ]
      },
      "properties": {
        "event_id": "AUTO_EV_58385",
        "energia": 5,
        "lisa_cluster": "Low-High (Outlier)",
        "local_moran": -0.023581925927780772
      }
    },
    {
      "type": "Feature",
      "geometry": {
        "type": "Point",
        "coordinates": [
          14.1586135,
          40.81854425
        ]
      },
      "properties": {
        "event_id": "AUTO_EV_58386",
        "energia": 4,
        "lisa_cluster": "Low-Low (Coldspot)",
        "local_moran": 0.21060321193040293
      }
    },
    {
      "type": "Feature",
      "geometry": {
        "type": "Point",
        "coordinates": [
          14.082405,
          40.793839500000004
        ]
      },
      "properties": {
        "event_id": "AUTO_EV_58387",
        "energia": 4,
        "lisa_cluster": "Low-Low (Coldspot)",
        "local_moran": 0.2873106390447925
      }
    },
    {
      "type": "Feature",
      "geometry": {
        "type": "Point",
        "coordinates": [
          14.1029424,
          40.79557
        ]
      },
      "properties": {
        "event_id": "AUTO_EV_58388",
        "energia": 5,
        "lisa_cluster": "Low-Low (Coldspot)",
        "local_moran": 0.005409543596193272
      }
    },
    {
      "type": "Feature",
      "geometry": {
        "type": "Point",
        "coordinates": [
          14.118364666666666,
          40.83910933333333
        ]
      },
      "properties": {
        "event_id": "AUTO_EV_58389",
        "energia": 3,
        "lisa_cluster": "Low-Low (Coldspot)",
        "local_moran": 0.18345627626474686
      }
    },
    {
      "type": "Feature",
      "geometry": {
        "type": "Point",
        "coordinates": [
          14.115292875,
          40.821519625
        ]
      },
      "properties": {
        "event_id": "AUTO_EV_58390",
        "energia": 8,
        "lisa_cluster": "High-High (Hotspot)",
        "local_moran": 0.7556208502389128
      }
    },
    {
      "type": "Feature",
      "geometry": {
        "type": "Point",
        "coordinates": [
          14.0982194,
          40.8074138
        ]
      },
      "properties": {
        "event_id": "AUTO_EV_58391",
        "energia": 5,
        "lisa_cluster": "Low-High (Outlier)",
        "local_moran": -0.01706110720226056
      }
    },
    {
      "type": "Feature",
      "geometry": {
        "type": "Point",
        "coordinates": [
          14.110894250000001,
          40.80405775
        ]
      },
      "properties": {
        "event_id": "AUTO_EV_58392",
        "energia": 4,
        "lisa_cluster": "Low-High (Outlier)",
        "local_moran": -0.10271086950473986
      }
    },
    {
      "type": "Feature",
      "geometry": {
        "type": "Point",
        "coordinates": [
          14.128150714285713,
          40.83158928571429
        ]
      },
      "properties": {
        "event_id": "AUTO_EV_58393",
        "energia": 7,
        "lisa_cluster": "High-High (Hotspot)",
        "local_moran": 0.1085488995820584
      }
    },
    {
      "type": "Feature",
      "geometry": {
        "type": "Point",
        "coordinates": [
          14.1349198,
          40.8075282
        ]
      },
      "properties": {
        "event_id": "AUTO_EV_58394",
        "energia": 5,
        "lisa_cluster": "Low-Low (Coldspot)",
        "local_moran": 0.014643711435403634
      }
    },
    {
      "type": "Feature",
      "geometry": {
        "type": "Point",
        "coordinates": [
          14.0934708,
          40.807292000000004
        ]
      },
      "properties": {
        "event_id": "AUTO_EV_58395",
        "energia": 5,
        "lisa_cluster": "Low-High (Outlier)",
        "local_moran": -0.007746210965913521
      }
    },
    {
      "type": "Feature",
      "geometry": {
        "type": "Point",
        "coordinates": [
          14.128282333333333,
          40.80574066666667
        ]
      },
      "properties": {
        "event_id": "AUTO_EV_58396",
        "energia": 6,
        "lisa_cluster": "High-High (Hotspot)",
        "local_moran": 0.03842720162041208
      }
    },
    {
      "type": "Feature",
      "geometry": {
        "type": "Point",
        "coordinates": [
          14.0623112,
          40.778969599999996
        ]
      },
      "properties": {
        "event_id": "AUTO_EV_58397",
        "energia": 5,
        "lisa_cluster": "Low-Low (Coldspot)",
        "local_moran": 0.01738991262753872
      }
    },
    {
      "type": "Feature",
      "geometry": {
        "type": "Point",
        "coordinates": [
          14.11297575,
          40.802074250000004
        ]
      },
      "properties": {
        "event_id": "AUTO_EV_58398",
        "energia": 4,
        "lisa_cluster": "Low-Low (Coldspot)",
        "local_moran": 0.2825175823792146
      }
    },
    {
      "type": "Feature",
      "geometry": {
        "type": "Point",
        "coordinates": [
          14.108386857142857,
          40.80596128571428
        ]
      },
      "properties": {
        "event_id": "AUTO_EV_58399",
        "energia": 7,
        "lisa_cluster": "High-High (Hotspot)",
        "local_moran": 0.15207380418789923
      }
    },
    {
      "type": "Feature",
      "geometry": {
        "type": "Point",
        "coordinates": [
          14.137163000000001,
          40.826701400000005
        ]
      },
      "properties": {
        "event_id": "AUTO_EV_58400",
        "energia": 5,
        "lisa_cluster": "Low-Low (Coldspot)",
        "local_moran": 0.016987353676950527
      }
    },
    {
      "type": "Feature",
      "geometry": {
        "type": "Point",
        "coordinates": [
          14.142533,
          40.82194633333334
        ]
      },
      "properties": {
        "event_id": "AUTO_EV_58401",
        "energia": 6,
        "lisa_cluster": "High-Low (Outlier)",
        "local_moran": -0.016864161356971344
      }
    },
    {
      "type": "Feature",
      "geometry": {
        "type": "Point",
        "coordinates": [
          14.1140584,
          40.805217600000006
        ]
      },
      "properties": {
        "event_id": "AUTO_EV_58402",
        "energia": 5,
        "lisa_cluster": "Low-High (Outlier)",
        "local_moran": -0.026033543382773566
      }
    },
    {
      "type": "Feature",
      "geometry": {
        "type": "Point",
        "coordinates": [
          14.108343666666668,
          40.824803333333335
        ]
      },
      "properties": {
        "event_id": "AUTO_EV_58403",
        "energia": 3,
        "lisa_cluster": "Low-Low (Coldspot)",
        "local_moran": 0.9021153737040137
      }
    },
    {
      "type": "Feature",
      "geometry": {
        "type": "Point",
        "coordinates": [
          14.1390668,
          40.8190684
        ]
      },
      "properties": {
        "event_id": "AUTO_EV_58404",
        "energia": 5,
        "lisa_cluster": "Low-Low (Coldspot)",
        "local_moran": 0.003107888133987046
      }
    },
    {
      "type": "Feature",
      "geometry": {
        "type": "Point",
        "coordinates": [
          14.15409025,
          40.82660225
        ]
      },
      "properties": {
        "event_id": "AUTO_EV_58405",
        "energia": 4,
        "lisa_cluster": "Low-Low (Coldspot)",
        "local_moran": 0.2980034934503269
      }
    },
    {
      "type": "Feature",
      "geometry": {
        "type": "Point",
        "coordinates": [
          14.022603333333334,
          40.76192566666666
        ]
      },
      "properties": {
        "event_id": "AUTO_EV_58406",
        "energia": 3,
        "lisa_cluster": "Low-Low (Coldspot)",
        "local_moran": 0.9356547094051174
      }
    },
    {
      "type": "Feature",
      "geometry": {
        "type": "Point",
        "coordinates": [
          14.1055036,
          40.8148378
        ]
      },
      "properties": {
        "event_id": "AUTO_EV_58407",
        "energia": 5,
        "lisa_cluster": "Low-High (Outlier)",
        "local_moran": -0.05389572860923858
      }
    },
    {
      "type": "Feature",
      "geometry": {
        "type": "Point",
        "coordinates": [
          14.120952,
          40.81004766666667
        ]
      },
      "properties": {
        "event_id": "AUTO_EV_58408",
        "energia": 3,
        "lisa_cluster": "Low-Low (Coldspot)",
        "local_moran": 0.8607946227185006
      }
    },
    {
      "type": "Feature",
      "geometry": {
        "type": "Point",
        "coordinates": [
          14.1202224,
          40.814155400000004
        ]
      },
      "properties": {
        "event_id": "AUTO_EV_58409",
        "energia": 5,
        "lisa_cluster": "Low-Low (Coldspot)",
        "local_moran": 0.007632399371117817
      }
    },
    {
      "type": "Feature",
      "geometry": {
        "type": "Point",
        "coordinates": [
          14.125383600000001,
          40.8250966
        ]
      },
      "properties": {
        "event_id": "AUTO_EV_58410",
        "energia": 5,
        "lisa_cluster": "Low-High (Outlier)",
        "local_moran": -0.07876038155201436
      }
    },
    {
      "type": "Feature",
      "geometry": {
        "type": "Point",
        "coordinates": [
          14.1356625,
          40.81301333333334
        ]
      },
      "properties": {
        "event_id": "AUTO_EV_58411",
        "energia": 6,
        "lisa_cluster": "High-High (Hotspot)",
        "local_moran": 0.03266447793035151
      }
    },
    {
      "type": "Feature",
      "geometry": {
        "type": "Point",
        "coordinates": [
          14.0791285,
          40.7996015
        ]
      },
      "properties": {
        "event_id": "AUTO_EV_58412",
        "energia": 4,
        "lisa_cluster": "Low-Low (Coldspot)",
        "local_moran": 0.06482244281025208
      }
    },
    {
      "type": "Feature",
      "geometry": {
        "type": "Point",
        "coordinates": [
          14.105308666666666,
          40.80269833333333
        ]
      },
      "properties": {
        "event_id": "AUTO_EV_58413",
        "energia": 6,
        "lisa_cluster": "High-High (Hotspot)",
        "local_moran": 0.032469428370131795
      }
    },
    {
      "type": "Feature",
      "geometry": {
        "type": "Point",
        "coordinates": [
          14.126130833333335,
          40.8241435
        ]
      },
      "properties": {
        "event_id": "AUTO_EV_58414",
        "energia": 6,
        "lisa_cluster": "High-High (Hotspot)",
        "local_moran": 0.18832471532794948
      }
    },
    {
      "type": "Feature",
      "geometry": {
        "type": "Point",
        "coordinates": [
          14.131666599999999,
          40.815177600000005
        ]
      },
      "properties": {
        "event_id": "AUTO_EV_58415",
        "energia": 5,
        "lisa_cluster": "Low-High (Outlier)",
        "local_moran": -0.04292004280472809
      }
    },
    {
      "type": "Feature",
      "geometry": {
        "type": "Point",
        "coordinates": [
          14.134285333333333,
          40.819314999999996
        ]
      },
      "properties": {
        "event_id": "AUTO_EV_58416",
        "energia": 6,
        "lisa_cluster": "High-High (Hotspot)",
        "local_moran": 0.06022235480043035
      }
    },
    {
      "type": "Feature",
      "geometry": {
        "type": "Point",
        "coordinates": [
          14.082838833333334,
          40.8038535
        ]
      },
      "properties": {
        "event_id": "AUTO_EV_58417",
        "energia": 6,
        "lisa_cluster": "High-Low (Outlier)",
        "local_moran": -0.022496091642122826
      }
    },
    {
      "type": "Feature",
      "geometry": {
        "type": "Point",
        "coordinates": [
          14.103457599999999,
          40.8065432
        ]
      },
      "properties": {
        "event_id": "AUTO_EV_58418",
        "energia": 5,
        "lisa_cluster": "Low-High (Outlier)",
        "local_moran": -0.03159069417047659
      }
    },
    {
      "type": "Feature",
      "geometry": {
        "type": "Point",
        "coordinates": [
          14.109533375,
          40.806603375
        ]
      },
      "properties": {
        "event_id": "AUTO_EV_58419",
        "energia": 8,
        "lisa_cluster": "High-High (Hotspot)",
        "local_moran": 0.2506513922881303
      }
    },
    {
      "type": "Feature",
      "geometry": {
        "type": "Point",
        "coordinates": [
          14.100776200000002,
          40.801553
        ]
      },
      "properties": {
        "event_id": "AUTO_EV_58420",
        "energia": 5,
        "lisa_cluster": "Low-Low (Coldspot)",
        "local_moran": 0.015803023291131386
      }
    },
    {
      "type": "Feature",
      "geometry": {
        "type": "Point",
        "coordinates": [
          14.173269000000001,
          40.83038475
        ]
      },
      "properties": {
        "event_id": "AUTO_EV_58421",
        "energia": 4,
        "lisa_cluster": "Low-Low (Coldspot)",
        "local_moran": 0.32286151386341666
      }
    },
    {
      "type": "Feature",
      "geometry": {
        "type": "Point",
        "coordinates": [
          14.126512400000001,
          40.7996854
        ]
      },
      "properties": {
        "event_id": "AUTO_EV_58422",
        "energia": 5,
        "lisa_cluster": "Low-Low (Coldspot)",
        "local_moran": 0.029787016100488325
      }
    },
    {
      "type": "Feature",
      "geometry": {
        "type": "Point",
        "coordinates": [
          14.142586,
          40.80846075
        ]
      },
      "properties": {
        "event_id": "AUTO_EV_58423",
        "energia": 4,
        "lisa_cluster": "Low-Low (Coldspot)",
        "local_moran": 0.1031165096819616
      }
    },
    {
      "type": "Feature",
      "geometry": {
        "type": "Point",
        "coordinates": [
          14.1255684,
          40.8203496
        ]
      },
      "properties": {
        "event_id": "AUTO_EV_58424",
        "energia": 5,
        "lisa_cluster": "Low-High (Outlier)",
        "local_moran": -0.11286181404928397
      }
    },
    {
      "type": "Feature",
      "geometry": {
        "type": "Point",
        "coordinates": [
          14.151508,
          40.82097925
        ]
      },
      "properties": {
        "event_id": "AUTO_EV_58425",
        "energia": 4,
        "lisa_cluster": "Low-Low (Coldspot)",
        "local_moran": 0.11738881823645907
      }
    },
    {
      "type": "Feature",
      "geometry": {
        "type": "Point",
        "coordinates": [
          14.123384714285715,
          40.80459628571429
        ]
      },
      "properties": {
        "event_id": "AUTO_EV_58426",
        "energia": 7,
        "lisa_cluster": "High-High (Hotspot)",
        "local_moran": 0.12439672065404161
      }
    },
    {
      "type": "Feature",
      "geometry": {
        "type": "Point",
        "coordinates": [
          14.079440333333332,
          40.789715666666666
        ]
      },
      "properties": {
        "event_id": "AUTO_EV_58427",
        "energia": 6,
        "lisa_cluster": "High-Low (Outlier)",
        "local_moran": -0.06281524764409739
      }
    },
    {
      "type": "Feature",
      "geometry": {
        "type": "Point",
        "coordinates": [
          14.101692600000002,
          40.8087706
        ]
      },
      "properties": {
        "event_id": "AUTO_EV_58428",
        "energia": 5,
        "lisa_cluster": "Low-High (Outlier)",
        "local_moran": -0.028885770953717693
      }
    },
    {
      "type": "Feature",
      "geometry": {
        "type": "Point",
        "coordinates": [
          14.1742612,
          40.8147878
        ]
      },
      "properties": {
        "event_id": "AUTO_EV_58429",
        "energia": 5,
        "lisa_cluster": "Low-Low (Coldspot)",
        "local_moran": 0.08801880772661351
      }
    },
    {
      "type": "Feature",
      "geometry": {
        "type": "Point",
        "coordinates": [
          14.136108,
          40.80961766666667
        ]
      },
      "properties": {
        "event_id": "AUTO_EV_58430",
        "energia": 6,
        "lisa_cluster": "High-High (Hotspot)",
        "local_moran": 0.0005466898678178739
      }
    },
    {
      "type": "Feature",
      "geometry": {
        "type": "Point",
        "coordinates": [
          14.086760499999999,
          40.80836966666667
        ]
      },
      "properties": {
        "event_id": "AUTO_EV_58431",
        "energia": 6,
        "lisa_cluster": "High-Low (Outlier)",
        "local_moran": -0.026151141441081372
      }
    },
    {
      "type": "Feature",
      "geometry": {
        "type": "Point",
        "coordinates": [
          14.1033454,
          40.7989714
        ]
      },
      "properties": {
        "event_id": "AUTO_EV_58432",
        "energia": 5,
        "lisa_cluster": "Low-Low (Coldspot)",
        "local_moran": 0.014831390680232783
      }
    },
    {
      "type": "Feature",
      "geometry": {
        "type": "Point",
        "coordinates": [
          14.115856749999999,
          40.80540675
        ]
      },
      "properties": {
        "event_id": "AUTO_EV_58433",
        "energia": 4,
        "lisa_cluster": "Low-Low (Coldspot)",
        "local_moran": 0.29633796208590735
      }
    },
    {
      "type": "Feature",
      "geometry": {
        "type": "Point",
        "coordinates": [
          14.109471571428571,
          40.80246628571428
        ]
      },
      "properties": {
        "event_id": "AUTO_EV_58434",
        "energia": 7,
        "lisa_cluster": "High-High (Hotspot)",
        "local_moran": 0.09121420303319745
      }
    },
    {
      "type": "Feature",
      "geometry": {
        "type": "Point",
        "coordinates": [
          14.13089675,
          40.8401495
        ]
      },
      "properties": {
        "event_id": "AUTO_EV_58435",
        "energia": 4,
        "lisa_cluster": "Low-Low (Coldspot)",
        "local_moran": 0.2022745524986121
      }
    },
    {
      "type": "Feature",
      "geometry": {
        "type": "Point",
        "coordinates": [
          14.0582995,
          40.82260625
        ]
      },
      "properties": {
        "event_id": "AUTO_EV_58436",
        "energia": 4,
        "lisa_cluster": "Low-Low (Coldspot)",
        "local_moran": 0.24778406892679944
      }
    },
    {
      "type": "Feature",
      "geometry": {
        "type": "Point",
        "coordinates": [
          14.096525666666667,
          40.807986
        ]
      },
      "properties": {
        "event_id": "AUTO_EV_58437",
        "energia": 6,
        "lisa_cluster": "High-High (Hotspot)",
        "local_moran": 0.03297515439958537
      }
    },
    {
      "type": "Feature",
      "geometry": {
        "type": "Point",
        "coordinates": [
          14.037095,
          40.7741695
        ]
      },
      "properties": {
        "event_id": "AUTO_EV_58438",
        "energia": 4,
        "lisa_cluster": "Low-Low (Coldspot)",
        "local_moran": 0.3018638600332601
      }
    },
    {
      "type": "Feature",
      "geometry": {
        "type": "Point",
        "coordinates": [
          14.0751184,
          40.7805926
        ]
      },
      "properties": {
        "event_id": "AUTO_EV_58439",
        "energia": 5,
        "lisa_cluster": "Low-Low (Coldspot)",
        "local_moran": 0.04423354457498943
      }
    },
    {
      "type": "Feature",
      "geometry": {
        "type": "Point",
        "coordinates": [
          14.106008333333333,
          40.805363
        ]
      },
      "properties": {
        "event_id": "AUTO_EV_58440",
        "energia": 6,
        "lisa_cluster": "High-High (Hotspot)",
        "local_moran": 0.05925247796928881
      }
    },
    {
      "type": "Feature",
      "geometry": {
        "type": "Point",
        "coordinates": [
          14.0860475,
          40.794906
        ]
      },
      "properties": {
        "event_id": "AUTO_EV_58441",
        "energia": 4,
        "lisa_cluster": "Low-Low (Coldspot)",
        "local_moran": 0.06321421179648883
      }
    },
    {
      "type": "Feature",
      "geometry": {
        "type": "Point",
        "coordinates": [
          14.087884,
          40.794920000000005
        ]
      },
      "properties": {
        "event_id": "AUTO_EV_58442",
        "energia": 4,
        "lisa_cluster": "Low-Low (Coldspot)",
        "local_moran": 0.0627296581595978
      }
    },
    {
      "type": "Feature",
      "geometry": {
        "type": "Point",
        "coordinates": [
          14.106623857142859,
          40.80849571428571
        ]
      },
      "properties": {
        "event_id": "AUTO_EV_58443",
        "energia": 7,
        "lisa_cluster": "High-High (Hotspot)",
        "local_moran": 0.19665652943717354
      }
    },
    {
      "type": "Feature",
      "geometry": {
        "type": "Point",
        "coordinates": [
          14.091470166666667,
          40.80076483333334
        ]
      },
      "properties": {
        "event_id": "AUTO_EV_58444",
        "energia": 6,
        "lisa_cluster": "High-High (Hotspot)",
        "local_moran": 0.003947490885412571
      }
    },
    {
      "type": "Feature",
      "geometry": {
        "type": "Point",
        "coordinates": [
          14.1208695,
          40.817865
        ]
      },
      "properties": {
        "event_id": "AUTO_EV_58445",
        "energia": 4,
        "lisa_cluster": "Low-High (Outlier)",
        "local_moran": -0.5553019406794387
      }
    },
    {
      "type": "Feature",
      "geometry": {
        "type": "Point",
        "coordinates": [
          14.11993075,
          40.819193750000004
        ]
      },
      "properties": {
        "event_id": "AUTO_EV_58446",
        "energia": 8,
        "lisa_cluster": "High-High (Hotspot)",
        "local_moran": 1.0661073856093675
      }
    },
    {
      "type": "Feature",
      "geometry": {
        "type": "Point",
        "coordinates": [
          14.12095042857143,
          40.799158142857145
        ]
      },
      "properties": {
        "event_id": "AUTO_EV_58447",
        "energia": 7,
        "lisa_cluster": "High-Low (Outlier)",
        "local_moran": -0.07423896872153074
      }
    },
    {
      "type": "Feature",
      "geometry": {
        "type": "Point",
        "coordinates": [
          14.093180833333333,
          40.79808883333333
        ]
      },
      "properties": {
        "event_id": "AUTO_EV_58448",
        "energia": 6,
        "lisa_cluster": "High-Low (Outlier)",
        "local_moran": -0.010091389484893782
      }
    },
    {
      "type": "Feature",
      "geometry": {
        "type": "Point",
        "coordinates": [
          14.120090000000001,
          40.817592000000005
        ]
      },
      "properties": {
        "event_id": "AUTO_EV_58449",
        "energia": 4,
        "lisa_cluster": "Low-High (Outlier)",
        "local_moran": -0.5574514874487626
      }
    },
    {
      "type": "Feature",
      "geometry": {
        "type": "Point",
        "coordinates": [
          14.081433333333335,
          40.79449833333334
        ]
      },
      "properties": {
        "event_id": "AUTO_EV_58450",
        "energia": 6,
        "lisa_cluster": "High-High (Hotspot)",
        "local_moran": 0.07516484333407433
      }
    },
    {
      "type": "Feature",
      "geometry": {
        "type": "Point",
        "coordinates": [
          14.130623,
          40.8134915
        ]
      },
      "properties": {
        "event_id": "AUTO_EV_58451",
        "energia": 6,
        "lisa_cluster": "High-High (Hotspot)",
        "local_moran": 0.09074132876582734
      }
    },
    {
      "type": "Feature",
      "geometry": {
        "type": "Point",
        "coordinates": [
          14.0898195,
          40.795398
        ]
      },
      "properties": {
        "event_id": "AUTO_EV_58452",
        "energia": 4,
        "lisa_cluster": "Low-Low (Coldspot)",
        "local_moran": 0.05413893632843282
      }
    },
    {
      "type": "Feature",
      "geometry": {
        "type": "Point",
        "coordinates": [
          14.09193275,
          40.7871565
        ]
      },
      "properties": {
        "event_id": "AUTO_EV_58453",
        "energia": 4,
        "lisa_cluster": "Low-Low (Coldspot)",
        "local_moran": 0.2986543183580046
      }
    },
    {
      "type": "Feature",
      "geometry": {
        "type": "Point",
        "coordinates": [
          14.13025375,
          40.80009325
        ]
      },
      "properties": {
        "event_id": "AUTO_EV_58454",
        "energia": 4,
        "lisa_cluster": "Low-Low (Coldspot)",
        "local_moran": 0.10486421733653803
      }
    },
    {
      "type": "Feature",
      "geometry": {
        "type": "Point",
        "coordinates": [
          14.05368675,
          40.80096975
        ]
      },
      "properties": {
        "event_id": "AUTO_EV_58455",
        "energia": 4,
        "lisa_cluster": "Low-Low (Coldspot)",
        "local_moran": 0.22358593871330787
      }
    },
    {
      "type": "Feature",
      "geometry": {
        "type": "Point",
        "coordinates": [
          14.078872166666665,
          40.810898333333334
        ]
      },
      "properties": {
        "event_id": "AUTO_EV_58456",
        "energia": 6,
        "lisa_cluster": "High-Low (Outlier)",
        "local_moran": -0.04378893575395015
      }
    },
    {
      "type": "Feature",
      "geometry": {
        "type": "Point",
        "coordinates": [
          14.133367799999998,
          40.8140362
        ]
      },
      "properties": {
        "event_id": "AUTO_EV_58457",
        "energia": 5,
        "lisa_cluster": "Low-High (Outlier)",
        "local_moran": -0.016039056751915925
      }
    },
    {
      "type": "Feature",
      "geometry": {
        "type": "Point",
        "coordinates": [
          14.096087,
          40.8223342
        ]
      },
      "properties": {
        "event_id": "AUTO_EV_58458",
        "energia": 5,
        "lisa_cluster": "Low-High (Outlier)",
        "local_moran": -0.0030178727124493005
      }
    },
    {
      "type": "Feature",
      "geometry": {
        "type": "Point",
        "coordinates": [
          14.100767600000001,
          40.816685
        ]
      },
      "properties": {
        "event_id": "AUTO_EV_58459",
        "energia": 5,
        "lisa_cluster": "Low-High (Outlier)",
        "local_moran": -0.025772946714507947
      }
    },
    {
      "type": "Feature",
      "geometry": {
        "type": "Point",
        "coordinates": [
          14.096493500000001,
          40.8083715
        ]
      },
      "properties": {
        "event_id": "AUTO_EV_58460",
        "energia": 6,
        "lisa_cluster": "High-High (Hotspot)",
        "local_moran": 0.0772053478674237
      }
    },
    {
      "type": "Feature",
      "geometry": {
        "type": "Point",
        "coordinates": [
          14.11032925,
          40.79271425
        ]
      },
      "properties": {
        "event_id": "AUTO_EV_58461",
        "energia": 4,
        "lisa_cluster": "Low-Low (Coldspot)",
        "local_moran": 0.290819947373565
      }
    },
    {
      "type": "Feature",
      "geometry": {
        "type": "Point",
        "coordinates": [
          14.10448525,
          40.829575750000004
        ]
      },
      "properties": {
        "event_id": "AUTO_EV_58462",
        "energia": 4,
        "lisa_cluster": "Low-Low (Coldspot)",
        "local_moran": 0.11212964913940839
      }
    },
    {
      "type": "Feature",
      "geometry": {
        "type": "Point",
        "coordinates": [
          14.087076,
          40.807775750000005
        ]
      },
      "properties": {
        "event_id": "AUTO_EV_58463",
        "energia": 4,
        "lisa_cluster": "Low-Low (Coldspot)",
        "local_moran": 0.28524658395494346
      }
    },
    {
      "type": "Feature",
      "geometry": {
        "type": "Point",
        "coordinates": [
          14.116545625,
          40.81629325
        ]
      },
      "properties": {
        "event_id": "AUTO_EV_58464",
        "energia": 8,
        "lisa_cluster": "High-High (Hotspot)",
        "local_moran": 1.022221070526857
      }
    },
    {
      "type": "Feature",
      "geometry": {
        "type": "Point",
        "coordinates": [
          14.1103506,
          40.7993
        ]
      },
      "properties": {
        "event_id": "AUTO_EV_58465",
        "energia": 5,
        "lisa_cluster": "Low-High (Outlier)",
        "local_moran": -0.007734118643256361
      }
    },
    {
      "type": "Feature",
      "geometry": {
        "type": "Point",
        "coordinates": [
          14.1431028,
          40.811604
        ]
      },
      "properties": {
        "event_id": "AUTO_EV_58466",
        "energia": 5,
        "lisa_cluster": "Low-Low (Coldspot)",
        "local_moran": 0.022942032878506855
      }
    },
    {
      "type": "Feature",
      "geometry": {
        "type": "Point",
        "coordinates": [
          14.0787618,
          40.8119344
        ]
      },
      "properties": {
        "event_id": "AUTO_EV_58467",
        "energia": 5,
        "lisa_cluster": "Low-Low (Coldspot)",
        "local_moran": 0.019847320866184324
      }
    },
    {
      "type": "Feature",
      "geometry": {
        "type": "Point",
        "coordinates": [
          14.1394914,
          40.8180356
        ]
      },
      "properties": {
        "event_id": "AUTO_EV_58468",
        "energia": 5,
        "lisa_cluster": "Low-Low (Coldspot)",
        "local_moran": 0.0036967338709087746
      }
    },
    {
      "type": "Feature",
      "geometry": {
        "type": "Point",
        "coordinates": [
          14.0970414,
          40.8145442
        ]
      },
      "properties": {
        "event_id": "AUTO_EV_58469",
        "energia": 5,
        "lisa_cluster": "Low-High (Outlier)",
        "local_moran": -0.019678859460464073
      }
    },
    {
      "type": "Feature",
      "geometry": {
        "type": "Point",
        "coordinates": [
          14.0833745,
          40.79839225
        ]
      },
      "properties": {
        "event_id": "AUTO_EV_58470",
        "energia": 4,
        "lisa_cluster": "Low-Low (Coldspot)",
        "local_moran": 0.28501143185689815
      }
    },
    {
      "type": "Feature",
      "geometry": {
        "type": "Point",
        "coordinates": [
          14.104973428571428,
          40.81638242857143
        ]
      },
      "properties": {
        "event_id": "AUTO_EV_58471",
        "energia": 7,
        "lisa_cluster": "High-High (Hotspot)",
        "local_moran": 0.27524797562827813
      }
    },
    {
      "type": "Feature",
      "geometry": {
        "type": "Point",
        "coordinates": [
          14.12142057142857,
          40.808953571428574
        ]
      },
      "properties": {
        "event_id": "AUTO_EV_58472",
        "energia": 7,
        "lisa_cluster": "High-High (Hotspot)",
        "local_moran": 0.20570217776423866
      }
    },
    {
      "type": "Feature",
      "geometry": {
        "type": "Point",
        "coordinates": [
          14.14068475,
          40.8112645
        ]
      },
      "properties": {
        "event_id": "AUTO_EV_58473",
        "energia": 4,
        "lisa_cluster": "Low-Low (Coldspot)",
        "local_moran": 0.08575106274167166
      }
    },
    {
      "type": "Feature",
      "geometry": {
        "type": "Point",
        "coordinates": [
          14.104248857142858,
          40.815527857142854
        ]
      },
      "properties": {
        "event_id": "AUTO_EV_58474",
        "energia": 7,
        "lisa_cluster": "High-High (Hotspot)",
        "local_moran": 0.2790127359530007
      }
    },
    {
      "type": "Feature",
      "geometry": {
        "type": "Point",
        "coordinates": [
          14.093026,
          40.7972085
        ]
      },
      "properties": {
        "event_id": "AUTO_EV_58475",
        "energia": 4,
        "lisa_cluster": "Low-Low (Coldspot)",
        "local_moran": 0.010441694410762592
      }
    },
    {
      "type": "Feature",
      "geometry": {
        "type": "Point",
        "coordinates": [
          14.131735,
          40.814539100000005
        ]
      },
      "properties": {
        "event_id": "AUTO_EV_58476",
        "energia": 10,
        "lisa_cluster": "High-High (Hotspot)",
        "local_moran": 0.516839958801592
      }
    },
    {
      "type": "Feature",
      "geometry": {
        "type": "Point",
        "coordinates": [
          14.12272075,
          40.81076025
        ]
      },
      "properties": {
        "event_id": "AUTO_EV_58477",
        "energia": 4,
        "lisa_cluster": "Low-High (Outlier)",
        "local_moran": -0.21623746966845028
      }
    },
    {
      "type": "Feature",
      "geometry": {
        "type": "Point",
        "coordinates": [
          14.15251975,
          40.820203
        ]
      },
      "properties": {
        "event_id": "AUTO_EV_58478",
        "energia": 4,
        "lisa_cluster": "Low-Low (Coldspot)",
        "local_moran": 0.12782722203403274
      }
    },
    {
      "type": "Feature",
      "geometry": {
        "type": "Point",
        "coordinates": [
          14.176714333333331,
          40.80535666666666
        ]
      },
      "properties": {
        "event_id": "AUTO_EV_58479",
        "energia": 3,
        "lisa_cluster": "Low-Low (Coldspot)",
        "local_moran": 0.9354670364302216
      }
    },
    {
      "type": "Feature",
      "geometry": {
        "type": "Point",
        "coordinates": [
          14.0787895,
          40.7859045
        ]
      },
      "properties": {
        "event_id": "AUTO_EV_58480",
        "energia": 4,
        "lisa_cluster": "Low-Low (Coldspot)",
        "local_moran": 0.300557086641992
      }
    },
    {
      "type": "Feature",
      "geometry": {
        "type": "Point",
        "coordinates": [
          14.1076135,
          40.809264375
        ]
      },
      "properties": {
        "event_id": "AUTO_EV_58481",
        "energia": 8,
        "lisa_cluster": "High-High (Hotspot)",
        "local_moran": 0.3169800122505219
      }
    },
    {
      "type": "Feature",
      "geometry": {
        "type": "Point",
        "coordinates": [
          14.08816425,
          40.79968475
        ]
      },
      "properties": {
        "event_id": "AUTO_EV_58482",
        "energia": 4,
        "lisa_cluster": "Low-Low (Coldspot)",
        "local_moran": 0.2805945573725856
      }
    },
    {
      "type": "Feature",
      "geometry": {
        "type": "Point",
        "coordinates": [
          14.120248499999999,
          40.804131749999996
        ]
      },
      "properties": {
        "event_id": "AUTO_EV_58483",
        "energia": 4,
        "lisa_cluster": "Low-Low (Coldspot)",
        "local_moran": 0.2916752419007199
      }
    },
    {
      "type": "Feature",
      "geometry": {
        "type": "Point",
        "coordinates": [
          14.0627672,
          40.8009606
        ]
      },
      "properties": {
        "event_id": "AUTO_EV_58484",
        "energia": 5,
        "lisa_cluster": "Low-Low (Coldspot)",
        "local_moran": 0.043588789949004406
      }
    },
    {
      "type": "Feature",
      "geometry": {
        "type": "Point",
        "coordinates": [
          14.14384725,
          40.8139775
        ]
      },
      "properties": {
        "event_id": "AUTO_EV_58485",
        "energia": 4,
        "lisa_cluster": "Low-Low (Coldspot)",
        "local_moran": 0.08460761476214378
      }
    },
    {
      "type": "Feature",
      "geometry": {
        "type": "Point",
        "coordinates": [
          14.112854333333333,
          40.809585166666665
        ]
      },
      "properties": {
        "event_id": "AUTO_EV_58486",
        "energia": 6,
        "lisa_cluster": "High-High (Hotspot)",
        "local_moran": 0.06512204934949131
      }
    },
    {
      "type": "Feature",
      "geometry": {
        "type": "Point",
        "coordinates": [
          14.136487666666667,
          40.823859
        ]
      },
      "properties": {
        "event_id": "AUTO_EV_58487",
        "energia": 6,
        "lisa_cluster": "High-High (Hotspot)",
        "local_moran": 0.04657460953622189
      }
    },
    {
      "type": "Feature",
      "geometry": {
        "type": "Point",
        "coordinates": [
          14.089506666666667,
          40.80580583333333
        ]
      },
      "properties": {
        "event_id": "AUTO_EV_58488",
        "energia": 6,
        "lisa_cluster": "High-Low (Outlier)",
        "local_moran": -0.007202816412739862
      }
    },
    {
      "type": "Feature",
      "geometry": {
        "type": "Point",
        "coordinates": [
          14.12451,
          40.82365525
        ]
      },
      "properties": {
        "event_id": "AUTO_EV_58489",
        "energia": 4,
        "lisa_cluster": "Low-High (Outlier)",
        "local_moran": -0.3522055996439717
      }
    },
    {
      "type": "Feature",
      "geometry": {
        "type": "Point",
        "coordinates": [
          14.12801625,
          40.82315575
        ]
      },
      "properties": {
        "event_id": "AUTO_EV_58490",
        "energia": 4,
        "lisa_cluster": "Low-High (Outlier)",
        "local_moran": -0.27850211523088203
      }
    },
    {
      "type": "Feature",
      "geometry": {
        "type": "Point",
        "coordinates": [
          14.123251000000002,
          40.8121065
        ]
      },
      "properties": {
        "event_id": "AUTO_EV_58491",
        "energia": 6,
        "lisa_cluster": "High-High (Hotspot)",
        "local_moran": 0.1451779338109352
      }
    },
    {
      "type": "Feature",
      "geometry": {
        "type": "Point",
        "coordinates": [
          14.094068428571429,
          40.81142557142857
        ]
      },
      "properties": {
        "event_id": "AUTO_EV_58492",
        "energia": 7,
        "lisa_cluster": "High-High (Hotspot)",
        "local_moran": 0.034406085012046485
      }
    },
    {
      "type": "Feature",
      "geometry": {
        "type": "Point",
        "coordinates": [
          14.1080374,
          40.8034806
        ]
      },
      "properties": {
        "event_id": "AUTO_EV_58493",
        "energia": 5,
        "lisa_cluster": "Low-High (Outlier)",
        "local_moran": -0.019011934110455916
      }
    },
    {
      "type": "Feature",
      "geometry": {
        "type": "Point",
        "coordinates": [
          14.11773775,
          40.794218
        ]
      },
      "properties": {
        "event_id": "AUTO_EV_58494",
        "energia": 4,
        "lisa_cluster": "Low-Low (Coldspot)",
        "local_moran": 0.291969990523529
      }
    },
    {
      "type": "Feature",
      "geometry": {
        "type": "Point",
        "coordinates": [
          14.15830325,
          40.81171775
        ]
      },
      "properties": {
        "event_id": "AUTO_EV_58495",
        "energia": 4,
        "lisa_cluster": "Low-Low (Coldspot)",
        "local_moran": 0.29985935352419985
      }
    },
    {
      "type": "Feature",
      "geometry": {
        "type": "Point",
        "coordinates": [
          14.1534025,
          40.82653033333333
        ]
      },
      "properties": {
        "event_id": "AUTO_EV_58496",
        "energia": 6,
        "lisa_cluster": "High-Low (Outlier)",
        "local_moran": -0.09224766874921829
      }
    },
    {
      "type": "Feature",
      "geometry": {
        "type": "Point",
        "coordinates": [
          14.0737862,
          40.802333
        ]
      },
      "properties": {
        "event_id": "AUTO_EV_58497",
        "energia": 5,
        "lisa_cluster": "Low-Low (Coldspot)",
        "local_moran": 0.026180221572126825
      }
    },
    {
      "type": "Feature",
      "geometry": {
        "type": "Point",
        "coordinates": [
          14.121246666666666,
          40.827065
        ]
      },
      "properties": {
        "event_id": "AUTO_EV_58498",
        "energia": 6,
        "lisa_cluster": "High-High (Hotspot)",
        "local_moran": 0.16120608229922717
      }
    },
    {
      "type": "Feature",
      "geometry": {
        "type": "Point",
        "coordinates": [
          14.1240889,
          40.818174600000006
        ]
      },
      "properties": {
        "event_id": "AUTO_EV_58499",
        "energia": 20,
        "lisa_cluster": "High-High (Hotspot)",
        "local_moran": 37.51766150463463
      }
    },
    {
      "type": "Feature",
      "geometry": {
        "type": "Point",
        "coordinates": [
          14.1315694375,
          40.821878312500004
        ]
      },
      "properties": {
        "event_id": "AUTO_EV_58500",
        "energia": 16,
        "lisa_cluster": "High-High (Hotspot)",
        "local_moran": 1.769615864645861
      }
    },
    {
      "type": "Feature",
      "geometry": {
        "type": "Point",
        "coordinates": [
          14.11729557142857,
          40.81378528571429
        ]
      },
      "properties": {
        "event_id": "AUTO_EV_58501",
        "energia": 14,
        "lisa_cluster": "High-High (Hotspot)",
        "local_moran": 2.2211703296583014
      }
    },
    {
      "type": "Feature",
      "geometry": {
        "type": "Point",
        "coordinates": [
          14.118767692307692,
          40.81931
        ]
      },
      "properties": {
        "event_id": "AUTO_EV_58502",
        "energia": 13,
        "lisa_cluster": "High-High (Hotspot)",
        "local_moran": 2.8416479102231267
      }
    },
    {
      "type": "Feature",
      "geometry": {
        "type": "Point",
        "coordinates": [
          14.110569153846154,
          40.81198469230769
        ]
      },
      "properties": {
        "event_id": "AUTO_EV_58503",
        "energia": 13,
        "lisa_cluster": "High-High (Hotspot)",
        "local_moran": 1.7789653772544711
      }
    },
    {
      "type": "Feature",
      "geometry": {
        "type": "Point",
        "coordinates": [
          14.10506057142857,
          40.812525
        ]
      },
      "properties": {
        "event_id": "AUTO_EV_58504",
        "energia": 7,
        "lisa_cluster": "High-High (Hotspot)",
        "local_moran": 0.29436213767971486
      }
    },
    {
      "type": "Feature",
      "geometry": {
        "type": "Point",
        "coordinates": [
          14.103498,
          40.806958111111115
        ]
      },
      "properties": {
        "event_id": "AUTO_EV_58505",
        "energia": 9,
        "lisa_cluster": "High-High (Hotspot)",
        "local_moran": 0.3331615437527042
      }
    },
    {
      "type": "Feature",
      "geometry": {
        "type": "Point",
        "coordinates": [
          14.096128799999999,
          40.813669
        ]
      },
      "properties": {
        "event_id": "AUTO_EV_58506",
        "energia": 10,
        "lisa_cluster": "High-High (Hotspot)",
        "local_moran": 0.20055857857026352
      }
    },
    {
      "type": "Feature",
      "geometry": {
        "type": "Point",
        "coordinates": [
          14.109943,
          40.805538875
        ]
      },
      "properties": {
        "event_id": "AUTO_EV_58507",
        "energia": 8,
        "lisa_cluster": "High-High (Hotspot)",
        "local_moran": 0.22914473198275515
      }
    },
    {
      "type": "Feature",
      "geometry": {
        "type": "Point",
        "coordinates": [
          14.111749,
          40.81099988888889
        ]
      },
      "properties": {
        "event_id": "AUTO_EV_58508",
        "energia": 9,
        "lisa_cluster": "High-High (Hotspot)",
        "local_moran": 0.6974623354778513
      }
    },
    {
      "type": "Feature",
      "geometry": {
        "type": "Point",
        "coordinates": [
          14.07107542857143,
          40.79712285714286
        ]
      },
      "properties": {
        "event_id": "AUTO_EV_58509",
        "energia": 7,
        "lisa_cluster": "High-Low (Outlier)",
        "local_moran": -0.1775540996920914
      }
    },
    {
      "type": "Feature",
      "geometry": {
        "type": "Point",
        "coordinates": [
          14.148646600000001,
          40.8080592
        ]
      },
      "properties": {
        "event_id": "AUTO_EV_58510",
        "energia": 5,
        "lisa_cluster": "Low-Low (Coldspot)",
        "local_moran": 0.03622968991263048
      }
    },
    {
      "type": "Feature",
      "geometry": {
        "type": "Point",
        "coordinates": [
          14.11972525,
          40.796823
        ]
      },
      "properties": {
        "event_id": "AUTO_EV_58511",
        "energia": 4,
        "lisa_cluster": "Low-Low (Coldspot)",
        "local_moran": 0.289245340032595
      }
    },
    {
      "type": "Feature",
      "geometry": {
        "type": "Point",
        "coordinates": [
          14.139045,
          40.82041825
        ]
      },
      "properties": {
        "event_id": "AUTO_EV_58512",
        "energia": 4,
        "lisa_cluster": "Low-Low (Coldspot)",
        "local_moran": 0.0003507329049801081
      }
    },
    {
      "type": "Feature",
      "geometry": {
        "type": "Point",
        "coordinates": [
          14.1051002,
          40.80516780000001
        ]
      },
      "properties": {
        "event_id": "AUTO_EV_58513",
        "energia": 5,
        "lisa_cluster": "Low-High (Outlier)",
        "local_moran": -0.02433148175905407
      }
    },
    {
      "type": "Feature",
      "geometry": {
        "type": "Point",
        "coordinates": [
          14.101928428571428,
          40.81202628571429
        ]
      },
      "properties": {
        "event_id": "AUTO_EV_58514",
        "energia": 7,
        "lisa_cluster": "High-High (Hotspot)",
        "local_moran": 0.16611740731787095
      }
    },
    {
      "type": "Feature",
      "geometry": {
        "type": "Point",
        "coordinates": [
          14.143351999999998,
          40.81659714285714
        ]
      },
      "properties": {
        "event_id": "AUTO_EV_58515",
        "energia": 7,
        "lisa_cluster": "High-Low (Outlier)",
        "local_moran": -0.10034239806797858
      }
    },
    {
      "type": "Feature",
      "geometry": {
        "type": "Point",
        "coordinates": [
          14.144801714285714,
          40.81098442857143
        ]
      },
      "properties": {
        "event_id": "AUTO_EV_58516",
        "energia": 7,
        "lisa_cluster": "High-Low (Outlier)",
        "local_moran": -0.15414774356919067
      }
    },
    {
      "type": "Feature",
      "geometry": {
        "type": "Point",
        "coordinates": [
          14.092464,
          40.8064355
        ]
      },
      "properties": {
        "event_id": "AUTO_EV_58517",
        "energia": 4,
        "lisa_cluster": "Low-Low (Coldspot)",
        "local_moran": 0.2759617734188801
      }
    },
    {
      "type": "Feature",
      "geometry": {
        "type": "Point",
        "coordinates": [
          14.141877,
          40.818198
        ]
      },
      "properties": {
        "event_id": "AUTO_EV_58518",
        "energia": 5,
        "lisa_cluster": "Low-Low (Coldspot)",
        "local_moran": 0.0029317689579448597
      }
    },
    {
      "type": "Feature",
      "geometry": {
        "type": "Point",
        "coordinates": [
          14.12340375,
          40.820109
        ]
      },
      "properties": {
        "event_id": "AUTO_EV_58519",
        "energia": 4,
        "lisa_cluster": "Low-High (Outlier)",
        "local_moran": -0.5705503215691393
      }
    },
    {
      "type": "Feature",
      "geometry": {
        "type": "Point",
        "coordinates": [
          14.121058499999998,
          40.81799933333334
        ]
      },
      "properties": {
        "event_id": "AUTO_EV_58520",
        "energia": 6,
        "lisa_cluster": "High-High (Hotspot)",
        "local_moran": 0.28070202683072676
      }
    },
    {
      "type": "Feature",
      "geometry": {
        "type": "Point",
        "coordinates": [
          14.143657571428573,
          40.812771
        ]
      },
      "properties": {
        "event_id": "AUTO_EV_58521",
        "energia": 7,
        "lisa_cluster": "High-Low (Outlier)",
        "local_moran": -0.12552329049578703
      }
    },
    {
      "type": "Feature",
      "geometry": {
        "type": "Point",
        "coordinates": [
          14.143476,
          40.804262
        ]
      },
      "properties": {
        "event_id": "AUTO_EV_58522",
        "energia": 4,
        "lisa_cluster": "Low-Low (Coldspot)",
        "local_moran": 0.29547560150205693
      }
    },
    {
      "type": "Feature",
      "geometry": {
        "type": "Point",
        "coordinates": [
          14.124756,
          40.80471075
        ]
      },
      "properties": {
        "event_id": "AUTO_EV_58523",
        "energia": 4,
        "lisa_cluster": "Low-High (Outlier)",
        "local_moran": -0.08233618082312179
      }
    },
    {
      "type": "Feature",
      "geometry": {
        "type": "Point",
        "coordinates": [
          14.058138,
          40.78908725
        ]
      },
      "properties": {
        "event_id": "AUTO_EV_58524",
        "energia": 4,
        "lisa_cluster": "Low-Low (Coldspot)",
        "local_moran": 0.3014388944729606
      }
    },
    {
      "type": "Feature",
      "geometry": {
        "type": "Point",
        "coordinates": [
          14.139819600000001,
          40.823802
        ]
      },
      "properties": {
        "event_id": "AUTO_EV_58525",
        "energia": 5,
        "lisa_cluster": "Low-Low (Coldspot)",
        "local_moran": 0.008529371162090245
      }
    },
    {
      "type": "Feature",
      "geometry": {
        "type": "Point",
        "coordinates": [
          14.10233725,
          40.812861
        ]
      },
      "properties": {
        "event_id": "AUTO_EV_58526",
        "energia": 4,
        "lisa_cluster": "Low-Low (Coldspot)",
        "local_moran": 0.26904440994577294
      }
    },
    {
      "type": "Feature",
      "geometry": {
        "type": "Point",
        "coordinates": [
          14.1051634,
          40.812868
        ]
      },
      "properties": {
        "event_id": "AUTO_EV_58527",
        "energia": 5,
        "lisa_cluster": "Low-Low (Coldspot)",
        "local_moran": 0.010031283491431712
      }
    },
    {
      "type": "Feature",
      "geometry": {
        "type": "Point",
        "coordinates": [
          14.073709400000002,
          40.798313
        ]
      },
      "properties": {
        "event_id": "AUTO_EV_58528",
        "energia": 5,
        "lisa_cluster": "Low-Low (Coldspot)",
        "local_moran": 0.024372010156916514
      }
    },
    {
      "type": "Feature",
      "geometry": {
        "type": "Point",
        "coordinates": [
          14.07667025,
          40.79409125
        ]
      },
      "properties": {
        "event_id": "AUTO_EV_58529",
        "energia": 4,
        "lisa_cluster": "Low-Low (Coldspot)",
        "local_moran": 0.29864605100197694
      }
    },
    {
      "type": "Feature",
      "geometry": {
        "type": "Point",
        "coordinates": [
          14.06967225,
          40.81066825
        ]
      },
      "properties": {
        "event_id": "AUTO_EV_58530",
        "energia": 4,
        "lisa_cluster": "Low-Low (Coldspot)",
        "local_moran": 0.12590748240434324
      }
    },
    {
      "type": "Feature",
      "geometry": {
        "type": "Point",
        "coordinates": [
          14.120628000000002,
          40.798485
        ]
      },
      "properties": {
        "event_id": "AUTO_EV_58531",
        "energia": 3,
        "lisa_cluster": "Low-Low (Coldspot)",
        "local_moran": 0.9085645174153368
      }
    },
    {
      "type": "Feature",
      "geometry": {
        "type": "Point",
        "coordinates": [
          14.093390833333332,
          40.8029865
        ]
      },
      "properties": {
        "event_id": "AUTO_EV_58532",
        "energia": 6,
        "lisa_cluster": "High-High (Hotspot)",
        "local_moran": 0.009375361029885386
      }
    },
    {
      "type": "Feature",
      "geometry": {
        "type": "Point",
        "coordinates": [
          14.12332425,
          40.8084845
        ]
      },
      "properties": {
        "event_id": "AUTO_EV_58533",
        "energia": 4,
        "lisa_cluster": "Low-High (Outlier)",
        "local_moran": -0.16624908761640228
      }
    },
    {
      "type": "Feature",
      "geometry": {
        "type": "Point",
        "coordinates": [
          14.07942175,
          40.80325975
        ]
      },
      "properties": {
        "event_id": "AUTO_EV_58534",
        "energia": 4,
        "lisa_cluster": "Low-Low (Coldspot)",
        "local_moran": 0.06068511569463309
      }
    },
    {
      "type": "Feature",
      "geometry": {
        "type": "Point",
        "coordinates": [
          14.103024999999999,
          40.815657
        ]
      },
      "properties": {
        "event_id": "AUTO_EV_58535",
        "energia": 5,
        "lisa_cluster": "Low-High (Outlier)",
        "local_moran": -0.03921941169153146
      }
    },
    {
      "type": "Feature",
      "geometry": {
        "type": "Point",
        "coordinates": [
          14.138640166666667,
          40.8089645
        ]
      },
      "properties": {
        "event_id": "AUTO_EV_58536",
        "energia": 6,
        "lisa_cluster": "High-Low (Outlier)",
        "local_moran": -0.04225076603624302
      }
    },
    {
      "type": "Feature",
      "geometry": {
        "type": "Point",
        "coordinates": [
          14.136042571428572,
          40.81244785714286
        ]
      },
      "properties": {
        "event_id": "AUTO_EV_58537",
        "energia": 7,
        "lisa_cluster": "High-High (Hotspot)",
        "local_moran": 0.06581645460275552
      }
    },
    {
      "type": "Feature",
      "geometry": {
        "type": "Point",
        "coordinates": [
          14.08710457142857,
          40.812524714285715
        ]
      },
      "properties": {
        "event_id": "AUTO_EV_58538",
        "energia": 7,
        "lisa_cluster": "High-Low (Outlier)",
        "local_moran": -0.0832418181659399
      }
    },
    {
      "type": "Feature",
      "geometry": {
        "type": "Point",
        "coordinates": [
          14.110614,
          40.832618
        ]
      },
      "properties": {
        "event_id": "AUTO_EV_58539",
        "energia": 4,
        "lisa_cluster": "Low-Low (Coldspot)",
        "local_moran": 0.2999113067849487
      }
    },
    {
      "type": "Feature",
      "geometry": {
        "type": "Point",
        "coordinates": [
          14.129743,
          40.821726
        ]
      },
      "properties": {
        "event_id": "AUTO_EV_58540",
        "energia": 8,
        "lisa_cluster": "High-High (Hotspot)",
        "local_moran": 0.5684591075503739
      }
    },
    {
      "type": "Feature",
      "geometry": {
        "type": "Point",
        "coordinates": [
          14.128909333333333,
          40.830794
        ]
      },
      "properties": {
        "event_id": "AUTO_EV_58541",
        "energia": 6,
        "lisa_cluster": "High-High (Hotspot)",
        "local_moran": 0.08731668718214014
      }
    },
    {
      "type": "Feature",
      "geometry": {
        "type": "Point",
        "coordinates": [
          14.0861906,
          40.8037228
        ]
      },
      "properties": {
        "event_id": "AUTO_EV_58542",
        "energia": 5,
        "lisa_cluster": "Low-Low (Coldspot)",
        "local_moran": 0.00044002118168999385
      }
    },
    {
      "type": "Feature",
      "geometry": {
        "type": "Point",
        "coordinates": [
          14.118139,
          40.813852571428576
        ]
      },
      "properties": {
        "event_id": "AUTO_EV_58543",
        "energia": 7,
        "lisa_cluster": "High-High (Hotspot)",
        "local_moran": 0.4691523468081352
      }
    },
    {
      "type": "Feature",
      "geometry": {
        "type": "Point",
        "coordinates": [
          14.0980484,
          40.7950436
        ]
      },
      "properties": {
        "event_id": "AUTO_EV_58544",
        "energia": 5,
        "lisa_cluster": "Low-Low (Coldspot)",
        "local_moran": 0.005001112308421315
      }
    },
    {
      "type": "Feature",
      "geometry": {
        "type": "Point",
        "coordinates": [
          14.0892114,
          40.8033608
        ]
      },
      "properties": {
        "event_id": "AUTO_EV_58545",
        "energia": 5,
        "lisa_cluster": "Low-High (Outlier)",
        "local_moran": -0.00641604361934446
      }
    },
    {
      "type": "Feature",
      "geometry": {
        "type": "Point",
        "coordinates": [
          14.125548,
          40.809875399999996
        ]
      },
      "properties": {
        "event_id": "AUTO_EV_58546",
        "energia": 5,
        "lisa_cluster": "Low-High (Outlier)",
        "local_moran": -0.04096913738098423
      }
    },
    {
      "type": "Feature",
      "geometry": {
        "type": "Point",
        "coordinates": [
          14.160842833333334,
          40.82815933333333
        ]
      },
      "properties": {
        "event_id": "AUTO_EV_58547",
        "energia": 6,
        "lisa_cluster": "High-Low (Outlier)",
        "local_moran": -0.10850805972283904
      }
    },
    {
      "type": "Feature",
      "geometry": {
        "type": "Point",
        "coordinates": [
          14.123437,
          40.827364375
        ]
      },
      "properties": {
        "event_id": "AUTO_EV_58548",
        "energia": 8,
        "lisa_cluster": "High-High (Hotspot)",
        "local_moran": 0.6162975314096617
      }
    },
    {
      "type": "Feature",
      "geometry": {
        "type": "Point",
        "coordinates": [
          14.0837334,
          40.7907024
        ]
      },
      "properties": {
        "event_id": "AUTO_EV_58549",
        "energia": 5,
        "lisa_cluster": "Low-Low (Coldspot)",
        "local_moran": 0.022103136871834062
      }
    },
    {
      "type": "Feature",
      "geometry": {
        "type": "Point",
        "coordinates": [
          14.09122125,
          40.8089735
        ]
      },
      "properties": {
        "event_id": "AUTO_EV_58550",
        "energia": 4,
        "lisa_cluster": "Low-High (Outlier)",
        "local_moran": -0.0036284969071398504
      }
    },
    {
      "type": "Feature",
      "geometry": {
        "type": "Point",
        "coordinates": [
          14.132464375,
          40.82349925
        ]
      },
      "properties": {
        "event_id": "AUTO_EV_58551",
        "energia": 8,
        "lisa_cluster": "High-High (Hotspot)",
        "local_moran": 0.420767619120742
      }
    },
    {
      "type": "Feature",
      "geometry": {
        "type": "Point",
        "coordinates": [
          14.157936799999998,
          40.8354712
        ]
      },
      "properties": {
        "event_id": "AUTO_EV_58552",
        "energia": 5,
        "lisa_cluster": "Low-Low (Coldspot)",
        "local_moran": 0.0534983395692884
      }
    },
    {
      "type": "Feature",
      "geometry": {
        "type": "Point",
        "coordinates": [
          14.1425035,
          40.80061775
        ]
      },
      "properties": {
        "event_id": "AUTO_EV_58553",
        "energia": 4,
        "lisa_cluster": "Low-Low (Coldspot)",
        "local_moran": 0.29769061646558037
      }
    },
    {
      "type": "Feature",
      "geometry": {
        "type": "Point",
        "coordinates": [
          14.122841333333334,
          40.80907
        ]
      },
      "properties": {
        "event_id": "AUTO_EV_58554",
        "energia": 12,
        "lisa_cluster": "High-High (Hotspot)",
        "local_moran": 0.7930582611588539
      }
    },
    {
      "type": "Feature",
      "geometry": {
        "type": "Point",
        "coordinates": [
          14.0924505,
          40.814463
        ]
      },
      "properties": {
        "event_id": "AUTO_EV_58555",
        "energia": 4,
        "lisa_cluster": "Low-High (Outlier)",
        "local_moran": -0.02539981014602802
      }
    },
    {
      "type": "Feature",
      "geometry": {
        "type": "Point",
        "coordinates": [
          14.0657938,
          40.7853828
        ]
      },
      "properties": {
        "event_id": "AUTO_EV_58556",
        "energia": 5,
        "lisa_cluster": "Low-Low (Coldspot)",
        "local_moran": 0.0473830776733237
      }
    },
    {
      "type": "Feature",
      "geometry": {
        "type": "Point",
        "coordinates": [
          14.124600599999999,
          40.8100126
        ]
      },
      "properties": {
        "event_id": "AUTO_EV_58557",
        "energia": 10,
        "lisa_cluster": "High-High (Hotspot)",
        "local_moran": 0.6219459732068487
      }
    },
    {
      "type": "Feature",
      "geometry": {
        "type": "Point",
        "coordinates": [
          14.0968845,
          40.82249
        ]
      },
      "properties": {
        "event_id": "AUTO_EV_58558",
        "energia": 4,
        "lisa_cluster": "Low-High (Outlier)",
        "local_moran": -0.04048082040809532
      }
    },
    {
      "type": "Feature",
      "geometry": {
        "type": "Point",
        "coordinates": [
          14.128699500000002,
          40.80459916666667
        ]
      },
      "properties": {
        "event_id": "AUTO_EV_58559",
        "energia": 6,
        "lisa_cluster": "High-High (Hotspot)",
        "local_moran": 0.008446329103752396
      }
    },
    {
      "type": "Feature",
      "geometry": {
        "type": "Point",
        "coordinates": [
          14.155865250000002,
          40.83327725
        ]
      },
      "properties": {
        "event_id": "AUTO_EV_58560",
        "energia": 4,
        "lisa_cluster": "Low-Low (Coldspot)",
        "local_moran": 0.17740059405821923
      }
    },
    {
      "type": "Feature",
      "geometry": {
        "type": "Point",
        "coordinates": [
          14.11587525,
          40.798523
        ]
      },
      "properties": {
        "event_id": "AUTO_EV_58561",
        "energia": 4,
        "lisa_cluster": "Low-Low (Coldspot)",
        "local_moran": 0.28064911445117874
      }
    },
    {
      "type": "Feature",
      "geometry": {
        "type": "Point",
        "coordinates": [
          14.092894666666666,
          40.79015733333333
        ]
      },
      "properties": {
        "event_id": "AUTO_EV_58562",
        "energia": 3,
        "lisa_cluster": "Low-Low (Coldspot)",
        "local_moran": 0.14774202425604374
      }
    },
    {
      "type": "Feature",
      "geometry": {
        "type": "Point",
        "coordinates": [
          14.095917333333333,
          40.80783066666667
        ]
      },
      "properties": {
        "event_id": "AUTO_EV_58563",
        "energia": 6,
        "lisa_cluster": "High-High (Hotspot)",
        "local_moran": 0.02990296817741026
      }
    },
    {
      "type": "Feature",
      "geometry": {
        "type": "Point",
        "coordinates": [
          14.111616,
          40.82161625
        ]
      },
      "properties": {
        "event_id": "AUTO_EV_58564",
        "energia": 4,
        "lisa_cluster": "Low-High (Outlier)",
        "local_moran": -0.3211218841366615
      }
    },
    {
      "type": "Feature",
      "geometry": {
        "type": "Point",
        "coordinates": [
          14.10234142857143,
          40.805688999999994
        ]
      },
      "properties": {
        "event_id": "AUTO_EV_58565",
        "energia": 7,
        "lisa_cluster": "High-High (Hotspot)",
        "local_moran": 0.12810920234006082
      }
    },
    {
      "type": "Feature",
      "geometry": {
        "type": "Point",
        "coordinates": [
          14.07161275,
          40.788872
        ]
      },
      "properties": {
        "event_id": "AUTO_EV_58566",
        "energia": 4,
        "lisa_cluster": "Low-Low (Coldspot)",
        "local_moran": 0.3006163744716177
      }
    },
    {
      "type": "Feature",
      "geometry": {
        "type": "Point",
        "coordinates": [
          14.1052822,
          40.826809
        ]
      },
      "properties": {
        "event_id": "AUTO_EV_58567",
        "energia": 5,
        "lisa_cluster": "Low-High (Outlier)",
        "local_moran": -0.004099154370223922
      }
    },
    {
      "type": "Feature",
      "geometry": {
        "type": "Point",
        "coordinates": [
          14.120078,
          40.80894275
        ]
      },
      "properties": {
        "event_id": "AUTO_EV_58568",
        "energia": 4,
        "lisa_cluster": "Low-High (Outlier)",
        "local_moran": -0.18845739269383008
      }
    },
    {
      "type": "Feature",
      "geometry": {
        "type": "Point",
        "coordinates": [
          14.1666725,
          40.8421735
        ]
      },
      "properties": {
        "event_id": "AUTO_EV_58569",
        "energia": 4,
        "lisa_cluster": "Low-Low (Coldspot)",
        "local_moran": 0.29454602840469246
      }
    },
    {
      "type": "Feature",
      "geometry": {
        "type": "Point",
        "coordinates": [
          14.124553166666667,
          40.8050725
        ]
      },
      "properties": {
        "event_id": "AUTO_EV_58570",
        "energia": 6,
        "lisa_cluster": "High-High (Hotspot)",
        "local_moran": 0.04365648633809665
      }
    },
    {
      "type": "Feature",
      "geometry": {
        "type": "Point",
        "coordinates": [
          14.1449795,
          40.82978633333334
        ]
      },
      "properties": {
        "event_id": "AUTO_EV_58571",
        "energia": 6,
        "lisa_cluster": "High-Low (Outlier)",
        "local_moran": -0.05188377649942157
      }
    },
    {
      "type": "Feature",
      "geometry": {
        "type": "Point",
        "coordinates": [
          14.091694500000001,
          40.79926266666667
        ]
      },
      "properties": {
        "event_id": "AUTO_EV_58572",
        "energia": 6,
        "lisa_cluster": "High-High (Hotspot)",
        "local_moran": 0.07550589408207223
      }
    },
    {
      "type": "Feature",
      "geometry": {
        "type": "Point",
        "coordinates": [
          14.084125285714284,
          40.809000714285716
        ]
      },
      "properties": {
        "event_id": "AUTO_EV_58573",
        "energia": 7,
        "lisa_cluster": "High-Low (Outlier)",
        "local_moran": -0.058219006960472615
      }
    },
    {
      "type": "Feature",
      "geometry": {
        "type": "Point",
        "coordinates": [
          14.1047148,
          40.8141768
        ]
      },
      "properties": {
        "event_id": "AUTO_EV_58574",
        "energia": 5,
        "lisa_cluster": "Low-Low (Coldspot)",
        "local_moran": 0.011989726588605526
      }
    },
    {
      "type": "Feature",
      "geometry": {
        "type": "Point",
        "coordinates": [
          14.128071,
          40.82183800000001
        ]
      },
      "properties": {
        "event_id": "AUTO_EV_58575",
        "energia": 3,
        "lisa_cluster": "Low-High (Outlier)",
        "local_moran": -0.5621647790608522
      }
    },
    {
      "type": "Feature",
      "geometry": {
        "type": "Point",
        "coordinates": [
          14.1455916,
          40.8125974
        ]
      },
      "properties": {
        "event_id": "AUTO_EV_58576",
        "energia": 5,
        "lisa_cluster": "Low-Low (Coldspot)",
        "local_moran": 0.025380547172911747
      }
    },
    {
      "type": "Feature",
      "geometry": {
        "type": "Point",
        "coordinates": [
          14.112019666666667,
          40.82909633333333
        ]
      },
      "properties": {
        "event_id": "AUTO_EV_58577",
        "energia": 3,
        "lisa_cluster": "Low-High (Outlier)",
        "local_moran": -0.148759398006847
      }
    },
    {
      "type": "Feature",
      "geometry": {
        "type": "Point",
        "coordinates": [
          14.10558475,
          40.790544
        ]
      },
      "properties": {
        "event_id": "AUTO_EV_58578",
        "energia": 4,
        "lisa_cluster": "Low-Low (Coldspot)",
        "local_moran": 0.2966182204239023
      }
    },
    {
      "type": "Feature",
      "geometry": {
        "type": "Point",
        "coordinates": [
          14.126791166666665,
          40.81046033333333
        ]
      },
      "properties": {
        "event_id": "AUTO_EV_58579",
        "energia": 6,
        "lisa_cluster": "High-High (Hotspot)",
        "local_moran": 0.08445377482678643
      }
    },
    {
      "type": "Feature",
      "geometry": {
        "type": "Point",
        "coordinates": [
          14.12446975,
          40.80766775
        ]
      },
      "properties": {
        "event_id": "AUTO_EV_58580",
        "energia": 4,
        "lisa_cluster": "Low-Low (Coldspot)",
        "local_moran": 0.25822379917473454
      }
    },
    {
      "type": "Feature",
      "geometry": {
        "type": "Point",
        "coordinates": [
          14.137279333333334,
          40.83343666666667
        ]
      },
      "properties": {
        "event_id": "AUTO_EV_58581",
        "energia": 3,
        "lisa_cluster": "Low-Low (Coldspot)",
        "local_moran": 0.1869198349599071
      }
    },
    {
      "type": "Feature",
      "geometry": {
        "type": "Point",
        "coordinates": [
          14.1453557,
          40.823260399999995
        ]
      },
      "properties": {
        "event_id": "AUTO_EV_58582",
        "energia": 10,
        "lisa_cluster": "High-Low (Outlier)",
        "local_moran": -0.2530934939185167
      }
    },
    {
      "type": "Feature",
      "geometry": {
        "type": "Point",
        "coordinates": [
          14.095381249999999,
          40.81270475
        ]
      },
      "properties": {
        "event_id": "AUTO_EV_58583",
        "energia": 4,
        "lisa_cluster": "Low-Low (Coldspot)",
        "local_moran": 0.29012743503765
      }
    },
    {
      "type": "Feature",
      "geometry": {
        "type": "Point",
        "coordinates": [
          14.107968600000001,
          40.8023218
        ]
      },
      "properties": {
        "event_id": "AUTO_EV_58584",
        "energia": 5,
        "lisa_cluster": "Low-High (Outlier)",
        "local_moran": -0.01206141444915125
      }
    },
    {
      "type": "Feature",
      "geometry": {
        "type": "Point",
        "coordinates": [
          14.041091666666667,
          40.78577266666667
        ]
      },
      "properties": {
        "event_id": "AUTO_EV_58585",
        "energia": 3,
        "lisa_cluster": "Low-Low (Coldspot)",
        "local_moran": 0.6419547060048665
      }
    },
    {
      "type": "Feature",
      "geometry": {
        "type": "Point",
        "coordinates": [
          14.121404899999998,
          40.817957899999996
        ]
      },
      "properties": {
        "event_id": "AUTO_EV_58586",
        "energia": 10,
        "lisa_cluster": "High-High (Hotspot)",
        "local_moran": 1.9847168247771307
      }
    },
    {
      "type": "Feature",
      "geometry": {
        "type": "Point",
        "coordinates": [
          14.028753666666667,
          40.79077433333333
        ]
      },
      "properties": {
        "event_id": "AUTO_EV_58587",
        "energia": 3,
        "lisa_cluster": "Low-Low (Coldspot)",
        "local_moran": 0.9355469933354114
      }
    },
    {
      "type": "Feature",
      "geometry": {
        "type": "Point",
        "coordinates": [
          14.0828825,
          40.8051585
        ]
      },
      "properties": {
        "event_id": "AUTO_EV_58588",
        "energia": 4,
        "lisa_cluster": "Low-Low (Coldspot)",
        "local_moran": 0.28753223323218946
      }
    },
    {
      "type": "Feature",
      "geometry": {
        "type": "Point",
        "coordinates": [
          14.135921,
          40.80841375
        ]
      },
      "properties": {
        "event_id": "AUTO_EV_58589",
        "energia": 4,
        "lisa_cluster": "Low-Low (Coldspot)",
        "local_moran": 0.2830032056745494
      }
    },
    {
      "type": "Feature",
      "geometry": {
        "type": "Point",
        "coordinates": [
          14.139945799999998,
          40.8111118
        ]
      },
      "properties": {
        "event_id": "AUTO_EV_58590",
        "energia": 5,
        "lisa_cluster": "Low-Low (Coldspot)",
        "local_moran": 0.0170971722934022
      }
    },
    {
      "type": "Feature",
      "geometry": {
        "type": "Point",
        "coordinates": [
          14.142575,
          40.83068025
        ]
      },
      "properties": {
        "event_id": "AUTO_EV_58591",
        "energia": 4,
        "lisa_cluster": "Low-Low (Coldspot)",
        "local_moran": 0.08568136157002221
      }
    },
    {
      "type": "Feature",
      "geometry": {
        "type": "Point",
        "coordinates": [
          14.1219305,
          40.818852
        ]
      },
      "properties": {
        "event_id": "AUTO_EV_58592",
        "energia": 4,
        "lisa_cluster": "Low-High (Outlier)",
        "local_moran": -0.584325167894761
      }
    },
    {
      "type": "Feature",
      "geometry": {
        "type": "Point",
        "coordinates": [
          14.1094005,
          40.828365250000004
        ]
      },
      "properties": {
        "event_id": "AUTO_EV_58593",
        "energia": 4,
        "lisa_cluster": "Low-Low (Coldspot)",
        "local_moran": 0.294631215014959
      }
    },
    {
      "type": "Feature",
      "geometry": {
        "type": "Point",
        "coordinates": [
          14.1181375,
          40.830739
        ]
      },
      "properties": {
        "event_id": "AUTO_EV_58594",
        "energia": 4,
        "lisa_cluster": "Low-Low (Coldspot)",
        "local_moran": 0.2892094775092153
      }
    },
    {
      "type": "Feature",
      "geometry": {
        "type": "Point",
        "coordinates": [
          14.0997655,
          40.8258225
        ]
      },
      "properties": {
        "event_id": "AUTO_EV_58595",
        "energia": 4,
        "lisa_cluster": "Low-High (Outlier)",
        "local_moran": -0.0074098415253238395
      }
    },
    {
      "type": "Feature",
      "geometry": {
        "type": "Point",
        "coordinates": [
          14.09241025,
          40.798475499999995
        ]
      },
      "properties": {
        "event_id": "AUTO_EV_58596",
        "energia": 4,
        "lisa_cluster": "Low-Low (Coldspot)",
        "local_moran": 0.005356189883793292
      }
    },
    {
      "type": "Feature",
      "geometry": {
        "type": "Point",
        "coordinates": [
          14.136875166666668,
          40.81686166666667
        ]
      },
      "properties": {
        "event_id": "AUTO_EV_58597",
        "energia": 6,
        "lisa_cluster": "High-High (Hotspot)",
        "local_moran": 0.038985782955486485
      }
    },
    {
      "type": "Feature",
      "geometry": {
        "type": "Point",
        "coordinates": [
          14.15163775,
          40.827431250000004
        ]
      },
      "properties": {
        "event_id": "AUTO_EV_58598",
        "energia": 4,
        "lisa_cluster": "Low-Low (Coldspot)",
        "local_moran": 0.13127175247630254
      }
    },
    {
      "type": "Feature",
      "geometry": {
        "type": "Point",
        "coordinates": [
          14.113481,
          40.83238075
        ]
      },
      "properties": {
        "event_id": "AUTO_EV_58599",
        "energia": 4,
        "lisa_cluster": "Low-Low (Coldspot)",
        "local_moran": 0.10252099264206645
      }
    },
    {
      "type": "Feature",
      "geometry": {
        "type": "Point",
        "coordinates": [
          14.1499898,
          40.8089034
        ]
      },
      "properties": {
        "event_id": "AUTO_EV_58600",
        "energia": 5,
        "lisa_cluster": "Low-Low (Coldspot)",
        "local_moran": 0.039932657250076754
      }
    },
    {
      "type": "Feature",
      "geometry": {
        "type": "Point",
        "coordinates": [
          14.082088166666667,
          40.790864
        ]
      },
      "properties": {
        "event_id": "AUTO_EV_58601",
        "energia": 6,
        "lisa_cluster": "High-Low (Outlier)",
        "local_moran": -0.05153483103089567
      }
    },
    {
      "type": "Feature",
      "geometry": {
        "type": "Point",
        "coordinates": [
          14.119348333333335,
          40.803754000000005
        ]
      },
      "properties": {
        "event_id": "AUTO_EV_58602",
        "energia": 6,
        "lisa_cluster": "High-High (Hotspot)",
        "local_moran": 0.028171821115203007
      }
    },
    {
      "type": "Feature",
      "geometry": {
        "type": "Point",
        "coordinates": [
          14.092249,
          40.787261799999996
        ]
      },
      "properties": {
        "event_id": "AUTO_EV_58603",
        "energia": 5,
        "lisa_cluster": "Low-Low (Coldspot)",
        "local_moran": 0.037594858930490235
      }
    },
    {
      "type": "Feature",
      "geometry": {
        "type": "Point",
        "coordinates": [
          14.110981,
          40.813575
        ]
      },
      "properties": {
        "event_id": "AUTO_EV_58604",
        "energia": 6,
        "lisa_cluster": "High-High (Hotspot)",
        "local_moran": 0.16190802359679354
      }
    },
    {
      "type": "Feature",
      "geometry": {
        "type": "Point",
        "coordinates": [
          14.1237682,
          40.821396400000005
        ]
      },
      "properties": {
        "event_id": "AUTO_EV_58605",
        "energia": 5,
        "lisa_cluster": "Low-Low (Coldspot)",
        "local_moran": 0.008793024991772177
      }
    },
    {
      "type": "Feature",
      "geometry": {
        "type": "Point",
        "coordinates": [
          14.141888,
          40.7978375
        ]
      },
      "properties": {
        "event_id": "AUTO_EV_58606",
        "energia": 6,
        "lisa_cluster": "High-Low (Outlier)",
        "local_moran": -0.10616751003677043
      }
    },
    {
      "type": "Feature",
      "geometry": {
        "type": "Point",
        "coordinates": [
          14.144884999999999,
          40.8207144
        ]
      },
      "properties": {
        "event_id": "AUTO_EV_58607",
        "energia": 5,
        "lisa_cluster": "Low-Low (Coldspot)",
        "local_moran": 0.011961939979405667
      }
    },
    {
      "type": "Feature",
      "geometry": {
        "type": "Point",
        "coordinates": [
          14.138780749999999,
          40.809135749999996
        ]
      },
      "properties": {
        "event_id": "AUTO_EV_58608",
        "energia": 4,
        "lisa_cluster": "Low-Low (Coldspot)",
        "local_moran": 0.051118589651517755
      }
    },
    {
      "type": "Feature",
      "geometry": {
        "type": "Point",
        "coordinates": [
          14.142012833333334,
          40.81911516666667
        ]
      },
      "properties": {
        "event_id": "AUTO_EV_58609",
        "energia": 6,
        "lisa_cluster": "High-Low (Outlier)",
        "local_moran": -0.011154560302364858
      }
    },
    {
      "type": "Feature",
      "geometry": {
        "type": "Point",
        "coordinates": [
          14.108191,
          40.802265250000005
        ]
      },
      "properties": {
        "event_id": "AUTO_EV_58610",
        "energia": 4,
        "lisa_cluster": "Low-High (Outlier)",
        "local_moran": -0.05697104616367341
      }
    },
    {
      "type": "Feature",
      "geometry": {
        "type": "Point",
        "coordinates": [
          14.099102666666667,
          40.80350066666667
        ]
      },
      "properties": {
        "event_id": "AUTO_EV_58611",
        "energia": 3,
        "lisa_cluster": "Low-High (Outlier)",
        "local_moran": -0.15898176934874744
      }
    },
    {
      "type": "Feature",
      "geometry": {
        "type": "Point",
        "coordinates": [
          14.147144666666668,
          40.81157733333333
        ]
      },
      "properties": {
        "event_id": "AUTO_EV_58612",
        "energia": 6,
        "lisa_cluster": "High-Low (Outlier)",
        "local_moran": -0.07516307088321382
      }
    },
    {
      "type": "Feature",
      "geometry": {
        "type": "Point",
        "coordinates": [
          14.131606,
          40.8352074
        ]
      },
      "properties": {
        "event_id": "AUTO_EV_58613",
        "energia": 5,
        "lisa_cluster": "Low-Low (Coldspot)",
        "local_moran": 0.025527269876868135
      }
    },
    {
      "type": "Feature",
      "geometry": {
        "type": "Point",
        "coordinates": [
          14.12991625,
          40.810926
        ]
      },
      "properties": {
        "event_id": "AUTO_EV_58614",
        "energia": 4,
        "lisa_cluster": "Low-High (Outlier)",
        "local_moran": -0.16226052752243714
      }
    },
    {
      "type": "Feature",
      "geometry": {
        "type": "Point",
        "coordinates": [
          14.04170775,
          40.795806
        ]
      },
      "properties": {
        "event_id": "AUTO_EV_58615",
        "energia": 4,
        "lisa_cluster": "Low-Low (Coldspot)",
        "local_moran": 0.3426710933488396
      }
    },
    {
      "type": "Feature",
      "geometry": {
        "type": "Point",
        "coordinates": [
          14.0828825,
          40.8051585
        ]
      },
      "properties": {
        "event_id": "AUTO_EV_58616",
        "energia": 4,
        "lisa_cluster": "Low-Low (Coldspot)",
        "local_moran": 0.2875322332321894
      }
    },
    {
      "type": "Feature",
      "geometry": {
        "type": "Point",
        "coordinates": [
          14.1096455,
          40.85167075
        ]
      },
      "properties": {
        "event_id": "AUTO_EV_58617",
        "energia": 4,
        "lisa_cluster": "Low-Low (Coldspot)",
        "local_moran": 0.17941991314576847
      }
    },
    {
      "type": "Feature",
      "geometry": {
        "type": "Point",
        "coordinates": [
          14.1145465,
          40.808635
        ]
      },
      "properties": {
        "event_id": "AUTO_EV_58618",
        "energia": 4,
        "lisa_cluster": "Low-High (Outlier)",
        "local_moran": -0.24064235488713234
      }
    },
    {
      "type": "Feature",
      "geometry": {
        "type": "Point",
        "coordinates": [
          14.108757399999998,
          40.8029828
        ]
      },
      "properties": {
        "event_id": "AUTO_EV_58619",
        "energia": 5,
        "lisa_cluster": "Low-High (Outlier)",
        "local_moran": -0.014947572712613358
      }
    },
    {
      "type": "Feature",
      "geometry": {
        "type": "Point",
        "coordinates": [
          14.080602285714287,
          40.81191728571429
        ]
      },
      "properties": {
        "event_id": "AUTO_EV_58620",
        "energia": 7,
        "lisa_cluster": "High-Low (Outlier)",
        "local_moran": -0.09456088501183742
      }
    },
    {
      "type": "Feature",
      "geometry": {
        "type": "Point",
        "coordinates": [
          14.10558475,
          40.790544
        ]
      },
      "properties": {
        "event_id": "AUTO_EV_58621",
        "energia": 4,
        "lisa_cluster": "Low-Low (Coldspot)",
        "local_moran": 0.29661822042390246
      }
    },
    {
      "type": "Feature",
      "geometry": {
        "type": "Point",
        "coordinates": [
          14.144533599999999,
          40.8109104
        ]
      },
      "properties": {
        "event_id": "AUTO_EV_58622",
        "energia": 5,
        "lisa_cluster": "Low-Low (Coldspot)",
        "local_moran": 0.02192410678842686
      }
    },
    {
      "type": "Feature",
      "geometry": {
        "type": "Point",
        "coordinates": [
          14.11282525,
          40.809572
        ]
      },
      "properties": {
        "event_id": "AUTO_EV_58623",
        "energia": 4,
        "lisa_cluster": "Low-High (Outlier)",
        "local_moran": -0.22441879260143618
      }
    },
    {
      "type": "Feature",
      "geometry": {
        "type": "Point",
        "coordinates": [
          14.128834000000001,
          40.8029394
        ]
      },
      "properties": {
        "event_id": "AUTO_EV_58624",
        "energia": 5,
        "lisa_cluster": "Low-Low (Coldspot)",
        "local_moran": 0.015083063751487198
      }
    },
    {
      "type": "Feature",
      "geometry": {
        "type": "Point",
        "coordinates": [
          14.0665826,
          40.7860438
        ]
      },
      "properties": {
        "event_id": "AUTO_EV_58625",
        "energia": 5,
        "lisa_cluster": "Low-Low (Coldspot)",
        "local_moran": 0.04561613269838343
      }
    },
    {
      "type": "Feature",
      "geometry": {
        "type": "Point",
        "coordinates": [
          14.111621166666666,
          40.814885833333335
        ]
      },
      "properties": {
        "event_id": "AUTO_EV_58626",
        "energia": 6,
        "lisa_cluster": "High-High (Hotspot)",
        "local_moran": 0.1824281536658545
      }
    },
    {
      "type": "Feature",
      "geometry": {
        "type": "Point",
        "coordinates": [
          14.09425225,
          40.8184695
        ]
      },
      "properties": {
        "event_id": "AUTO_EV_58627",
        "energia": 4,
        "lisa_cluster": "Low-High (Outlier)",
        "local_moran": -0.020946021745430338
      }
    },
    {
      "type": "Feature",
      "geometry": {
        "type": "Point",
        "coordinates": [
          14.0963715,
          40.81028275
        ]
      },
      "properties": {
        "event_id": "AUTO_EV_58628",
        "energia": 4,
        "lisa_cluster": "Low-High (Outlier)",
        "local_moran": -0.06375707731621738
      }
    },
    {
      "type": "Feature",
      "geometry": {
        "type": "Point",
        "coordinates": [
          14.10558475,
          40.790544
        ]
      },
      "properties": {
        "event_id": "AUTO_EV_58629",
        "energia": 4,
        "lisa_cluster": "Low-Low (Coldspot)",
        "local_moran": 0.29661822042390246
      }
    },
    {
      "type": "Feature",
      "geometry": {
        "type": "Point",
        "coordinates": [
          14.084524250000001,
          40.78565275
        ]
      },
      "properties": {
        "event_id": "AUTO_EV_58630",
        "energia": 4,
        "lisa_cluster": "Low-Low (Coldspot)",
        "local_moran": 0.29584397201962875
      }
    },
    {
      "type": "Feature",
      "geometry": {
        "type": "Point",
        "coordinates": [
          14.129994857142858,
          40.81716828571429
        ]
      },
      "properties": {
        "event_id": "AUTO_EV_58631",
        "energia": 7,
        "lisa_cluster": "High-High (Hotspot)",
        "local_moran": 0.3143816772525309
      }
    },
    {
      "type": "Feature",
      "geometry": {
        "type": "Point",
        "coordinates": [
          14.122981,
          40.79803575
        ]
      },
      "properties": {
        "event_id": "AUTO_EV_58632",
        "energia": 4,
        "lisa_cluster": "Low-Low (Coldspot)",
        "local_moran": 0.2897577296950017
      }
    },
    {
      "type": "Feature",
      "geometry": {
        "type": "Point",
        "coordinates": [
          14.055806,
          40.792783
        ]
      },
      "properties": {
        "event_id": "AUTO_EV_58633",
        "energia": 4,
        "lisa_cluster": "Low-Low (Coldspot)",
        "local_moran": 0.23833437646561734
      }
    },
    {
      "type": "Feature",
      "geometry": {
        "type": "Point",
        "coordinates": [
          14.10641125,
          40.82219825
        ]
      },
      "properties": {
        "event_id": "AUTO_EV_58634",
        "energia": 4,
        "lisa_cluster": "Low-High (Outlier)",
        "local_moran": -0.13246813045627182
      }
    },
    {
      "type": "Feature",
      "geometry": {
        "type": "Point",
        "coordinates": [
          14.096114142857143,
          40.81201900000001
        ]
      },
      "properties": {
        "event_id": "AUTO_EV_58635",
        "energia": 7,
        "lisa_cluster": "High-High (Hotspot)",
        "local_moran": 0.07672385410892629
      }
    },
    {
      "type": "Feature",
      "geometry": {
        "type": "Point",
        "coordinates": [
          14.0915325,
          40.803683
        ]
      },
      "properties": {
        "event_id": "AUTO_EV_58636",
        "energia": 4,
        "lisa_cluster": "Low-High (Outlier)",
        "local_moran": -0.014194246089370817
      }
    },
    {
      "type": "Feature",
      "geometry": {
        "type": "Point",
        "coordinates": [
          14.1375415,
          40.808269333333335
        ]
      },
      "properties": {
        "event_id": "AUTO_EV_58637",
        "energia": 6,
        "lisa_cluster": "High-Low (Outlier)",
        "local_moran": -0.04202138969895809
      }
    },
    {
      "type": "Feature",
      "geometry": {
        "type": "Point",
        "coordinates": [
          14.0995445,
          40.802911
        ]
      },
      "properties": {
        "event_id": "AUTO_EV_58638",
        "energia": 4,
        "lisa_cluster": "Low-High (Outlier)",
        "local_moran": -0.05934120165551941
      }
    },
    {
      "type": "Feature",
      "geometry": {
        "type": "Point",
        "coordinates": [
          14.124056,
          40.8012638
        ]
      },
      "properties": {
        "event_id": "AUTO_EV_58639",
        "energia": 5,
        "lisa_cluster": "Low-Low (Coldspot)",
        "local_moran": 0.007343004515926689
      }
    },
    {
      "type": "Feature",
      "geometry": {
        "type": "Point",
        "coordinates": [
          14.076849,
          40.80770075
        ]
      },
      "properties": {
        "event_id": "AUTO_EV_58640",
        "energia": 4,
        "lisa_cluster": "Low-Low (Coldspot)",
        "local_moran": 0.0355496523513111
      }
    },
    {
      "type": "Feature",
      "geometry": {
        "type": "Point",
        "coordinates": [
          14.1368832,
          40.8257764
        ]
      },
      "properties": {
        "event_id": "AUTO_EV_58641",
        "energia": 5,
        "lisa_cluster": "Low-High (Outlier)",
        "local_moran": -0.01460235762309693
      }
    },
    {
      "type": "Feature",
      "geometry": {
        "type": "Point",
        "coordinates": [
          14.105362,
          40.81124375
        ]
      },
      "properties": {
        "event_id": "AUTO_EV_58642",
        "energia": 4,
        "lisa_cluster": "Low-High (Outlier)",
        "local_moran": -0.181659681859575
      }
    },
    {
      "type": "Feature",
      "geometry": {
        "type": "Point",
        "coordinates": [
          14.130550199999998,
          40.8030144
        ]
      },
      "properties": {
        "event_id": "AUTO_EV_58643",
        "energia": 5,
        "lisa_cluster": "Low-Low (Coldspot)",
        "local_moran": 0.018830602616151843
      }
    },
    {
      "type": "Feature",
      "geometry": {
        "type": "Point",
        "coordinates": [
          14.072759199999998,
          40.8103208
        ]
      },
      "properties": {
        "event_id": "AUTO_EV_58644",
        "energia": 5,
        "lisa_cluster": "Low-Low (Coldspot)",
        "local_moran": 0.029858691736551955
      }
    },
    {
      "type": "Feature",
      "geometry": {
        "type": "Point",
        "coordinates": [
          14.14711625,
          40.82225425
        ]
      },
      "properties": {
        "event_id": "AUTO_EV_58645",
        "energia": 4,
        "lisa_cluster": "Low-Low (Coldspot)",
        "local_moran": 0.04577456219279627
      }
    },
    {
      "type": "Feature",
      "geometry": {
        "type": "Point",
        "coordinates": [
          14.1575965,
          40.826102750000004
        ]
      },
      "properties": {
        "event_id": "AUTO_EV_58646",
        "energia": 4,
        "lisa_cluster": "Low-Low (Coldspot)",
        "local_moran": 0.16872747890641593
      }
    },
    {
      "type": "Feature",
      "geometry": {
        "type": "Point",
        "coordinates": [
          14.0855554,
          40.79518900000001
        ]
      },
      "properties": {
        "event_id": "AUTO_EV_58647",
        "energia": 5,
        "lisa_cluster": "Low-Low (Coldspot)",
        "local_moran": 0.015306039886672056
      }
    },
    {
      "type": "Feature",
      "geometry": {
        "type": "Point",
        "coordinates": [
          14.06235925,
          40.79262325
        ]
      },
      "properties": {
        "event_id": "AUTO_EV_58648",
        "energia": 4,
        "lisa_cluster": "Low-Low (Coldspot)",
        "local_moran": 0.30054339490732346
      }
    },
    {
      "type": "Feature",
      "geometry": {
        "type": "Point",
        "coordinates": [
          14.1236285,
          40.81722225
        ]
      },
      "properties": {
        "event_id": "AUTO_EV_58649",
        "energia": 4,
        "lisa_cluster": "Low-High (Outlier)",
        "local_moran": -0.846569437658235
      }
    },
    {
      "type": "Feature",
      "geometry": {
        "type": "Point",
        "coordinates": [
          14.105401428571428,
          40.81950657142857
        ]
      },
      "properties": {
        "event_id": "AUTO_EV_58650",
        "energia": 7,
        "lisa_cluster": "High-High (Hotspot)",
        "local_moran": 0.2497772604782496
      }
    },
    {
      "type": "Feature",
      "geometry": {
        "type": "Point",
        "coordinates": [
          14.097635666666667,
          40.8254225
        ]
      },
      "properties": {
        "event_id": "AUTO_EV_58651",
        "energia": 6,
        "lisa_cluster": "High-Low (Outlier)",
        "local_moran": -0.02027710774770076
      }
    },
    {
      "type": "Feature",
      "geometry": {
        "type": "Point",
        "coordinates": [
          14.145143666666668,
          40.826730500000004
        ]
      },
      "properties": {
        "event_id": "AUTO_EV_58652",
        "energia": 6,
        "lisa_cluster": "High-Low (Outlier)",
        "local_moran": -0.037627158784133474
      }
    },
    {
      "type": "Feature",
      "geometry": {
        "type": "Point",
        "coordinates": [
          14.094191200000001,
          40.809814599999996
        ]
      },
      "properties": {
        "event_id": "AUTO_EV_58653",
        "energia": 5,
        "lisa_cluster": "Low-High (Outlier)",
        "local_moran": -0.009112287011066766
      }
    },
    {
      "type": "Feature",
      "geometry": {
        "type": "Point",
        "coordinates": [
          14.089889,
          40.8101736
        ]
      },
      "properties": {
        "event_id": "AUTO_EV_58654",
        "energia": 5,
        "lisa_cluster": "Low-Low (Coldspot)",
        "local_moran": 0.0016805339746414985
      }
    },
    {
      "type": "Feature",
      "geometry": {
        "type": "Point",
        "coordinates": [
          14.0795525,
          40.80965475
        ]
      },
      "properties": {
        "event_id": "AUTO_EV_58655",
        "energia": 4,
        "lisa_cluster": "Low-Low (Coldspot)",
        "local_moran": 0.06615376539527136
      }
    },
    {
      "type": "Feature",
      "geometry": {
        "type": "Point",
        "coordinates": [
          14.0740724,
          40.7848772
        ]
      },
      "properties": {
        "event_id": "AUTO_EV_58656",
        "energia": 5,
        "lisa_cluster": "Low-Low (Coldspot)",
        "local_moran": 0.04392509521494782
      }
    },
    {
      "type": "Feature",
      "geometry": {
        "type": "Point",
        "coordinates": [
          14.13456775,
          40.824020250000004
        ]
      },
      "properties": {
        "event_id": "AUTO_EV_58657",
        "energia": 4,
        "lisa_cluster": "Low-Low (Coldspot)",
        "local_moran": 0.2800627299123026
      }
    },
    {
      "type": "Feature",
      "geometry": {
        "type": "Point",
        "coordinates": [
          14.139850833333334,
          40.81599966666666
        ]
      },
      "properties": {
        "event_id": "AUTO_EV_58658",
        "energia": 6,
        "lisa_cluster": "High-High (Hotspot)",
        "local_moran": 0.001955353797752459
      }
    },
    {
      "type": "Feature",
      "geometry": {
        "type": "Point",
        "coordinates": [
          14.0577465,
          40.77098675
        ]
      },
      "properties": {
        "event_id": "AUTO_EV_58659",
        "energia": 4,
        "lisa_cluster": "Low-Low (Coldspot)",
        "local_moran": 0.30162095793521176
      }
    },
    {
      "type": "Feature",
      "geometry": {
        "type": "Point",
        "coordinates": [
          14.121481750000001,
          40.810381750000005
        ]
      },
      "properties": {
        "event_id": "AUTO_EV_58660",
        "energia": 4,
        "lisa_cluster": "Low-Low (Coldspot)",
        "local_moran": 0.2850329129031304
      }
    },
    {
      "type": "Feature",
      "geometry": {
        "type": "Point",
        "coordinates": [
          14.04673,
          40.77671225
        ]
      },
      "properties": {
        "event_id": "AUTO_EV_58661",
        "energia": 4,
        "lisa_cluster": "Low-Low (Coldspot)",
        "local_moran": 0.3018384343398301
      }
    },
    {
      "type": "Feature",
      "geometry": {
        "type": "Point",
        "coordinates": [
          14.122874,
          40.816533500000006
        ]
      },
      "properties": {
        "event_id": "AUTO_EV_58662",
        "energia": 4,
        "lisa_cluster": "Low-High (Outlier)",
        "local_moran": -0.666765781497457
      }
    },
    {
      "type": "Feature",
      "geometry": {
        "type": "Point",
        "coordinates": [
          14.1240889,
          40.818174600000006
        ]
      },
      "properties": {
        "event_id": "AUTO_EV_58663",
        "energia": 20,
        "lisa_cluster": "High-High (Hotspot)",
        "local_moran": 37.51766150463464
      }
    },
    {
      "type": "Feature",
      "geometry": {
        "type": "Point",
        "coordinates": [
          14.118071,
          40.81743288888889
        ]
      },
      "properties": {
        "event_id": "AUTO_EV_58664",
        "energia": 18,
        "lisa_cluster": "High-High (Hotspot)",
        "local_moran": 4.407843082384084
      }
    },
    {
      "type": "Feature",
      "geometry": {
        "type": "Point",
        "coordinates": [
          14.122440210526316,
          40.81463878947369
        ]
      },
      "properties": {
        "event_id": "AUTO_EV_58665",
        "energia": 19,
        "lisa_cluster": "High-High (Hotspot)",
        "local_moran": 4.186543521113912
      }
    },
    {
      "type": "Feature",
      "geometry": {
        "type": "Point",
        "coordinates": [
          14.10412275,
          40.813506249999996
        ]
      },
      "properties": {
        "event_id": "AUTO_EV_58666",
        "energia": 12,
        "lisa_cluster": "High-High (Hotspot)",
        "local_moran": 0.9259955792985941
      }
    },
    {
      "type": "Feature",
      "geometry": {
        "type": "Point",
        "coordinates": [
          14.110042538461538,
          40.81480676923077
        ]
      },
      "properties": {
        "event_id": "AUTO_EV_58667",
        "energia": 13,
        "lisa_cluster": "High-High (Hotspot)",
        "local_moran": 1.796081727692523
      }
    },
    {
      "type": "Feature",
      "geometry": {
        "type": "Point",
        "coordinates": [
          14.098664600000001,
          40.808789000000004
        ]
      },
      "properties": {
        "event_id": "AUTO_EV_58668",
        "energia": 10,
        "lisa_cluster": "High-High (Hotspot)",
        "local_moran": 0.273568343113311
      }
    },
    {
      "type": "Feature",
      "geometry": {
        "type": "Point",
        "coordinates": [
          14.0911935,
          40.789986
        ]
      },
      "properties": {
        "event_id": "AUTO_EV_58669",
        "energia": 4,
        "lisa_cluster": "Low-Low (Coldspot)",
        "local_moran": 0.28912858920102286
      }
    },
    {
      "type": "Feature",
      "geometry": {
        "type": "Point",
        "coordinates": [
          14.116574857142856,
          40.82536571428572
        ]
      },
      "properties": {
        "event_id": "AUTO_EV_58670",
        "energia": 7,
        "lisa_cluster": "High-High (Hotspot)",
        "local_moran": 0.48406321097145555
      }
    },
    {
      "type": "Feature",
      "geometry": {
        "type": "Point",
        "coordinates": [
          14.082941285714286,
          40.797148
        ]
      },
      "properties": {
        "event_id": "AUTO_EV_58671",
        "energia": 7,
        "lisa_cluster": "High-Low (Outlier)",
        "local_moran": -0.05646765441991134
      }
    },
    {
      "type": "Feature",
      "geometry": {
        "type": "Point",
        "coordinates": [
          14.099477142857143,
          40.807590714285716
        ]
      },
      "properties": {
        "event_id": "AUTO_EV_58672",
        "energia": 7,
        "lisa_cluster": "High-High (Hotspot)",
        "local_moran": 0.10254034217801251
      }
    },
    {
      "type": "Feature",
      "geometry": {
        "type": "Point",
        "coordinates": [
          14.087675666666668,
          40.806949333333336
        ]
      },
      "properties": {
        "event_id": "AUTO_EV_58673",
        "energia": 3,
        "lisa_cluster": "Low-Low (Coldspot)",
        "local_moran": 0.8761844651122482
      }
    },
    {
      "type": "Feature",
      "geometry": {
        "type": "Point",
        "coordinates": [
          14.058654333333335,
          40.77967433333333
        ]
      },
      "properties": {
        "event_id": "AUTO_EV_58674",
        "energia": 3,
        "lisa_cluster": "Low-Low (Coldspot)",
        "local_moran": 0.5171839432087217
      }
    },
    {
      "type": "Feature",
      "geometry": {
        "type": "Point",
        "coordinates": [
          14.1118728,
          40.8017734
        ]
      },
      "properties": {
        "event_id": "AUTO_EV_58675",
        "energia": 5,
        "lisa_cluster": "Low-High (Outlier)",
        "local_moran": -0.01712578830061057
      }
    },
    {
      "type": "Feature",
      "geometry": {
        "type": "Point",
        "coordinates": [
          14.1159936,
          40.7972086
        ]
      },
      "properties": {
        "event_id": "AUTO_EV_58676",
        "energia": 5,
        "lisa_cluster": "Low-Low (Coldspot)",
        "local_moran": 0.007562843059729648
      }
    },
    {
      "type": "Feature",
      "geometry": {
        "type": "Point",
        "coordinates": [
          14.037434000000001,
          40.7878665
        ]
      },
      "properties": {
        "event_id": "AUTO_EV_58677",
        "energia": 4,
        "lisa_cluster": "Low-Low (Coldspot)",
        "local_moran": 0.30178127470280486
      }
    },
    {
      "type": "Feature",
      "geometry": {
        "type": "Point",
        "coordinates": [
          14.082344375,
          40.796920875
        ]
      },
      "properties": {
        "event_id": "AUTO_EV_58678",
        "energia": 8,
        "lisa_cluster": "High-Low (Outlier)",
        "local_moran": -0.09462575572130669
      }
    },
    {
      "type": "Feature",
      "geometry": {
        "type": "Point",
        "coordinates": [
          14.09741775,
          40.795933500000004
        ]
      },
      "properties": {
        "event_id": "AUTO_EV_58679",
        "energia": 4,
        "lisa_cluster": "Low-Low (Coldspot)",
        "local_moran": 0.27862835725165885
      }
    },
    {
      "type": "Feature",
      "geometry": {
        "type": "Point",
        "coordinates": [
          14.086737,
          40.794078750000004
        ]
      },
      "properties": {
        "event_id": "AUTO_EV_58680",
        "energia": 4,
        "lisa_cluster": "Low-Low (Coldspot)",
        "local_moran": 0.06890080164637939
      }
    },
    {
      "type": "Feature",
      "geometry": {
        "type": "Point",
        "coordinates": [
          14.13537925,
          40.80798875
        ]
      },
      "properties": {
        "event_id": "AUTO_EV_58681",
        "energia": 4,
        "lisa_cluster": "Low-Low (Coldspot)",
        "local_moran": 0.28317733950067725
      }
    },
    {
      "type": "Feature",
      "geometry": {
        "type": "Point",
        "coordinates": [
          14.081579600000001,
          40.820385
        ]
      },
      "properties": {
        "event_id": "AUTO_EV_58682",
        "energia": 5,
        "lisa_cluster": "Low-Low (Coldspot)",
        "local_moran": 0.025071686045035523
      }
    },
    {
      "type": "Feature",
      "geometry": {
        "type": "Point",
        "coordinates": [
          14.124117,
          40.795548
        ]
      },
      "properties": {
        "event_id": "AUTO_EV_58683",
        "energia": 4,
        "lisa_cluster": "Low-Low (Coldspot)",
        "local_moran": 0.29436356172890815
      }
    },
    {
      "type": "Feature",
      "geometry": {
        "type": "Point",
        "coordinates": [
          14.143738,
          40.819860000000006
        ]
      },
      "properties": {
        "event_id": "AUTO_EV_58684",
        "energia": 4,
        "lisa_cluster": "Low-Low (Coldspot)",
        "local_moran": 0.021610716343601438
      }
    },
    {
      "type": "Feature",
      "geometry": {
        "type": "Point",
        "coordinates": [
          14.082961571428571,
          40.81858428571429
        ]
      },
      "properties": {
        "event_id": "AUTO_EV_58685",
        "energia": 7,
        "lisa_cluster": "High-Low (Outlier)",
        "local_moran": -0.1328057741491092
      }
    },
    {
      "type": "Feature",
      "geometry": {
        "type": "Point",
        "coordinates": [
          14.1614754,
          40.832633
        ]
      },
      "properties": {
        "event_id": "AUTO_EV_58686",
        "energia": 5,
        "lisa_cluster": "Low-Low (Coldspot)",
        "local_moran": 0.058271368481919404
      }
    },
    {
      "type": "Feature",
      "geometry": {
        "type": "Point",
        "coordinates": [
          14.0816705,
          40.789237
        ]
      },
      "properties": {
        "event_id": "AUTO_EV_58687",
        "energia": 4,
        "lisa_cluster": "Low-Low (Coldspot)",
        "local_moran": 0.2972042672561211
      }
    },
    {
      "type": "Feature",
      "geometry": {
        "type": "Point",
        "coordinates": [
          14.128283166666668,
          40.81945366666667
        ]
      },
      "properties": {
        "event_id": "AUTO_EV_58688",
        "energia": 6,
        "lisa_cluster": "High-High (Hotspot)",
        "local_moran": 0.15399382514276072
      }
    },
    {
      "type": "Feature",
      "geometry": {
        "type": "Point",
        "coordinates": [
          14.08352175,
          40.80489625
        ]
      },
      "properties": {
        "event_id": "AUTO_EV_58689",
        "energia": 4,
        "lisa_cluster": "Low-Low (Coldspot)",
        "local_moran": 0.2865358241085738
      }
    },
    {
      "type": "Feature",
      "geometry": {
        "type": "Point",
        "coordinates": [
          14.0920575,
          40.78635575
        ]
      },
      "properties": {
        "event_id": "AUTO_EV_58690",
        "energia": 4,
        "lisa_cluster": "Low-Low (Coldspot)",
        "local_moran": 0.1352597235636055
      }
    },
    {
      "type": "Feature",
      "geometry": {
        "type": "Point",
        "coordinates": [
          14.1730695,
          40.8162845
        ]
      },
      "properties": {
        "event_id": "AUTO_EV_58691",
        "energia": 4,
        "lisa_cluster": "Low-Low (Coldspot)",
        "local_moran": 0.32120537990377424
      }
    },
    {
      "type": "Feature",
      "geometry": {
        "type": "Point",
        "coordinates": [
          14.104151833333333,
          40.80271716666667
        ]
      },
      "properties": {
        "event_id": "AUTO_EV_58692",
        "energia": 6,
        "lisa_cluster": "High-High (Hotspot)",
        "local_moran": 0.0236275933680193
      }
    },
    {
      "type": "Feature",
      "geometry": {
        "type": "Point",
        "coordinates": [
          14.037814,
          40.77842566666667
        ]
      },
      "properties": {
        "event_id": "AUTO_EV_58693",
        "energia": 3,
        "lisa_cluster": "Low-Low (Coldspot)",
        "local_moran": 0.9348198645712001
      }
    },
    {
      "type": "Feature",
      "geometry": {
        "type": "Point",
        "coordinates": [
          14.0884285,
          40.810967250000004
        ]
      },
      "properties": {
        "event_id": "AUTO_EV_58694",
        "energia": 4,
        "lisa_cluster": "Low-Low (Coldspot)",
        "local_moran": 0.018465334712192798
      }
    },
    {
      "type": "Feature",
      "geometry": {
        "type": "Point",
        "coordinates": [
          14.15099175,
          40.814991500000005
        ]
      },
      "properties": {
        "event_id": "AUTO_EV_58695",
        "energia": 4,
        "lisa_cluster": "Low-Low (Coldspot)",
        "local_moran": 0.14473606287258595
      }
    },
    {
      "type": "Feature",
      "geometry": {
        "type": "Point",
        "coordinates": [
          14.087106,
          40.7995175
        ]
      },
      "properties": {
        "event_id": "AUTO_EV_58696",
        "energia": 4,
        "lisa_cluster": "Low-Low (Coldspot)",
        "local_moran": 0.019752560001386116
      }
    },
    {
      "type": "Feature",
      "geometry": {
        "type": "Point",
        "coordinates": [
          14.121684,
          40.81941866666667
        ]
      },
      "properties": {
        "event_id": "AUTO_EV_58697",
        "energia": 3,
        "lisa_cluster": "Low-High (Outlier)",
        "local_moran": -0.94441942769446
      }
    },
    {
      "type": "Feature",
      "geometry": {
        "type": "Point",
        "coordinates": [
          14.1091962,
          40.810053800000006
        ]
      },
      "properties": {
        "event_id": "AUTO_EV_58698",
        "energia": 5,
        "lisa_cluster": "Low-High (Outlier)",
        "local_moran": -0.045202920101230865
      }
    },
    {
      "type": "Feature",
      "geometry": {
        "type": "Point",
        "coordinates": [
          14.07642725,
          40.785419250000004
        ]
      },
      "properties": {
        "event_id": "AUTO_EV_58699",
        "energia": 4,
        "lisa_cluster": "Low-Low (Coldspot)",
        "local_moran": 0.29653105291485266
      }
    },
    {
      "type": "Feature",
      "geometry": {
        "type": "Point",
        "coordinates": [
          14.118981199999999,
          40.8159804
        ]
      },
      "properties": {
        "event_id": "AUTO_EV_58700",
        "energia": 5,
        "lisa_cluster": "Low-High (Outlier)",
        "local_moran": -0.10504229539614401
      }
    },
    {
      "type": "Feature",
      "geometry": {
        "type": "Point",
        "coordinates": [
          14.100295666666668,
          40.800335
        ]
      },
      "properties": {
        "event_id": "AUTO_EV_58701",
        "energia": 6,
        "lisa_cluster": "High-High (Hotspot)",
        "local_moran": 0.040073150971368654
      }
    },
    {
      "type": "Feature",
      "geometry": {
        "type": "Point",
        "coordinates": [
          14.0975372,
          40.807763800000004
        ]
      },
      "properties": {
        "event_id": "AUTO_EV_58702",
        "energia": 5,
        "lisa_cluster": "Low-High (Outlier)",
        "local_moran": -0.01618765517121788
      }
    },
    {
      "type": "Feature",
      "geometry": {
        "type": "Point",
        "coordinates": [
          14.105241666666666,
          40.79637400000001
        ]
      },
      "properties": {
        "event_id": "AUTO_EV_58703",
        "energia": 3,
        "lisa_cluster": "Low-High (Outlier)",
        "local_moran": -4.79785341193574e-05
      }
    },
    {
      "type": "Feature",
      "geometry": {
        "type": "Point",
        "coordinates": [
          14.1103418,
          40.817075599999995
        ]
      },
      "properties": {
        "event_id": "AUTO_EV_58704",
        "energia": 5,
        "lisa_cluster": "Low-Low (Coldspot)",
        "local_moran": 0.01073382787264983
      }
    },
    {
      "type": "Feature",
      "geometry": {
        "type": "Point",
        "coordinates": [
          14.1023295,
          40.801218500000004
        ]
      },
      "properties": {
        "event_id": "AUTO_EV_58705",
        "energia": 4,
        "lisa_cluster": "Low-High (Outlier)",
        "local_moran": -0.04791530095953208
      }
    },
    {
      "type": "Feature",
      "geometry": {
        "type": "Point",
        "coordinates": [
          14.1511474,
          40.8293696
        ]
      },
      "properties": {
        "event_id": "AUTO_EV_58706",
        "energia": 5,
        "lisa_cluster": "Low-Low (Coldspot)",
        "local_moran": 0.03420941148703509
      }
    },
    {
      "type": "Feature",
      "geometry": {
        "type": "Point",
        "coordinates": [
          14.1636425,
          40.8205605
        ]
      },
      "properties": {
        "event_id": "AUTO_EV_58707",
        "energia": 4,
        "lisa_cluster": "Low-Low (Coldspot)",
        "local_moran": 0.26493466033645807
      }
    },
    {
      "type": "Feature",
      "geometry": {
        "type": "Point",
        "coordinates": [
          14.08917157142857,
          40.804866571428576
        ]
      },
      "properties": {
        "event_id": "AUTO_EV_58708",
        "energia": 7,
        "lisa_cluster": "High-High (Hotspot)",
        "local_moran": 0.005468993558639877
      }
    },
    {
      "type": "Feature",
      "geometry": {
        "type": "Point",
        "coordinates": [
          14.075046333333333,
          40.77692533333333
        ]
      },
      "properties": {
        "event_id": "AUTO_EV_58709",
        "energia": 3,
        "lisa_cluster": "Low-Low (Coldspot)",
        "local_moran": 0.353683208245036
      }
    },
    {
      "type": "Feature",
      "geometry": {
        "type": "Point",
        "coordinates": [
          14.147974833333334,
          40.82051883333333
        ]
      },
      "properties": {
        "event_id": "AUTO_EV_58710",
        "energia": 6,
        "lisa_cluster": "High-Low (Outlier)",
        "local_moran": -0.044543629114680995
      }
    },
    {
      "type": "Feature",
      "geometry": {
        "type": "Point",
        "coordinates": [
          14.139699,
          40.82604425
        ]
      },
      "properties": {
        "event_id": "AUTO_EV_58711",
        "energia": 4,
        "lisa_cluster": "Low-Low (Coldspot)",
        "local_moran": 0.05782558807455952
      }
    },
    {
      "type": "Feature",
      "geometry": {
        "type": "Point",
        "coordinates": [
          14.1500615,
          40.81469275
        ]
      },
      "properties": {
        "event_id": "AUTO_EV_58712",
        "energia": 4,
        "lisa_cluster": "Low-Low (Coldspot)",
        "local_moran": 0.2991284133128882
      }
    },
    {
      "type": "Feature",
      "geometry": {
        "type": "Point",
        "coordinates": [
          14.10644375,
          40.82325225
        ]
      },
      "properties": {
        "event_id": "AUTO_EV_58713",
        "energia": 4,
        "lisa_cluster": "Low-High (Outlier)",
        "local_moran": -0.08200215248921572
      }
    },
    {
      "type": "Feature",
      "geometry": {
        "type": "Point",
        "coordinates": [
          14.125531200000001,
          40.813492600000004
        ]
      },
      "properties": {
        "event_id": "AUTO_EV_58714",
        "energia": 5,
        "lisa_cluster": "Low-High (Outlier)",
        "local_moran": -0.06532177080673561
      }
    },
    {
      "type": "Feature",
      "geometry": {
        "type": "Point",
        "coordinates": [
          14.085774800000001,
          40.8084008
        ]
      },
      "properties": {
        "event_id": "AUTO_EV_58715",
        "energia": 5,
        "lisa_cluster": "Low-Low (Coldspot)",
        "local_moran": 0.016795590135084068
      }
    },
    {
      "type": "Feature",
      "geometry": {
        "type": "Point",
        "coordinates": [
          14.12586975,
          40.813010750000004
        ]
      },
      "properties": {
        "event_id": "AUTO_EV_58716",
        "energia": 4,
        "lisa_cluster": "Low-High (Outlier)",
        "local_moran": -0.2508962295668777
      }
    },
    {
      "type": "Feature",
      "geometry": {
        "type": "Point",
        "coordinates": [
          14.12780325,
          40.8062255
        ]
      },
      "properties": {
        "event_id": "AUTO_EV_58717",
        "energia": 4,
        "lisa_cluster": "Low-High (Outlier)",
        "local_moran": -0.09596076631010877
      }
    },
    {
      "type": "Feature",
      "geometry": {
        "type": "Point",
        "coordinates": [
          14.101455428571429,
          40.803793999999996
        ]
      },
      "properties": {
        "event_id": "AUTO_EV_58718",
        "energia": 7,
        "lisa_cluster": "High-High (Hotspot)",
        "local_moran": 0.08136690672936352
      }
    },
    {
      "type": "Feature",
      "geometry": {
        "type": "Point",
        "coordinates": [
          14.117348857142858,
          40.80424757142857
        ]
      },
      "properties": {
        "event_id": "AUTO_EV_58719",
        "energia": 7,
        "lisa_cluster": "High-High (Hotspot)",
        "local_moran": 0.09061073563389503
      }
    },
    {
      "type": "Feature",
      "geometry": {
        "type": "Point",
        "coordinates": [
          14.118167,
          40.806115250000005
        ]
      },
      "properties": {
        "event_id": "AUTO_EV_58720",
        "energia": 4,
        "lisa_cluster": "Low-High (Outlier)",
        "local_moran": -0.13765377135236012
      }
    },
    {
      "type": "Feature",
      "geometry": {
        "type": "Point",
        "coordinates": [
          14.102142125,
          40.808504
        ]
      },
      "properties": {
        "event_id": "AUTO_EV_58721",
        "energia": 8,
        "lisa_cluster": "High-High (Hotspot)",
        "local_moran": 0.23641522626351716
      }
    },
    {
      "type": "Feature",
      "geometry": {
        "type": "Point",
        "coordinates": [
          14.0694935,
          40.797058750000005
        ]
      },
      "properties": {
        "event_id": "AUTO_EV_58722",
        "energia": 4,
        "lisa_cluster": "Low-Low (Coldspot)",
        "local_moran": 0.29941332527880804
      }
    },
    {
      "type": "Feature",
      "geometry": {
        "type": "Point",
        "coordinates": [
          14.08863825,
          40.791275
        ]
      },
      "properties": {
        "event_id": "AUTO_EV_58723",
        "energia": 4,
        "lisa_cluster": "Low-Low (Coldspot)",
        "local_moran": 0.09022352144300957
      }
    },
    {
      "type": "Feature",
      "geometry": {
        "type": "Point",
        "coordinates": [
          14.0720355,
          40.786694250000004
        ]
      },
      "properties": {
        "event_id": "AUTO_EV_58724",
        "energia": 4,
        "lisa_cluster": "Low-Low (Coldspot)",
        "local_moran": 0.30050989192048144
      }
    },
    {
      "type": "Feature",
      "geometry": {
        "type": "Point",
        "coordinates": [
          14.0975558,
          40.7891176
        ]
      },
      "properties": {
        "event_id": "AUTO_EV_58725",
        "energia": 5,
        "lisa_cluster": "Low-Low (Coldspot)",
        "local_moran": 0.022584711284356906
      }
    },
    {
      "type": "Feature",
      "geometry": {
        "type": "Point",
        "coordinates": [
          14.122929999999998,
          40.80774833333333
        ]
      },
      "properties": {
        "event_id": "AUTO_EV_58726",
        "energia": 6,
        "lisa_cluster": "High-High (Hotspot)",
        "local_moran": 0.07032743098943117
      }
    },
    {
      "type": "Feature",
      "geometry": {
        "type": "Point",
        "coordinates": [
          14.155597,
          40.83760899999999
        ]
      },
      "properties": {
        "event_id": "AUTO_EV_58727",
        "energia": 3,
        "lisa_cluster": "Low-Low (Coldspot)",
        "local_moran": 0.37430193455942834
      }
    },
    {
      "type": "Feature",
      "geometry": {
        "type": "Point",
        "coordinates": [
          14.101193,
          40.791819000000004
        ]
      },
      "properties": {
        "event_id": "AUTO_EV_58728",
        "energia": 4,
        "lisa_cluster": "Low-Low (Coldspot)",
        "local_moran": 0.29884231993364746
      }
    },
    {
      "type": "Feature",
      "geometry": {
        "type": "Point",
        "coordinates": [
          14.07642725,
          40.785419250000004
        ]
      },
      "properties": {
        "event_id": "AUTO_EV_58729",
        "energia": 4,
        "lisa_cluster": "Low-Low (Coldspot)",
        "local_moran": 0.2965310529148527
      }
    },
    {
      "type": "Feature",
      "geometry": {
        "type": "Point",
        "coordinates": [
          14.175771333333335,
          40.842751666666665
        ]
      },
      "properties": {
        "event_id": "AUTO_EV_58730",
        "energia": 3,
        "lisa_cluster": "Low-Low (Coldspot)",
        "local_moran": 0.5922269504142222
      }
    },
    {
      "type": "Feature",
      "geometry": {
        "type": "Point",
        "coordinates": [
          14.1679275,
          40.833175499999996
        ]
      },
      "properties": {
        "event_id": "AUTO_EV_58731",
        "energia": 4,
        "lisa_cluster": "Low-Low (Coldspot)",
        "local_moran": 0.2664103465380107
      }
    },
    {
      "type": "Feature",
      "geometry": {
        "type": "Point",
        "coordinates": [
          14.14194375,
          40.8125045
        ]
      },
      "properties": {
        "event_id": "AUTO_EV_58732",
        "energia": 4,
        "lisa_cluster": "Low-Low (Coldspot)",
        "local_moran": 0.1181212404145349
      }
    },
    {
      "type": "Feature",
      "geometry": {
        "type": "Point",
        "coordinates": [
          14.125023333333333,
          40.829557
        ]
      },
      "properties": {
        "event_id": "AUTO_EV_58733",
        "energia": 3,
        "lisa_cluster": "Low-High (Outlier)",
        "local_moran": -0.5086355838655539
      }
    },
    {
      "type": "Feature",
      "geometry": {
        "type": "Point",
        "coordinates": [
          14.148132,
          40.8142695
        ]
      },
      "properties": {
        "event_id": "AUTO_EV_58734",
        "energia": 4,
        "lisa_cluster": "Low-Low (Coldspot)",
        "local_moran": 0.29332384169470194
      }
    },
    {
      "type": "Feature",
      "geometry": {
        "type": "Point",
        "coordinates": [
          14.168257333333335,
          40.811339
        ]
      },
      "properties": {
        "event_id": "AUTO_EV_58735",
        "energia": 3,
        "lisa_cluster": "Low-Low (Coldspot)",
        "local_moran": 0.5187110465165514
      }
    },
    {
      "type": "Feature",
      "geometry": {
        "type": "Point",
        "coordinates": [
          14.12493275,
          40.8214775
        ]
      },
      "properties": {
        "event_id": "AUTO_EV_58736",
        "energia": 4,
        "lisa_cluster": "Low-Low (Coldspot)",
        "local_moran": 0.2522210963230635
      }
    },
    {
      "type": "Feature",
      "geometry": {
        "type": "Point",
        "coordinates": [
          14.1187105,
          40.8018225
        ]
      },
      "properties": {
        "event_id": "AUTO_EV_58737",
        "energia": 4,
        "lisa_cluster": "Low-High (Outlier)",
        "local_moran": -0.01755719991387385
      }
    },
    {
      "type": "Feature",
      "geometry": {
        "type": "Point",
        "coordinates": [
          14.0907465,
          40.80530775
        ]
      },
      "properties": {
        "event_id": "AUTO_EV_58738",
        "energia": 4,
        "lisa_cluster": "Low-Low (Coldspot)",
        "local_moran": 0.27741387967044734
      }
    },
    {
      "type": "Feature",
      "geometry": {
        "type": "Point",
        "coordinates": [
          14.11972525,
          40.796823
        ]
      },
      "properties": {
        "event_id": "AUTO_EV_58739",
        "energia": 4,
        "lisa_cluster": "Low-Low (Coldspot)",
        "local_moran": 0.2892453400325949
      }
    },
    {
      "type": "Feature",
      "geometry": {
        "type": "Point",
        "coordinates": [
          14.107609333333334,
          40.810095499999996
        ]
      },
      "properties": {
        "event_id": "AUTO_EV_58740",
        "energia": 6,
        "lisa_cluster": "High-High (Hotspot)",
        "local_moran": 0.08334577174894504
      }
    },
    {
      "type": "Feature",
      "geometry": {
        "type": "Point",
        "coordinates": [
          14.149741333333333,
          40.839309
        ]
      },
      "properties": {
        "event_id": "AUTO_EV_58741",
        "energia": 3,
        "lisa_cluster": "Low-Low (Coldspot)",
        "local_moran": 0.9328580767650947
      }
    },
    {
      "type": "Feature",
      "geometry": {
        "type": "Point",
        "coordinates": [
          14.132154666666667,
          40.824199
        ]
      },
      "properties": {
        "event_id": "AUTO_EV_58742",
        "energia": 6,
        "lisa_cluster": "High-High (Hotspot)",
        "local_moran": 0.11596111276220859
      }
    },
    {
      "type": "Feature",
      "geometry": {
        "type": "Point",
        "coordinates": [
          14.143781,
          40.8042815
        ]
      },
      "properties": {
        "event_id": "AUTO_EV_58743",
        "energia": 4,
        "lisa_cluster": "Low-Low (Coldspot)",
        "local_moran": 0.29567971555650524
      }
    },
    {
      "type": "Feature",
      "geometry": {
        "type": "Point",
        "coordinates": [
          14.0851894,
          40.7925788
        ]
      },
      "properties": {
        "event_id": "AUTO_EV_58744",
        "energia": 5,
        "lisa_cluster": "Low-Low (Coldspot)",
        "local_moran": 0.018381605851029933
      }
    },
    {
      "type": "Feature",
      "geometry": {
        "type": "Point",
        "coordinates": [
          14.128032,
          40.83089233333333
        ]
      },
      "properties": {
        "event_id": "AUTO_EV_58745",
        "energia": 3,
        "lisa_cluster": "Low-High (Outlier)",
        "local_moran": -0.34777293734649933
      }
    },
    {
      "type": "Feature",
      "geometry": {
        "type": "Point",
        "coordinates": [
          14.149741333333333,
          40.839309
        ]
      },
      "properties": {
        "event_id": "AUTO_EV_58746",
        "energia": 3,
        "lisa_cluster": "Low-Low (Coldspot)",
        "local_moran": 0.9328580767650947
      }
    },
    {
      "type": "Feature",
      "geometry": {
        "type": "Point",
        "coordinates": [
          14.1090615,
          40.81466825
        ]
      },
      "properties": {
        "event_id": "AUTO_EV_58747",
        "energia": 4,
        "lisa_cluster": "Low-Low (Coldspot)",
        "local_moran": 0.25344296109997816
      }
    },
    {
      "type": "Feature",
      "geometry": {
        "type": "Point",
        "coordinates": [
          14.13666975,
          40.835743
        ]
      },
      "properties": {
        "event_id": "AUTO_EV_58748",
        "energia": 4,
        "lisa_cluster": "Low-Low (Coldspot)",
        "local_moran": 0.2409560127812667
      }
    },
    {
      "type": "Feature",
      "geometry": {
        "type": "Point",
        "coordinates": [
          14.10536175,
          40.823927
        ]
      },
      "properties": {
        "event_id": "AUTO_EV_58749",
        "energia": 4,
        "lisa_cluster": "Low-High (Outlier)",
        "local_moran": -0.10578506202132239
      }
    },
    {
      "type": "Feature",
      "geometry": {
        "type": "Point",
        "coordinates": [
          14.08680175,
          40.791261000000006
        ]
      },
      "properties": {
        "event_id": "AUTO_EV_58750",
        "energia": 4,
        "lisa_cluster": "Low-Low (Coldspot)",
        "local_moran": 0.08572628905550152
      }
    },
    {
      "type": "Feature",
      "geometry": {
        "type": "Point",
        "coordinates": [
          14.080484166666666,
          40.8039135
        ]
      },
      "properties": {
        "event_id": "AUTO_EV_58751",
        "energia": 6,
        "lisa_cluster": "High-Low (Outlier)",
        "local_moran": -0.03299566900123567
      }
    },
    {
      "type": "Feature",
      "geometry": {
        "type": "Point",
        "coordinates": [
          14.117510666666666,
          40.7934185
        ]
      },
      "properties": {
        "event_id": "AUTO_EV_58752",
        "energia": 6,
        "lisa_cluster": "High-High (Hotspot)",
        "local_moran": 0.07651231020031947
      }
    },
    {
      "type": "Feature",
      "geometry": {
        "type": "Point",
        "coordinates": [
          14.09056775,
          40.79169825
        ]
      },
      "properties": {
        "event_id": "AUTO_EV_58753",
        "energia": 4,
        "lisa_cluster": "Low-Low (Coldspot)",
        "local_moran": 0.29894797273398427
      }
    },
    {
      "type": "Feature",
      "geometry": {
        "type": "Point",
        "coordinates": [
          14.092278499999999,
          40.809267250000005
        ]
      },
      "properties": {
        "event_id": "AUTO_EV_58754",
        "energia": 4,
        "lisa_cluster": "Low-Low (Coldspot)",
        "local_moran": 0.273929705973461
      }
    },
    {
      "type": "Feature",
      "geometry": {
        "type": "Point",
        "coordinates": [
          14.1547975,
          40.798556
        ]
      },
      "properties": {
        "event_id": "AUTO_EV_58755",
        "energia": 4,
        "lisa_cluster": "Low-Low (Coldspot)",
        "local_moran": 0.3012423714466781
      }
    },
    {
      "type": "Feature",
      "geometry": {
        "type": "Point",
        "coordinates": [
          14.1253974,
          40.8079794
        ]
      },
      "properties": {
        "event_id": "AUTO_EV_58756",
        "energia": 5,
        "lisa_cluster": "Low-High (Outlier)",
        "local_moran": -0.03193092348938789
      }
    },
    {
      "type": "Feature",
      "geometry": {
        "type": "Point",
        "coordinates": [
          14.15008075,
          40.81537325
        ]
      },
      "properties": {
        "event_id": "AUTO_EV_58757",
        "energia": 4,
        "lisa_cluster": "Low-Low (Coldspot)",
        "local_moran": 0.14460595236194793
      }
    },
    {
      "type": "Feature",
      "geometry": {
        "type": "Point",
        "coordinates": [
          14.137921666666665,
          40.825839
        ]
      },
      "properties": {
        "event_id": "AUTO_EV_58758",
        "energia": 3,
        "lisa_cluster": "Low-Low (Coldspot)",
        "local_moran": 0.06696827258929017
      }
    },
    {
      "type": "Feature",
      "geometry": {
        "type": "Point",
        "coordinates": [
          14.0878655,
          40.80197525
        ]
      },
      "properties": {
        "event_id": "AUTO_EV_58759",
        "energia": 4,
        "lisa_cluster": "Low-High (Outlier)",
        "local_moran": -0.02036864374260114
      }
    },
    {
      "type": "Feature",
      "geometry": {
        "type": "Point",
        "coordinates": [
          14.1343076,
          40.8186138
        ]
      },
      "properties": {
        "event_id": "AUTO_EV_58760",
        "energia": 5,
        "lisa_cluster": "Low-High (Outlier)",
        "local_moran": -0.029665585797617963
      }
    },
    {
      "type": "Feature",
      "geometry": {
        "type": "Point",
        "coordinates": [
          14.128047500000001,
          40.8028775
        ]
      },
      "properties": {
        "event_id": "AUTO_EV_58761",
        "energia": 4,
        "lisa_cluster": "Low-Low (Coldspot)",
        "local_moran": 0.2834069439602576
      }
    },
    {
      "type": "Feature",
      "geometry": {
        "type": "Point",
        "coordinates": [
          14.14255725,
          40.81725225
        ]
      },
      "properties": {
        "event_id": "AUTO_EV_58762",
        "energia": 4,
        "lisa_cluster": "Low-Low (Coldspot)",
        "local_moran": 0.048097609578692524
      }
    },
    {
      "type": "Feature",
      "geometry": {
        "type": "Point",
        "coordinates": [
          14.14592325,
          40.83199175
        ]
      },
      "properties": {
        "event_id": "AUTO_EV_58763",
        "energia": 4,
        "lisa_cluster": "Low-Low (Coldspot)",
        "local_moran": 0.11850806504981609
      }
    },
    {
      "type": "Feature",
      "geometry": {
        "type": "Point",
        "coordinates": [
          14.09707875,
          40.782236499999996
        ]
      },
      "properties": {
        "event_id": "AUTO_EV_58764",
        "energia": 4,
        "lisa_cluster": "Low-Low (Coldspot)",
        "local_moran": 0.30041708281090007
      }
    },
    {
      "type": "Feature",
      "geometry": {
        "type": "Point",
        "coordinates": [
          14.12446975,
          40.80766775
        ]
      },
      "properties": {
        "event_id": "AUTO_EV_58765",
        "energia": 4,
        "lisa_cluster": "Low-Low (Coldspot)",
        "local_moran": 0.2582237991747345
      }
    },
    {
      "type": "Feature",
      "geometry": {
        "type": "Point",
        "coordinates": [
          14.18183575,
          40.8118675
        ]
      },
      "properties": {
        "event_id": "AUTO_EV_58766",
        "energia": 4,
        "lisa_cluster": "Low-Low (Coldspot)",
        "local_moran": 0.41873457679738335
      }
    },
    {
      "type": "Feature",
      "geometry": {
        "type": "Point",
        "coordinates": [
          14.0965455,
          40.808793
        ]
      },
      "properties": {
        "event_id": "AUTO_EV_58767",
        "energia": 4,
        "lisa_cluster": "Low-Low (Coldspot)",
        "local_moran": 0.28858131171104723
      }
    },
    {
      "type": "Feature",
      "geometry": {
        "type": "Point",
        "coordinates": [
          14.135820200000001,
          40.8232174
        ]
      },
      "properties": {
        "event_id": "AUTO_EV_58768",
        "energia": 5,
        "lisa_cluster": "Low-High (Outlier)",
        "local_moran": -0.02521120658351584
      }
    },
    {
      "type": "Feature",
      "geometry": {
        "type": "Point",
        "coordinates": [
          14.092687,
          40.7835115
        ]
      },
      "properties": {
        "event_id": "AUTO_EV_58769",
        "energia": 4,
        "lisa_cluster": "Low-Low (Coldspot)",
        "local_moran": 0.30083842802903327
      }
    },
    {
      "type": "Feature",
      "geometry": {
        "type": "Point",
        "coordinates": [
          14.176714333333331,
          40.80535666666666
        ]
      },
      "properties": {
        "event_id": "AUTO_EV_58770",
        "energia": 3,
        "lisa_cluster": "Low-Low (Coldspot)",
        "local_moran": 0.9354670364302216
      }
    },
    {
      "type": "Feature",
      "geometry": {
        "type": "Point",
        "coordinates": [
          14.109377666666667,
          40.813746333333334
        ]
      },
      "properties": {
        "event_id": "AUTO_EV_58771",
        "energia": 6,
        "lisa_cluster": "High-High (Hotspot)",
        "local_moran": 0.135274715729059
      }
    },
    {
      "type": "Feature",
      "geometry": {
        "type": "Point",
        "coordinates": [
          14.050660666666667,
          40.781816
        ]
      },
      "properties": {
        "event_id": "AUTO_EV_58772",
        "energia": 3,
        "lisa_cluster": "Low-Low (Coldspot)",
        "local_moran": 0.5095790431696583
      }
    },
    {
      "type": "Feature",
      "geometry": {
        "type": "Point",
        "coordinates": [
          14.145337666666668,
          40.805157
        ]
      },
      "properties": {
        "event_id": "AUTO_EV_58773",
        "energia": 3,
        "lisa_cluster": "Low-Low (Coldspot)",
        "local_moran": 0.9077214690214372
      }
    },
    {
      "type": "Feature",
      "geometry": {
        "type": "Point",
        "coordinates": [
          14.11636825,
          40.83040325
        ]
      },
      "properties": {
        "event_id": "AUTO_EV_58774",
        "energia": 4,
        "lisa_cluster": "Low-High (Outlier)",
        "local_moran": -0.2672919158052666
      }
    },
    {
      "type": "Feature",
      "geometry": {
        "type": "Point",
        "coordinates": [
          14.09900375,
          40.81430325
        ]
      },
      "properties": {
        "event_id": "AUTO_EV_58775",
        "energia": 4,
        "lisa_cluster": "Low-Low (Coldspot)",
        "local_moran": 0.2795787996278507
      }
    },
    {
      "type": "Feature",
      "geometry": {
        "type": "Point",
        "coordinates": [
          14.129235,
          40.824804
        ]
      },
      "properties": {
        "event_id": "AUTO_EV_58776",
        "energia": 3,
        "lisa_cluster": "Low-High (Outlier)",
        "local_moran": -0.48842038378207225
      }
    },
    {
      "type": "Feature",
      "geometry": {
        "type": "Point",
        "coordinates": [
          14.079274799999999,
          40.817719
        ]
      },
      "properties": {
        "event_id": "AUTO_EV_58777",
        "energia": 5,
        "lisa_cluster": "Low-Low (Coldspot)",
        "local_moran": 0.035903488002429526
      }
    },
    {
      "type": "Feature",
      "geometry": {
        "type": "Point",
        "coordinates": [
          14.1529074,
          40.8252942
        ]
      },
      "properties": {
        "event_id": "AUTO_EV_58778",
        "energia": 5,
        "lisa_cluster": "Low-Low (Coldspot)",
        "local_moran": 0.036641763969689524
      }
    },
    {
      "type": "Feature",
      "geometry": {
        "type": "Point",
        "coordinates": [
          14.063120999999999,
          40.8041425
        ]
      },
      "properties": {
        "event_id": "AUTO_EV_58779",
        "energia": 4,
        "lisa_cluster": "Low-Low (Coldspot)",
        "local_moran": 0.30105649622418246
      }
    },
    {
      "type": "Feature",
      "geometry": {
        "type": "Point",
        "coordinates": [
          14.101193,
          40.791819000000004
        ]
      },
      "properties": {
        "event_id": "AUTO_EV_58780",
        "energia": 4,
        "lisa_cluster": "Low-Low (Coldspot)",
        "local_moran": 0.29884231993364746
      }
    },
    {
      "type": "Feature",
      "geometry": {
        "type": "Point",
        "coordinates": [
          14.099035,
          40.8000436
        ]
      },
      "properties": {
        "event_id": "AUTO_EV_58781",
        "energia": 5,
        "lisa_cluster": "Low-Low (Coldspot)",
        "local_moran": 0.015562662050080434
      }
    },
    {
      "type": "Feature",
      "geometry": {
        "type": "Point",
        "coordinates": [
          14.0778894,
          40.8030758
        ]
      },
      "properties": {
        "event_id": "AUTO_EV_58782",
        "energia": 5,
        "lisa_cluster": "Low-Low (Coldspot)",
        "local_moran": 0.020250265937566004
      }
    },
    {
      "type": "Feature",
      "geometry": {
        "type": "Point",
        "coordinates": [
          14.1242088,
          40.8261996
        ]
      },
      "properties": {
        "event_id": "AUTO_EV_58783",
        "energia": 5,
        "lisa_cluster": "Low-High (Outlier)",
        "local_moran": -0.07795192429003261
      }
    },
    {
      "type": "Feature",
      "geometry": {
        "type": "Point",
        "coordinates": [
          14.107654857142858,
          40.808429571428576
        ]
      },
      "properties": {
        "event_id": "AUTO_EV_58784",
        "energia": 7,
        "lisa_cluster": "High-High (Hotspot)",
        "local_moran": 0.18262985633854173
      }
    },
    {
      "type": "Feature",
      "geometry": {
        "type": "Point",
        "coordinates": [
          14.137472800000001,
          40.815655400000004
        ]
      },
      "properties": {
        "event_id": "AUTO_EV_58785",
        "energia": 5,
        "lisa_cluster": "Low-High (Outlier)",
        "local_moran": -0.013449307883108377
      }
    },
    {
      "type": "Feature",
      "geometry": {
        "type": "Point",
        "coordinates": [
          14.09900375,
          40.81430325
        ]
      },
      "properties": {
        "event_id": "AUTO_EV_58786",
        "energia": 4,
        "lisa_cluster": "Low-Low (Coldspot)",
        "local_moran": 0.27957879962785076
      }
    },
    {
      "type": "Feature",
      "geometry": {
        "type": "Point",
        "coordinates": [
          14.114870999999999,
          40.812533
        ]
      },
      "properties": {
        "event_id": "AUTO_EV_58787",
        "energia": 5,
        "lisa_cluster": "Low-High (Outlier)",
        "local_moran": -0.08742350681324264
      }
    },
    {
      "type": "Feature",
      "geometry": {
        "type": "Point",
        "coordinates": [
          14.090322,
          40.789593
        ]
      },
      "properties": {
        "event_id": "AUTO_EV_58788",
        "energia": 3,
        "lisa_cluster": "Low-Low (Coldspot)",
        "local_moran": 0.12662609333116953
      }
    },
    {
      "type": "Feature",
      "geometry": {
        "type": "Point",
        "coordinates": [
          14.168613,
          40.82037725
        ]
      },
      "properties": {
        "event_id": "AUTO_EV_58789",
        "energia": 4,
        "lisa_cluster": "Low-Low (Coldspot)",
        "local_moran": 0.2938018421615253
      }
    },
    {
      "type": "Feature",
      "geometry": {
        "type": "Point",
        "coordinates": [
          14.1500615,
          40.81469275
        ]
      },
      "properties": {
        "event_id": "AUTO_EV_58790",
        "energia": 4,
        "lisa_cluster": "Low-Low (Coldspot)",
        "local_moran": 0.29912841331288825
      }
    },
    {
      "type": "Feature",
      "geometry": {
        "type": "Point",
        "coordinates": [
          14.11780425,
          40.82338125
        ]
      },
      "properties": {
        "event_id": "AUTO_EV_58791",
        "energia": 4,
        "lisa_cluster": "Low-High (Outlier)",
        "local_moran": -0.37940919246371313
      }
    },
    {
      "type": "Feature",
      "geometry": {
        "type": "Point",
        "coordinates": [
          14.0865288,
          40.8019806
        ]
      },
      "properties": {
        "event_id": "AUTO_EV_58792",
        "energia": 5,
        "lisa_cluster": "Low-Low (Coldspot)",
        "local_moran": 0.00022233071164021883
      }
    },
    {
      "type": "Feature",
      "geometry": {
        "type": "Point",
        "coordinates": [
          14.11217575,
          40.8097295
        ]
      },
      "properties": {
        "event_id": "AUTO_EV_58793",
        "energia": 4,
        "lisa_cluster": "Low-Low (Coldspot)",
        "local_moran": 0.24411814162970769
      }
    },
    {
      "type": "Feature",
      "geometry": {
        "type": "Point",
        "coordinates": [
          14.092687,
          40.7835115
        ]
      },
      "properties": {
        "event_id": "AUTO_EV_58794",
        "energia": 4,
        "lisa_cluster": "Low-Low (Coldspot)",
        "local_moran": 0.30083842802903327
      }
    },
    {
      "type": "Feature",
      "geometry": {
        "type": "Point",
        "coordinates": [
          14.10526925,
          40.799082750000004
        ]
      },
      "properties": {
        "event_id": "AUTO_EV_58795",
        "energia": 4,
        "lisa_cluster": "Low-High (Outlier)",
        "local_moran": -0.029238931473904443
      }
    },
    {
      "type": "Feature",
      "geometry": {
        "type": "Point",
        "coordinates": [
          14.114775,
          40.817365833333334
        ]
      },
      "properties": {
        "event_id": "AUTO_EV_58796",
        "energia": 6,
        "lisa_cluster": "High-High (Hotspot)",
        "local_moran": 0.20270881654371295
      }
    },
    {
      "type": "Feature",
      "geometry": {
        "type": "Point",
        "coordinates": [
          14.12399875,
          40.810641000000004
        ]
      },
      "properties": {
        "event_id": "AUTO_EV_58797",
        "energia": 4,
        "lisa_cluster": "Low-High (Outlier)",
        "local_moran": -0.1403541712831555
      }
    },
    {
      "type": "Feature",
      "geometry": {
        "type": "Point",
        "coordinates": [
          14.1042608,
          40.7964042
        ]
      },
      "properties": {
        "event_id": "AUTO_EV_58798",
        "energia": 5,
        "lisa_cluster": "Low-Low (Coldspot)",
        "local_moran": 0.002326173755340256
      }
    },
    {
      "type": "Feature",
      "geometry": {
        "type": "Point",
        "coordinates": [
          14.1386535,
          40.80231775
        ]
      },
      "properties": {
        "event_id": "AUTO_EV_58799",
        "energia": 4,
        "lisa_cluster": "Low-Low (Coldspot)",
        "local_moran": 0.13148577539156
      }
    },
    {
      "type": "Feature",
      "geometry": {
        "type": "Point",
        "coordinates": [
          14.1240889,
          40.818174600000006
        ]
      },
      "properties": {
        "event_id": "AUTO_EV_58800",
        "energia": 20,
        "lisa_cluster": "High-High (Hotspot)",
        "local_moran": 37.51766150463463
      }
    },
    {
      "type": "Feature",
      "geometry": {
        "type": "Point",
        "coordinates": [
          14.123042894736841,
          40.817738052631576
        ]
      },
      "properties": {
        "event_id": "AUTO_EV_58801",
        "energia": 19,
        "lisa_cluster": "High-High (Hotspot)",
        "local_moran": 8.58464528552046
      }
    },
    {
      "type": "Feature",
      "geometry": {
        "type": "Point",
        "coordinates": [
          14.1157041875,
          40.815199375
        ]
      },
      "properties": {
        "event_id": "AUTO_EV_58802",
        "energia": 16,
        "lisa_cluster": "High-High (Hotspot)",
        "local_moran": 3.01799577346304
      }
    },
    {
      "type": "Feature",
      "geometry": {
        "type": "Point",
        "coordinates": [
          14.115745250000002,
          40.81107116666667
        ]
      },
      "properties": {
        "event_id": "AUTO_EV_58803",
        "energia": 12,
        "lisa_cluster": "High-High (Hotspot)",
        "local_moran": 1.6434728548322282
      }
    },
    {
      "type": "Feature",
      "geometry": {
        "type": "Point",
        "coordinates": [
          14.11635675,
          40.807375125
        ]
      },
      "properties": {
        "event_id": "AUTO_EV_58804",
        "energia": 8,
        "lisa_cluster": "High-High (Hotspot)",
        "local_moran": 0.39710088754043793
      }
    },
    {
      "type": "Feature",
      "geometry": {
        "type": "Point",
        "coordinates": [
          14.088667875,
          40.803297625
        ]
      },
      "properties": {
        "event_id": "AUTO_EV_58805",
        "energia": 8,
        "lisa_cluster": "High-High (Hotspot)",
        "local_moran": 0.0171558800142234
      }
    },
    {
      "type": "Feature",
      "geometry": {
        "type": "Point",
        "coordinates": [
          14.097915666666667,
          40.798904666666665
        ]
      },
      "properties": {
        "event_id": "AUTO_EV_58806",
        "energia": 9,
        "lisa_cluster": "High-High (Hotspot)",
        "local_moran": 0.06687870109839808
      }
    },
    {
      "type": "Feature",
      "geometry": {
        "type": "Point",
        "coordinates": [
          14.153547,
          40.8137025
        ]
      },
      "properties": {
        "event_id": "AUTO_EV_58807",
        "energia": 4,
        "lisa_cluster": "Low-Low (Coldspot)",
        "local_moran": 0.29698369302833827
      }
    },
    {
      "type": "Feature",
      "geometry": {
        "type": "Point",
        "coordinates": [
          14.100077333333333,
          40.80878633333334
        ]
      },
      "properties": {
        "event_id": "AUTO_EV_58808",
        "energia": 6,
        "lisa_cluster": "High-High (Hotspot)",
        "local_moran": 0.04914905300178384
      }
    },
    {
      "type": "Feature",
      "geometry": {
        "type": "Point",
        "coordinates": [
          14.134005166666666,
          40.81867316666666
        ]
      },
      "properties": {
        "event_id": "AUTO_EV_58809",
        "energia": 6,
        "lisa_cluster": "High-High (Hotspot)",
        "local_moran": 0.047252525268828595
      }
    },
    {
      "type": "Feature",
      "geometry": {
        "type": "Point",
        "coordinates": [
          14.10630357142857,
          40.79903785714286
        ]
      },
      "properties": {
        "event_id": "AUTO_EV_58810",
        "energia": 7,
        "lisa_cluster": "High-High (Hotspot)",
        "local_moran": 0.030126733040795217
      }
    },
    {
      "type": "Feature",
      "geometry": {
        "type": "Point",
        "coordinates": [
          14.0812438,
          40.800034
        ]
      },
      "properties": {
        "event_id": "AUTO_EV_58811",
        "energia": 5,
        "lisa_cluster": "Low-Low (Coldspot)",
        "local_moran": 0.011616389620968124
      }
    },
    {
      "type": "Feature",
      "geometry": {
        "type": "Point",
        "coordinates": [
          14.104283166666667,
          40.798518666666666
        ]
      },
      "properties": {
        "event_id": "AUTO_EV_58812",
        "energia": 6,
        "lisa_cluster": "High-High (Hotspot)",
        "local_moran": 0.01637764707747959
      }
    },
    {
      "type": "Feature",
      "geometry": {
        "type": "Point",
        "coordinates": [
          14.072756,
          40.80668525
        ]
      },
      "properties": {
        "event_id": "AUTO_EV_58813",
        "energia": 4,
        "lisa_cluster": "Low-Low (Coldspot)",
        "local_moran": 0.29663522338968307
      }
    },
    {
      "type": "Feature",
      "geometry": {
        "type": "Point",
        "coordinates": [
          14.099756,
          40.78359733333333
        ]
      },
      "properties": {
        "event_id": "AUTO_EV_58814",
        "energia": 3,
        "lisa_cluster": "Low-Low (Coldspot)",
        "local_moran": 0.2167726880750557
      }
    },
    {
      "type": "Feature",
      "geometry": {
        "type": "Point",
        "coordinates": [
          14.16696925,
          40.819293
        ]
      },
      "properties": {
        "event_id": "AUTO_EV_58815",
        "energia": 4,
        "lisa_cluster": "Low-Low (Coldspot)",
        "local_moran": 0.3013369484188243
      }
    },
    {
      "type": "Feature",
      "geometry": {
        "type": "Point",
        "coordinates": [
          14.06526225,
          40.78171625
        ]
      },
      "properties": {
        "event_id": "AUTO_EV_58816",
        "energia": 4,
        "lisa_cluster": "Low-Low (Coldspot)",
        "local_moran": 0.29943401199185005
      }
    },
    {
      "type": "Feature",
      "geometry": {
        "type": "Point",
        "coordinates": [
          14.07161275,
          40.788872
        ]
      },
      "properties": {
        "event_id": "AUTO_EV_58817",
        "energia": 4,
        "lisa_cluster": "Low-Low (Coldspot)",
        "local_moran": 0.30061637447161765
      }
    },
    {
      "type": "Feature",
      "geometry": {
        "type": "Point",
        "coordinates": [
          14.12735075,
          40.81100025
        ]
      },
      "properties": {
        "event_id": "AUTO_EV_58818",
        "energia": 4,
        "lisa_cluster": "Low-High (Outlier)",
        "local_moran": -0.16638457416189112
      }
    },
    {
      "type": "Feature",
      "geometry": {
        "type": "Point",
        "coordinates": [
          14.1267025,
          40.795307666666666
        ]
      },
      "properties": {
        "event_id": "AUTO_EV_58819",
        "energia": 6,
        "lisa_cluster": "High-High (Hotspot)",
        "local_moran": 0.07751115634473232
      }
    },
    {
      "type": "Feature",
      "geometry": {
        "type": "Point",
        "coordinates": [
          14.14977625,
          40.80267525
        ]
      },
      "properties": {
        "event_id": "AUTO_EV_58820",
        "energia": 4,
        "lisa_cluster": "Low-Low (Coldspot)",
        "local_moran": 0.3390019437697597
      }
    },
    {
      "type": "Feature",
      "geometry": {
        "type": "Point",
        "coordinates": [
          14.130619333333334,
          40.80183066666667
        ]
      },
      "properties": {
        "event_id": "AUTO_EV_58821",
        "energia": 3,
        "lisa_cluster": "Low-Low (Coldspot)",
        "local_moran": 0.14438360921132373
      }
    },
    {
      "type": "Feature",
      "geometry": {
        "type": "Point",
        "coordinates": [
          14.111402142857143,
          40.803184571428574
        ]
      },
      "properties": {
        "event_id": "AUTO_EV_58822",
        "energia": 7,
        "lisa_cluster": "High-High (Hotspot)",
        "local_moran": 0.11490108386738852
      }
    },
    {
      "type": "Feature",
      "geometry": {
        "type": "Point",
        "coordinates": [
          14.1459665,
          40.80579075
        ]
      },
      "properties": {
        "event_id": "AUTO_EV_58823",
        "energia": 4,
        "lisa_cluster": "Low-Low (Coldspot)",
        "local_moran": 0.15350461399391518
      }
    },
    {
      "type": "Feature",
      "geometry": {
        "type": "Point",
        "coordinates": [
          14.088966333333333,
          40.800187333333334
        ]
      },
      "properties": {
        "event_id": "AUTO_EV_58824",
        "energia": 6,
        "lisa_cluster": "High-Low (Outlier)",
        "local_moran": -0.0033039884109795294
      }
    },
    {
      "type": "Feature",
      "geometry": {
        "type": "Point",
        "coordinates": [
          14.057822400000001,
          40.798381
        ]
      },
      "properties": {
        "event_id": "AUTO_EV_58825",
        "energia": 5,
        "lisa_cluster": "Low-Low (Coldspot)",
        "local_moran": 0.05112459431448571
      }
    },
    {
      "type": "Feature",
      "geometry": {
        "type": "Point",
        "coordinates": [
          14.128296142857142,
          40.810342285714285
        ]
      },
      "properties": {
        "event_id": "AUTO_EV_58826",
        "energia": 7,
        "lisa_cluster": "High-High (Hotspot)",
        "local_moran": 0.18240061541260186
      }
    },
    {
      "type": "Feature",
      "geometry": {
        "type": "Point",
        "coordinates": [
          14.113968916666666,
          40.803317416666665
        ]
      },
      "properties": {
        "event_id": "AUTO_EV_58827",
        "energia": 12,
        "lisa_cluster": "High-High (Hotspot)",
        "local_moran": 0.45217894331595776
      }
    },
    {
      "type": "Feature",
      "geometry": {
        "type": "Point",
        "coordinates": [
          14.101193,
          40.791819000000004
        ]
      },
      "properties": {
        "event_id": "AUTO_EV_58828",
        "energia": 4,
        "lisa_cluster": "Low-Low (Coldspot)",
        "local_moran": 0.29884231993364746
      }
    },
    {
      "type": "Feature",
      "geometry": {
        "type": "Point",
        "coordinates": [
          14.086856800000001,
          40.810954
        ]
      },
      "properties": {
        "event_id": "AUTO_EV_58829",
        "energia": 5,
        "lisa_cluster": "Low-Low (Coldspot)",
        "local_moran": 0.008631979502575675
      }
    },
    {
      "type": "Feature",
      "geometry": {
        "type": "Point",
        "coordinates": [
          14.147659999999998,
          40.8030592
        ]
      },
      "properties": {
        "event_id": "AUTO_EV_58830",
        "energia": 5,
        "lisa_cluster": "Low-Low (Coldspot)",
        "local_moran": 0.04817409326868552
      }
    },
    {
      "type": "Feature",
      "geometry": {
        "type": "Point",
        "coordinates": [
          14.122825666666666,
          40.814021000000004
        ]
      },
      "properties": {
        "event_id": "AUTO_EV_58831",
        "energia": 6,
        "lisa_cluster": "High-High (Hotspot)",
        "local_moran": 0.21757011108517585
      }
    },
    {
      "type": "Feature",
      "geometry": {
        "type": "Point",
        "coordinates": [
          14.08301825,
          40.804604749999996
        ]
      },
      "properties": {
        "event_id": "AUTO_EV_58832",
        "energia": 4,
        "lisa_cluster": "Low-Low (Coldspot)",
        "local_moran": 0.0549891699406924
      }
    },
    {
      "type": "Feature",
      "geometry": {
        "type": "Point",
        "coordinates": [
          14.122981,
          40.79803575
        ]
      },
      "properties": {
        "event_id": "AUTO_EV_58833",
        "energia": 4,
        "lisa_cluster": "Low-Low (Coldspot)",
        "local_moran": 0.28975772969500174
      }
    },
    {
      "type": "Feature",
      "geometry": {
        "type": "Point",
        "coordinates": [
          14.087675666666668,
          40.806949333333336
        ]
      },
      "properties": {
        "event_id": "AUTO_EV_58834",
        "energia": 3,
        "lisa_cluster": "Low-Low (Coldspot)",
        "local_moran": 0.8761844651122477
      }
    },
    {
      "type": "Feature",
      "geometry": {
        "type": "Point",
        "coordinates": [
          14.1090834,
          40.799196
        ]
      },
      "properties": {
        "event_id": "AUTO_EV_58835",
        "energia": 5,
        "lisa_cluster": "Low-High (Outlier)",
        "local_moran": -0.01714333024612698
      }
    },
    {
      "type": "Feature",
      "geometry": {
        "type": "Point",
        "coordinates": [
          14.087842,
          40.8056865
        ]
      },
      "properties": {
        "event_id": "AUTO_EV_58836",
        "energia": 6,
        "lisa_cluster": "High-Low (Outlier)",
        "local_moran": -0.00915531137008615
      }
    },
    {
      "type": "Feature",
      "geometry": {
        "type": "Point",
        "coordinates": [
          14.15733425,
          40.81675025
        ]
      },
      "properties": {
        "event_id": "AUTO_EV_58837",
        "energia": 4,
        "lisa_cluster": "Low-Low (Coldspot)",
        "local_moran": 0.29906439454326766
      }
    },
    {
      "type": "Feature",
      "geometry": {
        "type": "Point",
        "coordinates": [
          14.14501425,
          40.8105315
        ]
      },
      "properties": {
        "event_id": "AUTO_EV_58838",
        "energia": 4,
        "lisa_cluster": "Low-Low (Coldspot)",
        "local_moran": 0.1743340253713633
      }
    },
    {
      "type": "Feature",
      "geometry": {
        "type": "Point",
        "coordinates": [
          14.134146,
          40.80173875
        ]
      },
      "properties": {
        "event_id": "AUTO_EV_58839",
        "energia": 4,
        "lisa_cluster": "Low-Low (Coldspot)",
        "local_moran": 0.3002229726780705
      }
    },
    {
      "type": "Feature",
      "geometry": {
        "type": "Point",
        "coordinates": [
          14.13537925,
          40.80798875
        ]
      },
      "properties": {
        "event_id": "AUTO_EV_58840",
        "energia": 4,
        "lisa_cluster": "Low-Low (Coldspot)",
        "local_moran": 0.28317733950067714
      }
    },
    {
      "type": "Feature",
      "geometry": {
        "type": "Point",
        "coordinates": [
          14.022603333333334,
          40.76192566666666
        ]
      },
      "properties": {
        "event_id": "AUTO_EV_58841",
        "energia": 3,
        "lisa_cluster": "Low-Low (Coldspot)",
        "local_moran": 0.9356547094051174
      }
    },
    {
      "type": "Feature",
      "geometry": {
        "type": "Point",
        "coordinates": [
          14.101193,
          40.791819000000004
        ]
      },
      "properties": {
        "event_id": "AUTO_EV_58842",
        "energia": 4,
        "lisa_cluster": "Low-Low (Coldspot)",
        "local_moran": 0.29884231993364746
      }
    },
    {
      "type": "Feature",
      "geometry": {
        "type": "Point",
        "coordinates": [
          14.147856749999999,
          40.8252065
        ]
      },
      "properties": {
        "event_id": "AUTO_EV_58843",
        "energia": 4,
        "lisa_cluster": "Low-Low (Coldspot)",
        "local_moran": 0.0610122152027406
      }
    },
    {
      "type": "Feature",
      "geometry": {
        "type": "Point",
        "coordinates": [
          14.1439425,
          40.8378005
        ]
      },
      "properties": {
        "event_id": "AUTO_EV_58844",
        "energia": 4,
        "lisa_cluster": "Low-Low (Coldspot)",
        "local_moran": 0.22405659932681593
      }
    },
    {
      "type": "Feature",
      "geometry": {
        "type": "Point",
        "coordinates": [
          14.114772333333335,
          40.800185
        ]
      },
      "properties": {
        "event_id": "AUTO_EV_58845",
        "energia": 3,
        "lisa_cluster": "Low-Low (Coldspot)",
        "local_moran": 0.894640359869857
      }
    },
    {
      "type": "Feature",
      "geometry": {
        "type": "Point",
        "coordinates": [
          14.087641499999998,
          40.79403083333333
        ]
      },
      "properties": {
        "event_id": "AUTO_EV_58846",
        "energia": 6,
        "lisa_cluster": "High-Low (Outlier)",
        "local_moran": -0.04137324579244568
      }
    },
    {
      "type": "Feature",
      "geometry": {
        "type": "Point",
        "coordinates": [
          14.08352175,
          40.80489625
        ]
      },
      "properties": {
        "event_id": "AUTO_EV_58847",
        "energia": 4,
        "lisa_cluster": "Low-Low (Coldspot)",
        "local_moran": 0.2865358241085737
      }
    },
    {
      "type": "Feature",
      "geometry": {
        "type": "Point",
        "coordinates": [
          14.162825000000002,
          40.815105
        ]
      },
      "properties": {
        "event_id": "AUTO_EV_58848",
        "energia": 5,
        "lisa_cluster": "Low-Low (Coldspot)",
        "local_moran": 0.06247778585041525
      }
    },
    {
      "type": "Feature",
      "geometry": {
        "type": "Point",
        "coordinates": [
          14.1390158,
          40.8124142
        ]
      },
      "properties": {
        "event_id": "AUTO_EV_58849",
        "energia": 5,
        "lisa_cluster": "Low-Low (Coldspot)",
        "local_moran": 0.012292699268739667
      }
    },
    {
      "type": "Feature",
      "geometry": {
        "type": "Point",
        "coordinates": [
          14.134146,
          40.80173875
        ]
      },
      "properties": {
        "event_id": "AUTO_EV_58850",
        "energia": 4,
        "lisa_cluster": "Low-Low (Coldspot)",
        "local_moran": 0.3002229726780706
      }
    },
    {
      "type": "Feature",
      "geometry": {
        "type": "Point",
        "coordinates": [
          14.1253206,
          40.803959400000004
        ]
      },
      "properties": {
        "event_id": "AUTO_EV_58851",
        "energia": 5,
        "lisa_cluster": "Low-Low (Coldspot)",
        "local_moran": 0.016744853466816267
      }
    },
    {
      "type": "Feature",
      "geometry": {
        "type": "Point",
        "coordinates": [
          14.080601999999999,
          40.8007776
        ]
      },
      "properties": {
        "event_id": "AUTO_EV_58852",
        "energia": 5,
        "lisa_cluster": "Low-Low (Coldspot)",
        "local_moran": 0.009039673209352506
      }
    },
    {
      "type": "Feature",
      "geometry": {
        "type": "Point",
        "coordinates": [
          14.1233815,
          40.81575875
        ]
      },
      "properties": {
        "event_id": "AUTO_EV_58853",
        "energia": 4,
        "lisa_cluster": "Low-High (Outlier)",
        "local_moran": -0.5418326101316112
      }
    },
    {
      "type": "Feature",
      "geometry": {
        "type": "Point",
        "coordinates": [
          14.108814200000001,
          40.8009986
        ]
      },
      "properties": {
        "event_id": "AUTO_EV_58854",
        "energia": 5,
        "lisa_cluster": "Low-High (Outlier)",
        "local_moran": -0.010714744810762051
      }
    },
    {
      "type": "Feature",
      "geometry": {
        "type": "Point",
        "coordinates": [
          14.1355244,
          40.825456
        ]
      },
      "properties": {
        "event_id": "AUTO_EV_58855",
        "energia": 5,
        "lisa_cluster": "Low-High (Outlier)",
        "local_moran": -0.025603898730582036
      }
    },
    {
      "type": "Feature",
      "geometry": {
        "type": "Point",
        "coordinates": [
          14.0720355,
          40.786694250000004
        ]
      },
      "properties": {
        "event_id": "AUTO_EV_58856",
        "energia": 4,
        "lisa_cluster": "Low-Low (Coldspot)",
        "local_moran": 0.30050989192048144
      }
    },
    {
      "type": "Feature",
      "geometry": {
        "type": "Point",
        "coordinates": [
          14.051713,
          40.7917675
        ]
      },
      "properties": {
        "event_id": "AUTO_EV_58857",
        "energia": 4,
        "lisa_cluster": "Low-Low (Coldspot)",
        "local_moran": 0.3013471367471549
      }
    },
    {
      "type": "Feature",
      "geometry": {
        "type": "Point",
        "coordinates": [
          14.117867799999999,
          40.8217486
        ]
      },
      "properties": {
        "event_id": "AUTO_EV_58858",
        "energia": 5,
        "lisa_cluster": "Low-High (Outlier)",
        "local_moran": -0.10105788861455241
      }
    },
    {
      "type": "Feature",
      "geometry": {
        "type": "Point",
        "coordinates": [
          14.11587525,
          40.798523
        ]
      },
      "properties": {
        "event_id": "AUTO_EV_58859",
        "energia": 4,
        "lisa_cluster": "Low-Low (Coldspot)",
        "local_moran": 0.2806491144511785
      }
    },
    {
      "type": "Feature",
      "geometry": {
        "type": "Point",
        "coordinates": [
          14.129098999999998,
          40.8052475
        ]
      },
      "properties": {
        "event_id": "AUTO_EV_58860",
        "energia": 6,
        "lisa_cluster": "High-High (Hotspot)",
        "local_moran": 0.023881388840315956
      }
    },
    {
      "type": "Feature",
      "geometry": {
        "type": "Point",
        "coordinates": [
          14.108486199999998,
          40.7920252
        ]
      },
      "properties": {
        "event_id": "AUTO_EV_58861",
        "energia": 5,
        "lisa_cluster": "Low-Low (Coldspot)",
        "local_moran": 0.019166640656774526
      }
    },
    {
      "type": "Feature",
      "geometry": {
        "type": "Point",
        "coordinates": [
          14.101532,
          40.805516000000004
        ]
      },
      "properties": {
        "event_id": "AUTO_EV_58862",
        "energia": 4,
        "lisa_cluster": "Low-High (Outlier)",
        "local_moran": -0.0969185539530558
      }
    },
    {
      "type": "Feature",
      "geometry": {
        "type": "Point",
        "coordinates": [
          14.11602925,
          40.81670625
        ]
      },
      "properties": {
        "event_id": "AUTO_EV_58863",
        "energia": 4,
        "lisa_cluster": "Low-High (Outlier)",
        "local_moran": -0.4562204511965923
      }
    },
    {
      "type": "Feature",
      "geometry": {
        "type": "Point",
        "coordinates": [
          14.136277333333332,
          40.81750566666667
        ]
      },
      "properties": {
        "event_id": "AUTO_EV_58864",
        "energia": 3,
        "lisa_cluster": "Low-High (Outlier)",
        "local_moran": -0.177760380886822
      }
    },
    {
      "type": "Feature",
      "geometry": {
        "type": "Point",
        "coordinates": [
          14.123763199999999,
          40.8195484
        ]
      },
      "properties": {
        "event_id": "AUTO_EV_58865",
        "energia": 5,
        "lisa_cluster": "Low-High (Outlier)",
        "local_moran": -0.15828440611463773
      }
    },
    {
      "type": "Feature",
      "geometry": {
        "type": "Point",
        "coordinates": [
          14.080494999999999,
          40.8016295
        ]
      },
      "properties": {
        "event_id": "AUTO_EV_58866",
        "energia": 4,
        "lisa_cluster": "Low-Low (Coldspot)",
        "local_moran": 0.03812569042016902
      }
    },
    {
      "type": "Feature",
      "geometry": {
        "type": "Point",
        "coordinates": [
          14.0591798,
          40.7890448
        ]
      },
      "properties": {
        "event_id": "AUTO_EV_58867",
        "energia": 5,
        "lisa_cluster": "Low-Low (Coldspot)",
        "local_moran": 0.05815921326931824
      }
    },
    {
      "type": "Feature",
      "geometry": {
        "type": "Point",
        "coordinates": [
          14.143476,
          40.804262
        ]
      },
      "properties": {
        "event_id": "AUTO_EV_58868",
        "energia": 4,
        "lisa_cluster": "Low-Low (Coldspot)",
        "local_moran": 0.295475601502057
      }
    },
    {
      "type": "Feature",
      "geometry": {
        "type": "Point",
        "coordinates": [
          14.134149666666666,
          40.82932666666667
        ]
      },
      "properties": {
        "event_id": "AUTO_EV_58869",
        "energia": 3,
        "lisa_cluster": "Low-Low (Coldspot)",
        "local_moran": 0.028031004200979814
      }
    },
    {
      "type": "Feature",
      "geometry": {
        "type": "Point",
        "coordinates": [
          14.139933,
          40.8265715
        ]
      },
      "properties": {
        "event_id": "AUTO_EV_58870",
        "energia": 4,
        "lisa_cluster": "Low-Low (Coldspot)",
        "local_moran": 0.05983650852459604
      }
    },
    {
      "type": "Feature",
      "geometry": {
        "type": "Point",
        "coordinates": [
          14.107069833333334,
          40.818959166666666
        ]
      },
      "properties": {
        "event_id": "AUTO_EV_58871",
        "energia": 6,
        "lisa_cluster": "High-High (Hotspot)",
        "local_moran": 0.11764493546582307
      }
    },
    {
      "type": "Feature",
      "geometry": {
        "type": "Point",
        "coordinates": [
          14.138983166666668,
          40.8093235
        ]
      },
      "properties": {
        "event_id": "AUTO_EV_58872",
        "energia": 6,
        "lisa_cluster": "High-Low (Outlier)",
        "local_moran": -0.042017048944721004
      }
    },
    {
      "type": "Feature",
      "geometry": {
        "type": "Point",
        "coordinates": [
          14.1071705,
          40.796279
        ]
      },
      "properties": {
        "event_id": "AUTO_EV_58873",
        "energia": 4,
        "lisa_cluster": "Low-Low (Coldspot)",
        "local_moran": 0.028652442376925918
      }
    },
    {
      "type": "Feature",
      "geometry": {
        "type": "Point",
        "coordinates": [
          14.14558425,
          40.81829475
        ]
      },
      "properties": {
        "event_id": "AUTO_EV_58874",
        "energia": 4,
        "lisa_cluster": "Low-Low (Coldspot)",
        "local_moran": 0.10401615393891116
      }
    },
    {
      "type": "Feature",
      "geometry": {
        "type": "Point",
        "coordinates": [
          14.132621,
          40.843506500000004
        ]
      },
      "properties": {
        "event_id": "AUTO_EV_58875",
        "energia": 4,
        "lisa_cluster": "Low-Low (Coldspot)",
        "local_moran": 0.24663241783950132
      }
    },
    {
      "type": "Feature",
      "geometry": {
        "type": "Point",
        "coordinates": [
          14.11191525,
          40.811084
        ]
      },
      "properties": {
        "event_id": "AUTO_EV_58876",
        "energia": 4,
        "lisa_cluster": "Low-High (Outlier)",
        "local_moran": -0.3061831958357609
      }
    },
    {
      "type": "Feature",
      "geometry": {
        "type": "Point",
        "coordinates": [
          14.109515250000001,
          40.7978735
        ]
      },
      "properties": {
        "event_id": "AUTO_EV_58877",
        "energia": 4,
        "lisa_cluster": "Low-High (Outlier)",
        "local_moran": -0.01198924485666495
      }
    },
    {
      "type": "Feature",
      "geometry": {
        "type": "Point",
        "coordinates": [
          14.13396775,
          40.81915825
        ]
      },
      "properties": {
        "event_id": "AUTO_EV_58878",
        "energia": 4,
        "lisa_cluster": "Low-High (Outlier)",
        "local_moran": -0.13871726319785682
      }
    },
    {
      "type": "Feature",
      "geometry": {
        "type": "Point",
        "coordinates": [
          14.118492,
          40.790573
        ]
      },
      "properties": {
        "event_id": "AUTO_EV_58879",
        "energia": 4,
        "lisa_cluster": "Low-Low (Coldspot)",
        "local_moran": 0.29937762623041464
      }
    },
    {
      "type": "Feature",
      "geometry": {
        "type": "Point",
        "coordinates": [
          14.10381825,
          40.8108505
        ]
      },
      "properties": {
        "event_id": "AUTO_EV_58880",
        "energia": 4,
        "lisa_cluster": "Low-High (Outlier)",
        "local_moran": -0.188445232267538
      }
    },
    {
      "type": "Feature",
      "geometry": {
        "type": "Point",
        "coordinates": [
          14.13383325,
          40.814327750000004
        ]
      },
      "properties": {
        "event_id": "AUTO_EV_58881",
        "energia": 4,
        "lisa_cluster": "Low-Low (Coldspot)",
        "local_moran": 0.26885873597466997
      }
    },
    {
      "type": "Feature",
      "geometry": {
        "type": "Point",
        "coordinates": [
          14.1283095,
          40.826814
        ]
      },
      "properties": {
        "event_id": "AUTO_EV_58882",
        "energia": 4,
        "lisa_cluster": "Low-High (Outlier)",
        "local_moran": -0.2704975490854477
      }
    },
    {
      "type": "Feature",
      "geometry": {
        "type": "Point",
        "coordinates": [
          14.1033632,
          40.8139148
        ]
      },
      "properties": {
        "event_id": "AUTO_EV_58883",
        "energia": 5,
        "lisa_cluster": "Low-High (Outlier)",
        "local_moran": -0.04364559809328419
      }
    },
    {
      "type": "Feature",
      "geometry": {
        "type": "Point",
        "coordinates": [
          14.118492,
          40.790573
        ]
      },
      "properties": {
        "event_id": "AUTO_EV_58884",
        "energia": 4,
        "lisa_cluster": "Low-Low (Coldspot)",
        "local_moran": 0.29937762623041464
      }
    },
    {
      "type": "Feature",
      "geometry": {
        "type": "Point",
        "coordinates": [
          14.111072,
          40.805597750000004
        ]
      },
      "properties": {
        "event_id": "AUTO_EV_58885",
        "energia": 4,
        "lisa_cluster": "Low-High (Outlier)",
        "local_moran": -0.11077501197434135
      }
    },
    {
      "type": "Feature",
      "geometry": {
        "type": "Point",
        "coordinates": [
          14.15733425,
          40.81675025
        ]
      },
      "properties": {
        "event_id": "AUTO_EV_58886",
        "energia": 4,
        "lisa_cluster": "Low-Low (Coldspot)",
        "local_moran": 0.2990643945432677
      }
    },
    {
      "type": "Feature",
      "geometry": {
        "type": "Point",
        "coordinates": [
          14.0839418,
          40.7896188
        ]
      },
      "properties": {
        "event_id": "AUTO_EV_58887",
        "energia": 5,
        "lisa_cluster": "Low-Low (Coldspot)",
        "local_moran": 0.02444543162458504
      }
    },
    {
      "type": "Feature",
      "geometry": {
        "type": "Point",
        "coordinates": [
          14.135629599999998,
          40.822795400000004
        ]
      },
      "properties": {
        "event_id": "AUTO_EV_58888",
        "energia": 5,
        "lisa_cluster": "Low-High (Outlier)",
        "local_moran": -0.027698792831848715
      }
    },
    {
      "type": "Feature",
      "geometry": {
        "type": "Point",
        "coordinates": [
          14.149515749999999,
          40.80402975
        ]
      },
      "properties": {
        "event_id": "AUTO_EV_58889",
        "energia": 4,
        "lisa_cluster": "Low-Low (Coldspot)",
        "local_moran": 0.30060198558779466
      }
    },
    {
      "type": "Feature",
      "geometry": {
        "type": "Point",
        "coordinates": [
          14.147665833333333,
          40.824627666666665
        ]
      },
      "properties": {
        "event_id": "AUTO_EV_58890",
        "energia": 6,
        "lisa_cluster": "High-Low (Outlier)",
        "local_moran": -0.0439271222832699
      }
    },
    {
      "type": "Feature",
      "geometry": {
        "type": "Point",
        "coordinates": [
          14.1490088,
          40.8090686
        ]
      },
      "properties": {
        "event_id": "AUTO_EV_58891",
        "energia": 5,
        "lisa_cluster": "Low-Low (Coldspot)",
        "local_moran": 0.04159073090889274
      }
    },
    {
      "type": "Feature",
      "geometry": {
        "type": "Point",
        "coordinates": [
          14.127163666666666,
          40.812518833333336
        ]
      },
      "properties": {
        "event_id": "AUTO_EV_58892",
        "energia": 6,
        "lisa_cluster": "High-High (Hotspot)",
        "local_moran": 0.0924342723163047
      }
    },
    {
      "type": "Feature",
      "geometry": {
        "type": "Point",
        "coordinates": [
          14.09995975,
          40.785569
        ]
      },
      "properties": {
        "event_id": "AUTO_EV_58893",
        "energia": 4,
        "lisa_cluster": "Low-Low (Coldspot)",
        "local_moran": 0.2998837782574682
      }
    },
    {
      "type": "Feature",
      "geometry": {
        "type": "Point",
        "coordinates": [
          14.1419374,
          40.7992974
        ]
      },
      "properties": {
        "event_id": "AUTO_EV_58894",
        "energia": 5,
        "lisa_cluster": "Low-Low (Coldspot)",
        "local_moran": 0.04378284458797623
      }
    },
    {
      "type": "Feature",
      "geometry": {
        "type": "Point",
        "coordinates": [
          14.1539115,
          40.81299275
        ]
      },
      "properties": {
        "event_id": "AUTO_EV_58895",
        "energia": 4,
        "lisa_cluster": "Low-Low (Coldspot)",
        "local_moran": 0.29927156489769796
      }
    },
    {
      "type": "Feature",
      "geometry": {
        "type": "Point",
        "coordinates": [
          14.069190666666666,
          40.77862533333334
        ]
      },
      "properties": {
        "event_id": "AUTO_EV_58896",
        "energia": 3,
        "lisa_cluster": "Low-Low (Coldspot)",
        "local_moran": 0.3852355080146191
      }
    },
    {
      "type": "Feature",
      "geometry": {
        "type": "Point",
        "coordinates": [
          14.108712166666665,
          40.81424466666667
        ]
      },
      "properties": {
        "event_id": "AUTO_EV_58897",
        "energia": 6,
        "lisa_cluster": "High-High (Hotspot)",
        "local_moran": 0.18346038742101295
      }
    },
    {
      "type": "Feature",
      "geometry": {
        "type": "Point",
        "coordinates": [
          14.063120999999999,
          40.8041425
        ]
      },
      "properties": {
        "event_id": "AUTO_EV_58898",
        "energia": 4,
        "lisa_cluster": "Low-Low (Coldspot)",
        "local_moran": 0.3010564962241825
      }
    },
    {
      "type": "Feature",
      "geometry": {
        "type": "Point",
        "coordinates": [
          14.133474666666666,
          40.801875333333335
        ]
      },
      "properties": {
        "event_id": "AUTO_EV_58899",
        "energia": 3,
        "lisa_cluster": "Low-Low (Coldspot)",
        "local_moran": 0.8912794698566756
      }
    },
    {
      "type": "Feature",
      "geometry": {
        "type": "Point",
        "coordinates": [
          14.1165515,
          40.81236925
        ]
      },
      "properties": {
        "event_id": "AUTO_EV_58900",
        "energia": 4,
        "lisa_cluster": "Low-High (Outlier)",
        "local_moran": -0.3406827734771618
      }
    },
    {
      "type": "Feature",
      "geometry": {
        "type": "Point",
        "coordinates": [
          14.127619000000001,
          40.803575333333335
        ]
      },
      "properties": {
        "event_id": "AUTO_EV_58901",
        "energia": 3,
        "lisa_cluster": "Low-Low (Coldspot)",
        "local_moran": 0.046544219414982595
      }
    },
    {
      "type": "Feature",
      "geometry": {
        "type": "Point",
        "coordinates": [
          14.0811372,
          40.7790894
        ]
      },
      "properties": {
        "event_id": "AUTO_EV_58902",
        "energia": 5,
        "lisa_cluster": "Low-Low (Coldspot)",
        "local_moran": 0.04769112909625039
      }
    },
    {
      "type": "Feature",
      "geometry": {
        "type": "Point",
        "coordinates": [
          14.0887112,
          40.8064264
        ]
      },
      "properties": {
        "event_id": "AUTO_EV_58903",
        "energia": 5,
        "lisa_cluster": "Low-Low (Coldspot)",
        "local_moran": 0.0021763353823050875
      }
    },
    {
      "type": "Feature",
      "geometry": {
        "type": "Point",
        "coordinates": [
          14.063120999999999,
          40.8041425
        ]
      },
      "properties": {
        "event_id": "AUTO_EV_58904",
        "energia": 4,
        "lisa_cluster": "Low-Low (Coldspot)",
        "local_moran": 0.3010564962241825
      }
    },
    {
      "type": "Feature",
      "geometry": {
        "type": "Point",
        "coordinates": [
          14.132725,
          40.82169625
        ]
      },
      "properties": {
        "event_id": "AUTO_EV_58905",
        "energia": 4,
        "lisa_cluster": "Low-High (Outlier)",
        "local_moran": -0.21157608753090418
      }
    },
    {
      "type": "Feature",
      "geometry": {
        "type": "Point",
        "coordinates": [
          14.1416395,
          40.804248
        ]
      },
      "properties": {
        "event_id": "AUTO_EV_58906",
        "energia": 4,
        "lisa_cluster": "Low-Low (Coldspot)",
        "local_moran": 0.2929268500935896
      }
    },
    {
      "type": "Feature",
      "geometry": {
        "type": "Point",
        "coordinates": [
          14.125646,
          40.8033478
        ]
      },
      "properties": {
        "event_id": "AUTO_EV_58907",
        "energia": 5,
        "lisa_cluster": "Low-High (Outlier)",
        "local_moran": -0.007881219521745631
      }
    },
    {
      "type": "Feature",
      "geometry": {
        "type": "Point",
        "coordinates": [
          14.090843666666666,
          40.78931433333333
        ]
      },
      "properties": {
        "event_id": "AUTO_EV_58908",
        "energia": 6,
        "lisa_cluster": "High-Low (Outlier)",
        "local_moran": -0.05512806567712965
      }
    },
    {
      "type": "Feature",
      "geometry": {
        "type": "Point",
        "coordinates": [
          14.126919000000001,
          40.83026183333333
        ]
      },
      "properties": {
        "event_id": "AUTO_EV_58909",
        "energia": 6,
        "lisa_cluster": "High-High (Hotspot)",
        "local_moran": 0.11486488744881194
      }
    },
    {
      "type": "Feature",
      "geometry": {
        "type": "Point",
        "coordinates": [
          14.11601825,
          40.83892575
        ]
      },
      "properties": {
        "event_id": "AUTO_EV_58910",
        "energia": 4,
        "lisa_cluster": "Low-Low (Coldspot)",
        "local_moran": 0.13292988387208504
      }
    },
    {
      "type": "Feature",
      "geometry": {
        "type": "Point",
        "coordinates": [
          14.120248499999999,
          40.804131749999996
        ]
      },
      "properties": {
        "event_id": "AUTO_EV_58911",
        "energia": 4,
        "lisa_cluster": "Low-Low (Coldspot)",
        "local_moran": 0.29167524190072
      }
    },
    {
      "type": "Feature",
      "geometry": {
        "type": "Point",
        "coordinates": [
          14.1539115,
          40.81299275
        ]
      },
      "properties": {
        "event_id": "AUTO_EV_58912",
        "energia": 4,
        "lisa_cluster": "Low-Low (Coldspot)",
        "local_moran": 0.2992715648976979
      }
    },
    {
      "type": "Feature",
      "geometry": {
        "type": "Point",
        "coordinates": [
          14.082181,
          40.8081394
        ]
      },
      "properties": {
        "event_id": "AUTO_EV_58913",
        "energia": 5,
        "lisa_cluster": "Low-Low (Coldspot)",
        "local_moran": 0.01088907347993923
      }
    },
    {
      "type": "Feature",
      "geometry": {
        "type": "Point",
        "coordinates": [
          14.129755800000002,
          40.816888
        ]
      },
      "properties": {
        "event_id": "AUTO_EV_58914",
        "energia": 5,
        "lisa_cluster": "Low-Low (Coldspot)",
        "local_moran": 0.010394735250353573
      }
    },
    {
      "type": "Feature",
      "geometry": {
        "type": "Point",
        "coordinates": [
          14.116192333333332,
          40.79854366666667
        ]
      },
      "properties": {
        "event_id": "AUTO_EV_58915",
        "energia": 6,
        "lisa_cluster": "High-Low (Outlier)",
        "local_moran": -0.02000119918415053
      }
    },
    {
      "type": "Feature",
      "geometry": {
        "type": "Point",
        "coordinates": [
          14.085925249999999,
          40.79690975
        ]
      },
      "properties": {
        "event_id": "AUTO_EV_58916",
        "energia": 4,
        "lisa_cluster": "Low-Low (Coldspot)",
        "local_moran": 0.04915877523811737
      }
    },
    {
      "type": "Feature",
      "geometry": {
        "type": "Point",
        "coordinates": [
          14.1240889,
          40.818174600000006
        ]
      },
      "properties": {
        "event_id": "AUTO_EV_58917",
        "energia": 20,
        "lisa_cluster": "High-High (Hotspot)",
        "local_moran": 37.51766150463464
      }
    },
    {
      "type": "Feature",
      "geometry": {
        "type": "Point",
        "coordinates": [
          14.12276047368421,
          40.817581315789475
        ]
      },
      "properties": {
        "event_id": "AUTO_EV_58918",
        "energia": 19,
        "lisa_cluster": "High-High (Hotspot)",
        "local_moran": 7.861496670001175
      }
    },
    {
      "type": "Feature",
      "geometry": {
        "type": "Point",
        "coordinates": [
          14.117852882352942,
          40.81826811764706
        ]
      },
      "properties": {
        "event_id": "AUTO_EV_58919",
        "energia": 17,
        "lisa_cluster": "High-High (Hotspot)",
        "local_moran": 4.562837169685993
      }
    },
    {
      "type": "Feature",
      "geometry": {
        "type": "Point",
        "coordinates": [
          14.116835,
          40.816233875
        ]
      },
      "properties": {
        "event_id": "AUTO_EV_58920",
        "energia": 16,
        "lisa_cluster": "High-High (Hotspot)",
        "local_moran": 3.5721884786903035
      }
    },
    {
      "type": "Feature",
      "geometry": {
        "type": "Point",
        "coordinates": [
          14.118152454545454,
          40.81846690909091
        ]
      },
      "properties": {
        "event_id": "AUTO_EV_58921",
        "energia": 11,
        "lisa_cluster": "High-High (Hotspot)",
        "local_moran": 2.3617874856469583
      }
    },
    {
      "type": "Feature",
      "geometry": {
        "type": "Point",
        "coordinates": [
          14.09564275,
          40.8071335
        ]
      },
      "properties": {
        "event_id": "AUTO_EV_58922",
        "energia": 8,
        "lisa_cluster": "High-High (Hotspot)",
        "local_moran": 0.10359405833185525
      }
    },
    {
      "type": "Feature",
      "geometry": {
        "type": "Point",
        "coordinates": [
          14.1500178,
          40.813482
        ]
      },
      "properties": {
        "event_id": "AUTO_EV_58923",
        "energia": 5,
        "lisa_cluster": "Low-Low (Coldspot)",
        "local_moran": 0.03895487667181706
      }
    },
    {
      "type": "Feature",
      "geometry": {
        "type": "Point",
        "coordinates": [
          14.093644799999998,
          40.812868
        ]
      },
      "properties": {
        "event_id": "AUTO_EV_58924",
        "energia": 5,
        "lisa_cluster": "Low-High (Outlier)",
        "local_moran": -0.009011163435200982
      }
    },
    {
      "type": "Feature",
      "geometry": {
        "type": "Point",
        "coordinates": [
          14.075133857142857,
          40.80104771428572
        ]
      },
      "properties": {
        "event_id": "AUTO_EV_58925",
        "energia": 7,
        "lisa_cluster": "High-Low (Outlier)",
        "local_moran": -0.12250879396463381
      }
    },
    {
      "type": "Feature",
      "geometry": {
        "type": "Point",
        "coordinates": [
          14.06235925,
          40.79262325
        ]
      },
      "properties": {
        "event_id": "AUTO_EV_58926",
        "energia": 4,
        "lisa_cluster": "Low-Low (Coldspot)",
        "local_moran": 0.30054339490732346
      }
    },
    {
      "type": "Feature",
      "geometry": {
        "type": "Point",
        "coordinates": [
          14.114401833333332,
          40.81492433333333
        ]
      },
      "properties": {
        "event_id": "AUTO_EV_58927",
        "energia": 6,
        "lisa_cluster": "High-High (Hotspot)",
        "local_moran": 0.1989754697325438
      }
    },
    {
      "type": "Feature",
      "geometry": {
        "type": "Point",
        "coordinates": [
          14.13701275,
          40.8422315
        ]
      },
      "properties": {
        "event_id": "AUTO_EV_58928",
        "energia": 4,
        "lisa_cluster": "Low-Low (Coldspot)",
        "local_moran": 0.298725072436739
      }
    },
    {
      "type": "Feature",
      "geometry": {
        "type": "Point",
        "coordinates": [
          14.121008,
          40.815487
        ]
      },
      "properties": {
        "event_id": "AUTO_EV_58929",
        "energia": 4,
        "lisa_cluster": "Low-High (Outlier)",
        "local_moran": -0.44864793493442395
      }
    },
    {
      "type": "Feature",
      "geometry": {
        "type": "Point",
        "coordinates": [
          14.077563333333332,
          40.799058
        ]
      },
      "properties": {
        "event_id": "AUTO_EV_58930",
        "energia": 6,
        "lisa_cluster": "High-Low (Outlier)",
        "local_moran": -0.05304689435473234
      }
    },
    {
      "type": "Feature",
      "geometry": {
        "type": "Point",
        "coordinates": [
          14.1074755,
          40.7962985
        ]
      },
      "properties": {
        "event_id": "AUTO_EV_58931",
        "energia": 4,
        "lisa_cluster": "Low-Low (Coldspot)",
        "local_moran": 0.2805481110477512
      }
    },
    {
      "type": "Feature",
      "geometry": {
        "type": "Point",
        "coordinates": [
          14.13660425,
          40.807249
        ]
      },
      "properties": {
        "event_id": "AUTO_EV_58932",
        "energia": 4,
        "lisa_cluster": "Low-Low (Coldspot)",
        "local_moran": 0.07637012514365889
      }
    },
    {
      "type": "Feature",
      "geometry": {
        "type": "Point",
        "coordinates": [
          14.131165999999999,
          40.816547400000005
        ]
      },
      "properties": {
        "event_id": "AUTO_EV_58933",
        "energia": 5,
        "lisa_cluster": "Low-High (Outlier)",
        "local_moran": -0.04860226004273458
      }
    },
    {
      "type": "Feature",
      "geometry": {
        "type": "Point",
        "coordinates": [
          14.137958399999999,
          40.8067444
        ]
      },
      "properties": {
        "event_id": "AUTO_EV_58934",
        "energia": 5,
        "lisa_cluster": "Low-Low (Coldspot)",
        "local_moran": 0.022084400270893863
      }
    },
    {
      "type": "Feature",
      "geometry": {
        "type": "Point",
        "coordinates": [
          14.0949595,
          40.79042325
        ]
      },
      "properties": {
        "event_id": "AUTO_EV_58935",
        "energia": 4,
        "lisa_cluster": "Low-Low (Coldspot)",
        "local_moran": 0.2896211273088599
      }
    },
    {
      "type": "Feature",
      "geometry": {
        "type": "Point",
        "coordinates": [
          14.14157475,
          40.80706575
        ]
      },
      "properties": {
        "event_id": "AUTO_EV_58936",
        "energia": 4,
        "lisa_cluster": "Low-Low (Coldspot)",
        "local_moran": 0.0647896657152006
      }
    },
    {
      "type": "Feature",
      "geometry": {
        "type": "Point",
        "coordinates": [
          14.117314400000001,
          40.801095200000006
        ]
      },
      "properties": {
        "event_id": "AUTO_EV_58937",
        "energia": 5,
        "lisa_cluster": "Low-High (Outlier)",
        "local_moran": -0.005573672698279858
      }
    },
    {
      "type": "Feature",
      "geometry": {
        "type": "Point",
        "coordinates": [
          14.09995975,
          40.785569
        ]
      },
      "properties": {
        "event_id": "AUTO_EV_58938",
        "energia": 4,
        "lisa_cluster": "Low-Low (Coldspot)",
        "local_moran": 0.2998837782574682
      }
    },
    {
      "type": "Feature",
      "geometry": {
        "type": "Point",
        "coordinates": [
          14.0869304,
          40.796958000000004
        ]
      },
      "properties": {
        "event_id": "AUTO_EV_58939",
        "energia": 5,
        "lisa_cluster": "Low-Low (Coldspot)",
        "local_moran": 0.011766663586145048
      }
    },
    {
      "type": "Feature",
      "geometry": {
        "type": "Point",
        "coordinates": [
          14.113907000000001,
          40.7965985
        ]
      },
      "properties": {
        "event_id": "AUTO_EV_58940",
        "energia": 4,
        "lisa_cluster": "Low-Low (Coldspot)",
        "local_moran": 0.03498384600735881
      }
    },
    {
      "type": "Feature",
      "geometry": {
        "type": "Point",
        "coordinates": [
          14.149515749999999,
          40.80402975
        ]
      },
      "properties": {
        "event_id": "AUTO_EV_58941",
        "energia": 4,
        "lisa_cluster": "Low-Low (Coldspot)",
        "local_moran": 0.3006019855877946
      }
    },
    {
      "type": "Feature",
      "geometry": {
        "type": "Point",
        "coordinates": [
          14.1306586,
          40.8232052
        ]
      },
      "properties": {
        "event_id": "AUTO_EV_58942",
        "energia": 5,
        "lisa_cluster": "Low-High (Outlier)",
        "local_moran": -0.0778348918830292
      }
    },
    {
      "type": "Feature",
      "geometry": {
        "type": "Point",
        "coordinates": [
          14.096493500000001,
          40.8083715
        ]
      },
      "properties": {
        "event_id": "AUTO_EV_58943",
        "energia": 6,
        "lisa_cluster": "High-High (Hotspot)",
        "local_moran": 0.07720534786742365
      }
    },
    {
      "type": "Feature",
      "geometry": {
        "type": "Point",
        "coordinates": [
          14.128047500000001,
          40.8028775
        ]
      },
      "properties": {
        "event_id": "AUTO_EV_58944",
        "energia": 4,
        "lisa_cluster": "Low-Low (Coldspot)",
        "local_moran": 0.28340694396025756
      }
    },
    {
      "type": "Feature",
      "geometry": {
        "type": "Point",
        "coordinates": [
          14.125524833333332,
          40.80884533333333
        ]
      },
      "properties": {
        "event_id": "AUTO_EV_58945",
        "energia": 6,
        "lisa_cluster": "High-High (Hotspot)",
        "local_moran": 0.08187007867000234
      }
    },
    {
      "type": "Feature",
      "geometry": {
        "type": "Point",
        "coordinates": [
          14.137158600000001,
          40.813887
        ]
      },
      "properties": {
        "event_id": "AUTO_EV_58946",
        "energia": 5,
        "lisa_cluster": "Low-High (Outlier)",
        "local_moran": -0.012456923094745028
      }
    },
    {
      "type": "Feature",
      "geometry": {
        "type": "Point",
        "coordinates": [
          14.116337999999999,
          40.80444666666667
        ]
      },
      "properties": {
        "event_id": "AUTO_EV_58947",
        "energia": 3,
        "lisa_cluster": "Low-High (Outlier)",
        "local_moran": -0.13899033541985645
      }
    },
    {
      "type": "Feature",
      "geometry": {
        "type": "Point",
        "coordinates": [
          14.05850825,
          40.782506
        ]
      },
      "properties": {
        "event_id": "AUTO_EV_58948",
        "energia": 4,
        "lisa_cluster": "Low-Low (Coldspot)",
        "local_moran": 0.30157356854640965
      }
    },
    {
      "type": "Feature",
      "geometry": {
        "type": "Point",
        "coordinates": [
          14.079417999999999,
          40.8071172
        ]
      },
      "properties": {
        "event_id": "AUTO_EV_58949",
        "energia": 5,
        "lisa_cluster": "Low-Low (Coldspot)",
        "local_moran": 0.017158612337308723
      }
    },
    {
      "type": "Feature",
      "geometry": {
        "type": "Point",
        "coordinates": [
          14.124271333333333,
          40.790357
        ]
      },
      "properties": {
        "event_id": "AUTO_EV_58950",
        "energia": 3,
        "lisa_cluster": "Low-Low (Coldspot)",
        "local_moran": 0.9248439276999889
      }
    },
    {
      "type": "Feature",
      "geometry": {
        "type": "Point",
        "coordinates": [
          14.0986698,
          40.8146074
        ]
      },
      "properties": {
        "event_id": "AUTO_EV_58951",
        "energia": 5,
        "lisa_cluster": "Low-High (Outlier)",
        "local_moran": -0.01636457264307595
      }
    },
    {
      "type": "Feature",
      "geometry": {
        "type": "Point",
        "coordinates": [
          14.09481375,
          40.790489
        ]
      },
      "properties": {
        "event_id": "AUTO_EV_58952",
        "energia": 4,
        "lisa_cluster": "Low-Low (Coldspot)",
        "local_moran": 0.28948226233747676
      }
    },
    {
      "type": "Feature",
      "geometry": {
        "type": "Point",
        "coordinates": [
          14.14719975,
          40.81204075
        ]
      },
      "properties": {
        "event_id": "AUTO_EV_58953",
        "energia": 4,
        "lisa_cluster": "Low-Low (Coldspot)",
        "local_moran": 0.1366036069986112
      }
    },
    {
      "type": "Feature",
      "geometry": {
        "type": "Point",
        "coordinates": [
          14.149807666666668,
          40.802574666666665
        ]
      },
      "properties": {
        "event_id": "AUTO_EV_58954",
        "energia": 3,
        "lisa_cluster": "Low-Low (Coldspot)",
        "local_moran": 0.9179956426072166
      }
    },
    {
      "type": "Feature",
      "geometry": {
        "type": "Point",
        "coordinates": [
          14.151227500000001,
          40.81188075
        ]
      },
      "properties": {
        "event_id": "AUTO_EV_58955",
        "energia": 4,
        "lisa_cluster": "Low-Low (Coldspot)",
        "local_moran": 0.16738330543951196
      }
    },
    {
      "type": "Feature",
      "geometry": {
        "type": "Point",
        "coordinates": [
          14.118050000000002,
          40.807532
        ]
      },
      "properties": {
        "event_id": "AUTO_EV_58956",
        "energia": 3,
        "lisa_cluster": "Low-High (Outlier)",
        "local_moran": -0.3056312610360673
      }
    },
    {
      "type": "Feature",
      "geometry": {
        "type": "Point",
        "coordinates": [
          14.114772333333335,
          40.800185
        ]
      },
      "properties": {
        "event_id": "AUTO_EV_58957",
        "energia": 3,
        "lisa_cluster": "Low-Low (Coldspot)",
        "local_moran": 0.894640359869857
      }
    },
    {
      "type": "Feature",
      "geometry": {
        "type": "Point",
        "coordinates": [
          14.0743188,
          40.8075284
        ]
      },
      "properties": {
        "event_id": "AUTO_EV_58958",
        "energia": 5,
        "lisa_cluster": "Low-Low (Coldspot)",
        "local_moran": 0.01734257072762135
      }
    },
    {
      "type": "Feature",
      "geometry": {
        "type": "Point",
        "coordinates": [
          14.114498800000002,
          40.8006088
        ]
      },
      "properties": {
        "event_id": "AUTO_EV_58959",
        "energia": 5,
        "lisa_cluster": "Low-Low (Coldspot)",
        "local_moran": 0.01563147836258971
      }
    },
    {
      "type": "Feature",
      "geometry": {
        "type": "Point",
        "coordinates": [
          14.08461775,
          40.802265500000004
        ]
      },
      "properties": {
        "event_id": "AUTO_EV_58960",
        "energia": 4,
        "lisa_cluster": "Low-Low (Coldspot)",
        "local_moran": 0.019376887773920458
      }
    },
    {
      "type": "Feature",
      "geometry": {
        "type": "Point",
        "coordinates": [
          14.11352475,
          40.8091025
        ]
      },
      "properties": {
        "event_id": "AUTO_EV_58961",
        "energia": 4,
        "lisa_cluster": "Low-High (Outlier)",
        "local_moran": -0.23934993140250577
      }
    },
    {
      "type": "Feature",
      "geometry": {
        "type": "Point",
        "coordinates": [
          14.051713,
          40.7917675
        ]
      },
      "properties": {
        "event_id": "AUTO_EV_58962",
        "energia": 4,
        "lisa_cluster": "Low-Low (Coldspot)",
        "local_moran": 0.30134713674715496
      }
    },
    {
      "type": "Feature",
      "geometry": {
        "type": "Point",
        "coordinates": [
          14.134515799999999,
          40.8084342
        ]
      },
      "properties": {
        "event_id": "AUTO_EV_58963",
        "energia": 5,
        "lisa_cluster": "Low-High (Outlier)",
        "local_moran": -0.004862213843312574
      }
    },
    {
      "type": "Feature",
      "geometry": {
        "type": "Point",
        "coordinates": [
          14.090901666666667,
          40.792916
        ]
      },
      "properties": {
        "event_id": "AUTO_EV_58964",
        "energia": 6,
        "lisa_cluster": "High-Low (Outlier)",
        "local_moran": -0.03731444749627689
      }
    },
    {
      "type": "Feature",
      "geometry": {
        "type": "Point",
        "coordinates": [
          14.114128000000001,
          40.81951
        ]
      },
      "properties": {
        "event_id": "AUTO_EV_58965",
        "energia": 4,
        "lisa_cluster": "Low-Low (Coldspot)",
        "local_moran": 0.26057904945944627
      }
    },
    {
      "type": "Feature",
      "geometry": {
        "type": "Point",
        "coordinates": [
          14.152004666666665,
          40.79868466666667
        ]
      },
      "properties": {
        "event_id": "AUTO_EV_58966",
        "energia": 3,
        "lisa_cluster": "Low-Low (Coldspot)",
        "local_moran": 0.39346293570261626
      }
    },
    {
      "type": "Feature",
      "geometry": {
        "type": "Point",
        "coordinates": [
          14.097682,
          40.807216000000004
        ]
      },
      "properties": {
        "event_id": "AUTO_EV_58967",
        "energia": 4,
        "lisa_cluster": "Low-High (Outlier)",
        "local_moran": -0.07094504121624966
      }
    },
    {
      "type": "Feature",
      "geometry": {
        "type": "Point",
        "coordinates": [
          14.134146,
          40.80173875
        ]
      },
      "properties": {
        "event_id": "AUTO_EV_58968",
        "energia": 4,
        "lisa_cluster": "Low-Low (Coldspot)",
        "local_moran": 0.3002229726780706
      }
    },
    {
      "type": "Feature",
      "geometry": {
        "type": "Point",
        "coordinates": [
          14.0990118,
          40.790994
        ]
      },
      "properties": {
        "event_id": "AUTO_EV_58969",
        "energia": 5,
        "lisa_cluster": "Low-Low (Coldspot)",
        "local_moran": 0.015715559180917833
      }
    },
    {
      "type": "Feature",
      "geometry": {
        "type": "Point",
        "coordinates": [
          14.09707875,
          40.782236499999996
        ]
      },
      "properties": {
        "event_id": "AUTO_EV_58970",
        "energia": 4,
        "lisa_cluster": "Low-Low (Coldspot)",
        "local_moran": 0.3004170828109001
      }
    },
    {
      "type": "Feature",
      "geometry": {
        "type": "Point",
        "coordinates": [
          14.0958316,
          40.8007066
        ]
      },
      "properties": {
        "event_id": "AUTO_EV_58971",
        "energia": 5,
        "lisa_cluster": "Low-High (Outlier)",
        "local_moran": -0.0049073696765924045
      }
    },
    {
      "type": "Feature",
      "geometry": {
        "type": "Point",
        "coordinates": [
          14.163670000000002,
          40.821324000000004
        ]
      },
      "properties": {
        "event_id": "AUTO_EV_58972",
        "energia": 3,
        "lisa_cluster": "Low-Low (Coldspot)",
        "local_moran": 0.4223217047793517
      }
    },
    {
      "type": "Feature",
      "geometry": {
        "type": "Point",
        "coordinates": [
          14.1293245,
          40.8202025
        ]
      },
      "properties": {
        "event_id": "AUTO_EV_58973",
        "energia": 4,
        "lisa_cluster": "Low-High (Outlier)",
        "local_moran": -0.2769429265345532
      }
    },
    {
      "type": "Feature",
      "geometry": {
        "type": "Point",
        "coordinates": [
          14.065662750000001,
          40.799439250000006
        ]
      },
      "properties": {
        "event_id": "AUTO_EV_58974",
        "energia": 4,
        "lisa_cluster": "Low-Low (Coldspot)",
        "local_moran": 0.15861165382766004
      }
    },
    {
      "type": "Feature",
      "geometry": {
        "type": "Point",
        "coordinates": [
          14.085529,
          40.8145185
        ]
      },
      "properties": {
        "event_id": "AUTO_EV_58975",
        "energia": 4,
        "lisa_cluster": "Low-Low (Coldspot)",
        "local_moran": 0.044772646282144564
      }
    },
    {
      "type": "Feature",
      "geometry": {
        "type": "Point",
        "coordinates": [
          14.145883,
          40.81600425
        ]
      },
      "properties": {
        "event_id": "AUTO_EV_58976",
        "energia": 4,
        "lisa_cluster": "Low-Low (Coldspot)",
        "local_moran": 0.10438801419746446
      }
    },
    {
      "type": "Feature",
      "geometry": {
        "type": "Point",
        "coordinates": [
          14.110931,
          40.795741666666665
        ]
      },
      "properties": {
        "event_id": "AUTO_EV_58977",
        "energia": 3,
        "lisa_cluster": "Low-Low (Coldspot)",
        "local_moran": 0.9059859963451068
      }
    },
    {
      "type": "Feature",
      "geometry": {
        "type": "Point",
        "coordinates": [
          14.121347,
          40.829184
        ]
      },
      "properties": {
        "event_id": "AUTO_EV_58978",
        "energia": 4,
        "lisa_cluster": "Low-High (Outlier)",
        "local_moran": -0.3359703368168876
      }
    },
    {
      "type": "Feature",
      "geometry": {
        "type": "Point",
        "coordinates": [
          14.107061666666667,
          40.79031833333334
        ]
      },
      "properties": {
        "event_id": "AUTO_EV_58979",
        "energia": 3,
        "lisa_cluster": "Low-Low (Coldspot)",
        "local_moran": 0.13671835198891125
      }
    },
    {
      "type": "Feature",
      "geometry": {
        "type": "Point",
        "coordinates": [
          14.128584,
          40.81725025
        ]
      },
      "properties": {
        "event_id": "AUTO_EV_58980",
        "energia": 4,
        "lisa_cluster": "Low-High (Outlier)",
        "local_moran": -0.2840529587681407
      }
    },
    {
      "type": "Feature",
      "geometry": {
        "type": "Point",
        "coordinates": [
          14.0978405,
          40.79375575
        ]
      },
      "properties": {
        "event_id": "AUTO_EV_58981",
        "energia": 4,
        "lisa_cluster": "Low-Low (Coldspot)",
        "local_moran": 0.0184007864622567
      }
    },
    {
      "type": "Feature",
      "geometry": {
        "type": "Point",
        "coordinates": [
          14.087867833333334,
          40.80213233333333
        ]
      },
      "properties": {
        "event_id": "AUTO_EV_58982",
        "energia": 6,
        "lisa_cluster": "High-Low (Outlier)",
        "local_moran": -0.008264827202659319
      }
    },
    {
      "type": "Feature",
      "geometry": {
        "type": "Point",
        "coordinates": [
          14.118492,
          40.790573
        ]
      },
      "properties": {
        "event_id": "AUTO_EV_58983",
        "energia": 4,
        "lisa_cluster": "Low-Low (Coldspot)",
        "local_moran": 0.29937762623041464
      }
    },
    {
      "type": "Feature",
      "geometry": {
        "type": "Point",
        "coordinates": [
          14.134146,
          40.80173875
        ]
      },
      "properties": {
        "event_id": "AUTO_EV_58984",
        "energia": 4,
        "lisa_cluster": "Low-Low (Coldspot)",
        "local_moran": 0.3002229726780706
      }
    },
    {
      "type": "Feature",
      "geometry": {
        "type": "Point",
        "coordinates": [
          14.131264999999999,
          40.79840625
        ]
      },
      "properties": {
        "event_id": "AUTO_EV_58985",
        "energia": 4,
        "lisa_cluster": "Low-Low (Coldspot)",
        "local_moran": 0.2980350503697046
      }
    },
    {
      "type": "Feature",
      "geometry": {
        "type": "Point",
        "coordinates": [
          14.107609333333334,
          40.810095499999996
        ]
      },
      "properties": {
        "event_id": "AUTO_EV_58986",
        "energia": 6,
        "lisa_cluster": "High-High (Hotspot)",
        "local_moran": 0.08334577174894506
      }
    },
    {
      "type": "Feature",
      "geometry": {
        "type": "Point",
        "coordinates": [
          14.152328666666667,
          40.810247333333336
        ]
      },
      "properties": {
        "event_id": "AUTO_EV_58987",
        "energia": 3,
        "lisa_cluster": "Low-Low (Coldspot)",
        "local_moran": 0.9244806406524823
      }
    },
    {
      "type": "Feature",
      "geometry": {
        "type": "Point",
        "coordinates": [
          14.11795875,
          40.8171295
        ]
      },
      "properties": {
        "event_id": "AUTO_EV_58988",
        "energia": 4,
        "lisa_cluster": "Low-Low (Coldspot)",
        "local_moran": 0.22896311337003358
      }
    },
    {
      "type": "Feature",
      "geometry": {
        "type": "Point",
        "coordinates": [
          14.095071333333332,
          40.7943365
        ]
      },
      "properties": {
        "event_id": "AUTO_EV_58989",
        "energia": 6,
        "lisa_cluster": "High-High (Hotspot)",
        "local_moran": 0.07551889284338431
      }
    },
    {
      "type": "Feature",
      "geometry": {
        "type": "Point",
        "coordinates": [
          14.136238,
          40.8051942
        ]
      },
      "properties": {
        "event_id": "AUTO_EV_58990",
        "energia": 5,
        "lisa_cluster": "Low-Low (Coldspot)",
        "local_moran": 0.026096414597171772
      }
    },
    {
      "type": "Feature",
      "geometry": {
        "type": "Point",
        "coordinates": [
          14.0683062,
          40.7989448
        ]
      },
      "properties": {
        "event_id": "AUTO_EV_58991",
        "energia": 5,
        "lisa_cluster": "Low-Low (Coldspot)",
        "local_moran": 0.01762656912633479
      }
    },
    {
      "type": "Feature",
      "geometry": {
        "type": "Point",
        "coordinates": [
          14.082129666666667,
          40.79671066666667
        ]
      },
      "properties": {
        "event_id": "AUTO_EV_58992",
        "energia": 6,
        "lisa_cluster": "High-Low (Outlier)",
        "local_moran": -0.015384089997419826
      }
    },
    {
      "type": "Feature",
      "geometry": {
        "type": "Point",
        "coordinates": [
          14.13347675,
          40.80638925
        ]
      },
      "properties": {
        "event_id": "AUTO_EV_58993",
        "energia": 4,
        "lisa_cluster": "Low-Low (Coldspot)",
        "local_moran": 0.046087587735030605
      }
    },
    {
      "type": "Feature",
      "geometry": {
        "type": "Point",
        "coordinates": [
          14.07955125,
          40.79742375
        ]
      },
      "properties": {
        "event_id": "AUTO_EV_58994",
        "energia": 4,
        "lisa_cluster": "Low-Low (Coldspot)",
        "local_moran": 0.2970743738207773
      }
    },
    {
      "type": "Feature",
      "geometry": {
        "type": "Point",
        "coordinates": [
          14.14001425,
          40.812081250000006
        ]
      },
      "properties": {
        "event_id": "AUTO_EV_58995",
        "energia": 4,
        "lisa_cluster": "Low-Low (Coldspot)",
        "local_moran": 0.07052845735266491
      }
    },
    {
      "type": "Feature",
      "geometry": {
        "type": "Point",
        "coordinates": [
          14.141661749999999,
          40.81246825
        ]
      },
      "properties": {
        "event_id": "AUTO_EV_58996",
        "energia": 4,
        "lisa_cluster": "Low-Low (Coldspot)",
        "local_moran": 0.2940888231556054
      }
    },
    {
      "type": "Feature",
      "geometry": {
        "type": "Point",
        "coordinates": [
          14.1094005,
          40.828365250000004
        ]
      },
      "properties": {
        "event_id": "AUTO_EV_58997",
        "energia": 4,
        "lisa_cluster": "Low-Low (Coldspot)",
        "local_moran": 0.294631215014959
      }
    },
    {
      "type": "Feature",
      "geometry": {
        "type": "Point",
        "coordinates": [
          14.07449375,
          40.792204500000004
        ]
      },
      "properties": {
        "event_id": "AUTO_EV_58998",
        "energia": 4,
        "lisa_cluster": "Low-Low (Coldspot)",
        "local_moran": 0.1170926048743403
      }
    },
    {
      "type": "Feature",
      "geometry": {
        "type": "Point",
        "coordinates": [
          14.1514012,
          40.8270226
        ]
      },
      "properties": {
        "event_id": "AUTO_EV_58999",
        "energia": 5,
        "lisa_cluster": "Low-Low (Coldspot)",
        "local_moran": 0.03575748570419192
      }
    },
    {
      "type": "Feature",
      "geometry": {
        "type": "Point",
        "coordinates": [
          14.118457285714285,
          40.81860342857143
        ]
      },
      "properties": {
        "event_id": "AUTO_EV_59000",
        "energia": 7,
        "lisa_cluster": "High-High (Hotspot)",
        "local_moran": 0.7061367086467141
      }
    },
    {
      "type": "Feature",
      "geometry": {
        "type": "Point",
        "coordinates": [
          14.114133,
          40.8029014
        ]
      },
      "properties": {
        "event_id": "AUTO_EV_59001",
        "energia": 5,
        "lisa_cluster": "Low-High (Outlier)",
        "local_moran": -0.02713548446661687
      }
    },
    {
      "type": "Feature",
      "geometry": {
        "type": "Point",
        "coordinates": [
          14.0816705,
          40.789237
        ]
      },
      "properties": {
        "event_id": "AUTO_EV_59002",
        "energia": 4,
        "lisa_cluster": "Low-Low (Coldspot)",
        "local_moran": 0.29720426725612104
      }
    },
    {
      "type": "Feature",
      "geometry": {
        "type": "Point",
        "coordinates": [
          14.092801,
          40.821399199999995
        ]
      },
      "properties": {
        "event_id": "AUTO_EV_59003",
        "energia": 5,
        "lisa_cluster": "Low-Low (Coldspot)",
        "local_moran": 0.006831488053140347
      }
    },
    {
      "type": "Feature",
      "geometry": {
        "type": "Point",
        "coordinates": [
          14.133046499999999,
          40.81004325
        ]
      },
      "properties": {
        "event_id": "AUTO_EV_59004",
        "energia": 4,
        "lisa_cluster": "Low-High (Outlier)",
        "local_moran": -0.06509659775927171
      }
    },
    {
      "type": "Feature",
      "geometry": {
        "type": "Point",
        "coordinates": [
          14.077688,
          40.8066965
        ]
      },
      "properties": {
        "event_id": "AUTO_EV_59005",
        "energia": 4,
        "lisa_cluster": "Low-Low (Coldspot)",
        "local_moran": 0.07784177193866727
      }
    },
    {
      "type": "Feature",
      "geometry": {
        "type": "Point",
        "coordinates": [
          14.136741,
          40.818931
        ]
      },
      "properties": {
        "event_id": "AUTO_EV_59006",
        "energia": 3,
        "lisa_cluster": "Low-High (Outlier)",
        "local_moran": -0.1545625987988062
      }
    },
    {
      "type": "Feature",
      "geometry": {
        "type": "Point",
        "coordinates": [
          14.148132,
          40.8142695
        ]
      },
      "properties": {
        "event_id": "AUTO_EV_59007",
        "energia": 4,
        "lisa_cluster": "Low-Low (Coldspot)",
        "local_moran": 0.2933238416947017
      }
    },
    {
      "type": "Feature",
      "geometry": {
        "type": "Point",
        "coordinates": [
          14.13587875,
          40.80506825
        ]
      },
      "properties": {
        "event_id": "AUTO_EV_59008",
        "energia": 4,
        "lisa_cluster": "Low-Low (Coldspot)",
        "local_moran": 0.10172740120291533
      }
    },
    {
      "type": "Feature",
      "geometry": {
        "type": "Point",
        "coordinates": [
          14.146899000000001,
          40.81197975
        ]
      },
      "properties": {
        "event_id": "AUTO_EV_59009",
        "energia": 4,
        "lisa_cluster": "Low-Low (Coldspot)",
        "local_moran": 0.1274895150127057
      }
    },
    {
      "type": "Feature",
      "geometry": {
        "type": "Point",
        "coordinates": [
          14.1461512,
          40.8226524
        ]
      },
      "properties": {
        "event_id": "AUTO_EV_59010",
        "energia": 5,
        "lisa_cluster": "Low-Low (Coldspot)",
        "local_moran": 0.010175078516365153
      }
    },
    {
      "type": "Feature",
      "geometry": {
        "type": "Point",
        "coordinates": [
          14.063204500000001,
          40.793929000000006
        ]
      },
      "properties": {
        "event_id": "AUTO_EV_59011",
        "energia": 4,
        "lisa_cluster": "Low-Low (Coldspot)",
        "local_moran": 0.18617325401099322
      }
    },
    {
      "type": "Feature",
      "geometry": {
        "type": "Point",
        "coordinates": [
          14.113560666666666,
          40.81561633333333
        ]
      },
      "properties": {
        "event_id": "AUTO_EV_59012",
        "energia": 6,
        "lisa_cluster": "High-High (Hotspot)",
        "local_moran": 0.18681212259407043
      }
    },
    {
      "type": "Feature",
      "geometry": {
        "type": "Point",
        "coordinates": [
          14.135921,
          40.80841375
        ]
      },
      "properties": {
        "event_id": "AUTO_EV_59013",
        "energia": 4,
        "lisa_cluster": "Low-Low (Coldspot)",
        "local_moran": 0.2830032056745494
      }
    },
    {
      "type": "Feature",
      "geometry": {
        "type": "Point",
        "coordinates": [
          14.13412875,
          40.82313525
        ]
      },
      "properties": {
        "event_id": "AUTO_EV_59014",
        "energia": 4,
        "lisa_cluster": "Low-High (Outlier)",
        "local_moran": -0.14703113635272666
      }
    },
    {
      "type": "Feature",
      "geometry": {
        "type": "Point",
        "coordinates": [
          14.15409025,
          40.82660225
        ]
      },
      "properties": {
        "event_id": "AUTO_EV_59015",
        "energia": 4,
        "lisa_cluster": "Low-Low (Coldspot)",
        "local_moran": 0.2980034934503271
      }
    },
    {
      "type": "Feature",
      "geometry": {
        "type": "Point",
        "coordinates": [
          14.1633035,
          40.8068635
        ]
      },
      "properties": {
        "event_id": "AUTO_EV_59016",
        "energia": 4,
        "lisa_cluster": "Low-Low (Coldspot)",
        "local_moran": 0.26938873746357067
      }
    },
    {
      "type": "Feature",
      "geometry": {
        "type": "Point",
        "coordinates": [
          14.102209,
          40.81736966666667
        ]
      },
      "properties": {
        "event_id": "AUTO_EV_59017",
        "energia": 6,
        "lisa_cluster": "High-High (Hotspot)",
        "local_moran": 0.07679982094057591
      }
    },
    {
      "type": "Feature",
      "geometry": {
        "type": "Point",
        "coordinates": [
          14.0683062,
          40.7989448
        ]
      },
      "properties": {
        "event_id": "AUTO_EV_59018",
        "energia": 5,
        "lisa_cluster": "Low-Low (Coldspot)",
        "local_moran": 0.017626569126334785
      }
    },
    {
      "type": "Feature",
      "geometry": {
        "type": "Point",
        "coordinates": [
          14.0691545,
          40.78336175
        ]
      },
      "properties": {
        "event_id": "AUTO_EV_59019",
        "energia": 4,
        "lisa_cluster": "Low-Low (Coldspot)",
        "local_moran": 0.30111341290712423
      }
    },
    {
      "type": "Feature",
      "geometry": {
        "type": "Point",
        "coordinates": [
          14.113932,
          40.821159
        ]
      },
      "properties": {
        "event_id": "AUTO_EV_59020",
        "energia": 6,
        "lisa_cluster": "High-High (Hotspot)",
        "local_moran": 0.18575196838037775
      }
    },
    {
      "type": "Feature",
      "geometry": {
        "type": "Point",
        "coordinates": [
          14.1071728,
          40.8076298
        ]
      },
      "properties": {
        "event_id": "AUTO_EV_59021",
        "energia": 5,
        "lisa_cluster": "Low-High (Outlier)",
        "local_moran": -0.030977793109323404
      }
    },
    {
      "type": "Feature",
      "geometry": {
        "type": "Point",
        "coordinates": [
          14.1258764,
          40.809529399999995
        ]
      },
      "properties": {
        "event_id": "AUTO_EV_59022",
        "energia": 5,
        "lisa_cluster": "Low-High (Outlier)",
        "local_moran": -0.03763294091014833
      }
    },
    {
      "type": "Feature",
      "geometry": {
        "type": "Point",
        "coordinates": [
          14.146792999999999,
          40.81449225
        ]
      },
      "properties": {
        "event_id": "AUTO_EV_59023",
        "energia": 4,
        "lisa_cluster": "Low-Low (Coldspot)",
        "local_moran": 0.11694535646794531
      }
    },
    {
      "type": "Feature",
      "geometry": {
        "type": "Point",
        "coordinates": [
          14.105098333333332,
          40.808390833333334
        ]
      },
      "properties": {
        "event_id": "AUTO_EV_59024",
        "energia": 6,
        "lisa_cluster": "High-High (Hotspot)",
        "local_moran": 0.07396595939983841
      }
    },
    {
      "type": "Feature",
      "geometry": {
        "type": "Point",
        "coordinates": [
          14.0925215,
          40.81198275
        ]
      },
      "properties": {
        "event_id": "AUTO_EV_59025",
        "energia": 4,
        "lisa_cluster": "Low-High (Outlier)",
        "local_moran": -0.01606703323917274
      }
    },
    {
      "type": "Feature",
      "geometry": {
        "type": "Point",
        "coordinates": [
          14.10868,
          40.80837425
        ]
      },
      "properties": {
        "event_id": "AUTO_EV_59026",
        "energia": 4,
        "lisa_cluster": "Low-Low (Coldspot)",
        "local_moran": 0.2551034628510707
      }
    },
    {
      "type": "Feature",
      "geometry": {
        "type": "Point",
        "coordinates": [
          14.135386399999998,
          40.8164164
        ]
      },
      "properties": {
        "event_id": "AUTO_EV_59027",
        "energia": 5,
        "lisa_cluster": "Low-High (Outlier)",
        "local_moran": -0.021930201111250512
      }
    },
    {
      "type": "Feature",
      "geometry": {
        "type": "Point",
        "coordinates": [
          14.131162166666668,
          40.817777666666665
        ]
      },
      "properties": {
        "event_id": "AUTO_EV_59028",
        "energia": 6,
        "lisa_cluster": "High-High (Hotspot)",
        "local_moran": 0.10617949218589673
      }
    },
    {
      "type": "Feature",
      "geometry": {
        "type": "Point",
        "coordinates": [
          14.124375800000001,
          40.8304806
        ]
      },
      "properties": {
        "event_id": "AUTO_EV_59029",
        "energia": 5,
        "lisa_cluster": "Low-High (Outlier)",
        "local_moran": -0.06870705493072317
      }
    },
    {
      "type": "Feature",
      "geometry": {
        "type": "Point",
        "coordinates": [
          14.124620666666667,
          40.82227233333334
        ]
      },
      "properties": {
        "event_id": "AUTO_EV_59030",
        "energia": 3,
        "lisa_cluster": "Low-High (Outlier)",
        "local_moran": -0.6988796209310897
      }
    },
    {
      "type": "Feature",
      "geometry": {
        "type": "Point",
        "coordinates": [
          14.122901333333333,
          40.823693
        ]
      },
      "properties": {
        "event_id": "AUTO_EV_59031",
        "energia": 6,
        "lisa_cluster": "High-High (Hotspot)",
        "local_moran": 0.19789503461352634
      }
    },
    {
      "type": "Feature",
      "geometry": {
        "type": "Point",
        "coordinates": [
          14.0971985,
          40.81021666666667
        ]
      },
      "properties": {
        "event_id": "AUTO_EV_59032",
        "energia": 6,
        "lisa_cluster": "High-High (Hotspot)",
        "local_moran": 0.040228996574988934
      }
    },
    {
      "type": "Feature",
      "geometry": {
        "type": "Point",
        "coordinates": [
          14.1462212,
          40.8082232
        ]
      },
      "properties": {
        "event_id": "AUTO_EV_59033",
        "energia": 5,
        "lisa_cluster": "Low-Low (Coldspot)",
        "local_moran": 0.029061099942699446
      }
    },
    {
      "type": "Feature",
      "geometry": {
        "type": "Point",
        "coordinates": [
          14.05850825,
          40.782506
        ]
      },
      "properties": {
        "event_id": "AUTO_EV_59034",
        "energia": 4,
        "lisa_cluster": "Low-Low (Coldspot)",
        "local_moran": 0.3015735685464096
      }
    },
    {
      "type": "Feature",
      "geometry": {
        "type": "Point",
        "coordinates": [
          14.13034025,
          40.81817425
        ]
      },
      "properties": {
        "event_id": "AUTO_EV_59035",
        "energia": 4,
        "lisa_cluster": "Low-High (Outlier)",
        "local_moran": -0.23411856009596793
      }
    },
    {
      "type": "Feature",
      "geometry": {
        "type": "Point",
        "coordinates": [
          14.1021264,
          40.8155716
        ]
      },
      "properties": {
        "event_id": "AUTO_EV_59036",
        "energia": 5,
        "lisa_cluster": "Low-High (Outlier)",
        "local_moran": -0.030007066287696952
      }
    },
    {
      "type": "Feature",
      "geometry": {
        "type": "Point",
        "coordinates": [
          14.115711999999998,
          40.823504400000004
        ]
      },
      "properties": {
        "event_id": "AUTO_EV_59037",
        "energia": 5,
        "lisa_cluster": "Low-High (Outlier)",
        "local_moran": -0.0863897407284629
      }
    },
    {
      "type": "Feature",
      "geometry": {
        "type": "Point",
        "coordinates": [
          14.106132,
          40.807014571428574
        ]
      },
      "properties": {
        "event_id": "AUTO_EV_59038",
        "energia": 7,
        "lisa_cluster": "High-High (Hotspot)",
        "local_moran": 0.16306589890792883
      }
    },
    {
      "type": "Feature",
      "geometry": {
        "type": "Point",
        "coordinates": [
          14.12015,
          40.834334999999996
        ]
      },
      "properties": {
        "event_id": "AUTO_EV_59039",
        "energia": 5,
        "lisa_cluster": "Low-Low (Coldspot)",
        "local_moran": 0.017216215644266675
      }
    },
    {
      "type": "Feature",
      "geometry": {
        "type": "Point",
        "coordinates": [
          14.1179946,
          40.8109804
        ]
      },
      "properties": {
        "event_id": "AUTO_EV_59040",
        "energia": 5,
        "lisa_cluster": "Low-High (Outlier)",
        "local_moran": -0.06325636193715532
      }
    },
    {
      "type": "Feature",
      "geometry": {
        "type": "Point",
        "coordinates": [
          14.15024025,
          40.82830225
        ]
      },
      "properties": {
        "event_id": "AUTO_EV_59041",
        "energia": 4,
        "lisa_cluster": "Low-Low (Coldspot)",
        "local_moran": 0.1412361916521619
      }
    },
    {
      "type": "Feature",
      "geometry": {
        "type": "Point",
        "coordinates": [
          14.1232034,
          40.7964714
        ]
      },
      "properties": {
        "event_id": "AUTO_EV_59042",
        "energia": 5,
        "lisa_cluster": "Low-Low (Coldspot)",
        "local_moran": 0.023105736423027417
      }
    },
    {
      "type": "Feature",
      "geometry": {
        "type": "Point",
        "coordinates": [
          14.1308565,
          40.824162
        ]
      },
      "properties": {
        "event_id": "AUTO_EV_59043",
        "energia": 4,
        "lisa_cluster": "Low-High (Outlier)",
        "local_moran": -0.2804000360773112
      }
    },
    {
      "type": "Feature",
      "geometry": {
        "type": "Point",
        "coordinates": [
          14.096741,
          40.802060250000004
        ]
      },
      "properties": {
        "event_id": "AUTO_EV_59044",
        "energia": 4,
        "lisa_cluster": "Low-High (Outlier)",
        "local_moran": -0.0339702755207802
      }
    },
    {
      "type": "Feature",
      "geometry": {
        "type": "Point",
        "coordinates": [
          14.103537,
          40.8104296
        ]
      },
      "properties": {
        "event_id": "AUTO_EV_59045",
        "energia": 5,
        "lisa_cluster": "Low-Low (Coldspot)",
        "local_moran": 0.011512810223650942
      }
    },
    {
      "type": "Feature",
      "geometry": {
        "type": "Point",
        "coordinates": [
          14.1547975,
          40.798556
        ]
      },
      "properties": {
        "event_id": "AUTO_EV_59046",
        "energia": 4,
        "lisa_cluster": "Low-Low (Coldspot)",
        "local_moran": 0.3012423714466779
      }
    },
    {
      "type": "Feature",
      "geometry": {
        "type": "Point",
        "coordinates": [
          14.170285666666667,
          40.829975
        ]
      },
      "properties": {
        "event_id": "AUTO_EV_59047",
        "energia": 3,
        "lisa_cluster": "Low-Low (Coldspot)",
        "local_moran": 0.4700532377821123
      }
    },
    {
      "type": "Feature",
      "geometry": {
        "type": "Point",
        "coordinates": [
          14.0723745,
          40.800391250000004
        ]
      },
      "properties": {
        "event_id": "AUTO_EV_59048",
        "energia": 4,
        "lisa_cluster": "Low-Low (Coldspot)",
        "local_moran": 0.1056457475205455
      }
    },
    {
      "type": "Feature",
      "geometry": {
        "type": "Point",
        "coordinates": [
          14.133474666666666,
          40.801875333333335
        ]
      },
      "properties": {
        "event_id": "AUTO_EV_59049",
        "energia": 3,
        "lisa_cluster": "Low-Low (Coldspot)",
        "local_moran": 0.891279469856675
      }
    },
    {
      "type": "Feature",
      "geometry": {
        "type": "Point",
        "coordinates": [
          14.06524025,
          40.795955750000005
        ]
      },
      "properties": {
        "event_id": "AUTO_EV_59050",
        "energia": 4,
        "lisa_cluster": "Low-Low (Coldspot)",
        "local_moran": 0.15842353143023707
      }
    },
    {
      "type": "Feature",
      "geometry": {
        "type": "Point",
        "coordinates": [
          14.1240889,
          40.818174600000006
        ]
      },
      "properties": {
        "event_id": "AUTO_EV_59051",
        "energia": 20,
        "lisa_cluster": "High-High (Hotspot)",
        "local_moran": 37.51766150463463
      }
    },
    {
      "type": "Feature",
      "geometry": {
        "type": "Point",
        "coordinates": [
          14.115405875,
          40.8129621875
        ]
      },
      "properties": {
        "event_id": "AUTO_EV_59052",
        "energia": 16,
        "lisa_cluster": "High-High (Hotspot)",
        "local_moran": 2.6708784586583674
      }
    },
    {
      "type": "Feature",
      "geometry": {
        "type": "Point",
        "coordinates": [
          14.123378823529412,
          40.816593352941176
        ]
      },
      "properties": {
        "event_id": "AUTO_EV_59053",
        "energia": 17,
        "lisa_cluster": "High-High (Hotspot)",
        "local_moran": 5.938366478508743
      }
    },
    {
      "type": "Feature",
      "geometry": {
        "type": "Point",
        "coordinates": [
          14.1241584,
          40.81412206666666
        ]
      },
      "properties": {
        "event_id": "AUTO_EV_59054",
        "energia": 15,
        "lisa_cluster": "High-High (Hotspot)",
        "local_moran": 2.6281771431717114
      }
    },
    {
      "type": "Feature",
      "geometry": {
        "type": "Point",
        "coordinates": [
          14.1263812,
          40.824282700000005
        ]
      },
      "properties": {
        "event_id": "AUTO_EV_59055",
        "energia": 10,
        "lisa_cluster": "High-High (Hotspot)",
        "local_moran": 1.062357440876201
      }
    },
    {
      "type": "Feature",
      "geometry": {
        "type": "Point",
        "coordinates": [
          14.113189333333333,
          40.81005066666667
        ]
      },
      "properties": {
        "event_id": "AUTO_EV_59056",
        "energia": 9,
        "lisa_cluster": "High-High (Hotspot)",
        "local_moran": 0.672111506569406
      }
    },
    {
      "type": "Feature",
      "geometry": {
        "type": "Point",
        "coordinates": [
          14.116887,
          40.8458855
        ]
      },
      "properties": {
        "event_id": "AUTO_EV_59057",
        "energia": 4,
        "lisa_cluster": "Low-Low (Coldspot)",
        "local_moran": 0.15918206642022872
      }
    },
    {
      "type": "Feature",
      "geometry": {
        "type": "Point",
        "coordinates": [
          14.111014166666665,
          40.795207833333336
        ]
      },
      "properties": {
        "event_id": "AUTO_EV_59058",
        "energia": 6,
        "lisa_cluster": "High-Low (Outlier)",
        "local_moran": -0.041199342561963094
      }
    },
    {
      "type": "Feature",
      "geometry": {
        "type": "Point",
        "coordinates": [
          14.088860666666667,
          40.80916083333333
        ]
      },
      "properties": {
        "event_id": "AUTO_EV_59059",
        "energia": 6,
        "lisa_cluster": "High-Low (Outlier)",
        "local_moran": -0.010297076316529026
      }
    },
    {
      "type": "Feature",
      "geometry": {
        "type": "Point",
        "coordinates": [
          14.0911935,
          40.789986
        ]
      },
      "properties": {
        "event_id": "AUTO_EV_59060",
        "energia": 4,
        "lisa_cluster": "Low-Low (Coldspot)",
        "local_moran": 0.2891285892010227
      }
    },
    {
      "type": "Feature",
      "geometry": {
        "type": "Point",
        "coordinates": [
          14.1172888,
          40.8141388
        ]
      },
      "properties": {
        "event_id": "AUTO_EV_59061",
        "energia": 5,
        "lisa_cluster": "Low-Low (Coldspot)",
        "local_moran": 0.006497738036395766
      }
    },
    {
      "type": "Feature",
      "geometry": {
        "type": "Point",
        "coordinates": [
          14.1251882,
          40.8267364
        ]
      },
      "properties": {
        "event_id": "AUTO_EV_59062",
        "energia": 5,
        "lisa_cluster": "Low-High (Outlier)",
        "local_moran": -0.07226586876544702
      }
    },
    {
      "type": "Feature",
      "geometry": {
        "type": "Point",
        "coordinates": [
          14.10020275,
          40.794241
        ]
      },
      "properties": {
        "event_id": "AUTO_EV_59063",
        "energia": 4,
        "lisa_cluster": "Low-Low (Coldspot)",
        "local_moran": 0.29472954143518115
      }
    },
    {
      "type": "Feature",
      "geometry": {
        "type": "Point",
        "coordinates": [
          14.134146,
          40.80173875
        ]
      },
      "properties": {
        "event_id": "AUTO_EV_59064",
        "energia": 4,
        "lisa_cluster": "Low-Low (Coldspot)",
        "local_moran": 0.3002229726780706
      }
    },
    {
      "type": "Feature",
      "geometry": {
        "type": "Point",
        "coordinates": [
          14.1474365,
          40.82640083333333
        ]
      },
      "properties": {
        "event_id": "AUTO_EV_59065",
        "energia": 6,
        "lisa_cluster": "High-Low (Outlier)",
        "local_moran": -0.04655458460790595
      }
    },
    {
      "type": "Feature",
      "geometry": {
        "type": "Point",
        "coordinates": [
          14.16192,
          40.829499399999996
        ]
      },
      "properties": {
        "event_id": "AUTO_EV_59066",
        "energia": 5,
        "lisa_cluster": "Low-Low (Coldspot)",
        "local_moran": 0.04908837600796641
      }
    },
    {
      "type": "Feature",
      "geometry": {
        "type": "Point",
        "coordinates": [
          14.111050599999999,
          40.805526199999996
        ]
      },
      "properties": {
        "event_id": "AUTO_EV_59067",
        "energia": 5,
        "lisa_cluster": "Low-High (Outlier)",
        "local_moran": -0.019800295839392683
      }
    },
    {
      "type": "Feature",
      "geometry": {
        "type": "Point",
        "coordinates": [
          14.115856749999999,
          40.80540675
        ]
      },
      "properties": {
        "event_id": "AUTO_EV_59068",
        "energia": 4,
        "lisa_cluster": "Low-Low (Coldspot)",
        "local_moran": 0.29633796208590735
      }
    },
    {
      "type": "Feature",
      "geometry": {
        "type": "Point",
        "coordinates": [
          14.0720355,
          40.786694250000004
        ]
      },
      "properties": {
        "event_id": "AUTO_EV_59069",
        "energia": 4,
        "lisa_cluster": "Low-Low (Coldspot)",
        "local_moran": 0.3005098919204815
      }
    },
    {
      "type": "Feature",
      "geometry": {
        "type": "Point",
        "coordinates": [
          14.085425166666667,
          40.806762
        ]
      },
      "properties": {
        "event_id": "AUTO_EV_59070",
        "energia": 6,
        "lisa_cluster": "High-Low (Outlier)",
        "local_moran": -0.017836681435430976
      }
    },
    {
      "type": "Feature",
      "geometry": {
        "type": "Point",
        "coordinates": [
          14.161619,
          40.812964666666666
        ]
      },
      "properties": {
        "event_id": "AUTO_EV_59071",
        "energia": 3,
        "lisa_cluster": "Low-Low (Coldspot)",
        "local_moran": 0.46903133903403516
      }
    },
    {
      "type": "Feature",
      "geometry": {
        "type": "Point",
        "coordinates": [
          14.114900142857142,
          40.81579142857144
        ]
      },
      "properties": {
        "event_id": "AUTO_EV_59072",
        "energia": 7,
        "lisa_cluster": "High-High (Hotspot)",
        "local_moran": 0.5904315406614337
      }
    },
    {
      "type": "Feature",
      "geometry": {
        "type": "Point",
        "coordinates": [
          14.127593749999999,
          40.819672249999996
        ]
      },
      "properties": {
        "event_id": "AUTO_EV_59073",
        "energia": 4,
        "lisa_cluster": "Low-High (Outlier)",
        "local_moran": -0.35386212913200715
      }
    },
    {
      "type": "Feature",
      "geometry": {
        "type": "Point",
        "coordinates": [
          14.1074755,
          40.7962985
        ]
      },
      "properties": {
        "event_id": "AUTO_EV_59074",
        "energia": 4,
        "lisa_cluster": "Low-Low (Coldspot)",
        "local_moran": 0.280548111047751
      }
    },
    {
      "type": "Feature",
      "geometry": {
        "type": "Point",
        "coordinates": [
          14.11795875,
          40.8171295
        ]
      },
      "properties": {
        "event_id": "AUTO_EV_59075",
        "energia": 4,
        "lisa_cluster": "Low-Low (Coldspot)",
        "local_moran": 0.22896311337003375
      }
    },
    {
      "type": "Feature",
      "geometry": {
        "type": "Point",
        "coordinates": [
          14.1662106,
          40.8150684
        ]
      },
      "properties": {
        "event_id": "AUTO_EV_59076",
        "energia": 5,
        "lisa_cluster": "Low-Low (Coldspot)",
        "local_moran": 0.06933967506196127
      }
    },
    {
      "type": "Feature",
      "geometry": {
        "type": "Point",
        "coordinates": [
          14.162025666666665,
          40.81299066666667
        ]
      },
      "properties": {
        "event_id": "AUTO_EV_59077",
        "energia": 3,
        "lisa_cluster": "Low-Low (Coldspot)",
        "local_moran": 0.48232817510172565
      }
    },
    {
      "type": "Feature",
      "geometry": {
        "type": "Point",
        "coordinates": [
          14.078951,
          40.8194235
        ]
      },
      "properties": {
        "event_id": "AUTO_EV_59078",
        "energia": 4,
        "lisa_cluster": "Low-Low (Coldspot)",
        "local_moran": 0.12421275962113668
      }
    },
    {
      "type": "Feature",
      "geometry": {
        "type": "Point",
        "coordinates": [
          14.124524875,
          40.80851275
        ]
      },
      "properties": {
        "event_id": "AUTO_EV_59079",
        "energia": 8,
        "lisa_cluster": "High-High (Hotspot)",
        "local_moran": 0.2851031126184136
      }
    },
    {
      "type": "Feature",
      "geometry": {
        "type": "Point",
        "coordinates": [
          14.0794168,
          40.8018614
        ]
      },
      "properties": {
        "event_id": "AUTO_EV_59080",
        "energia": 5,
        "lisa_cluster": "Low-Low (Coldspot)",
        "local_moran": 0.006565202452690651
      }
    },
    {
      "type": "Feature",
      "geometry": {
        "type": "Point",
        "coordinates": [
          14.096161857142858,
          40.80007585714286
        ]
      },
      "properties": {
        "event_id": "AUTO_EV_59081",
        "energia": 7,
        "lisa_cluster": "High-High (Hotspot)",
        "local_moran": 0.01909251163987742
      }
    },
    {
      "type": "Feature",
      "geometry": {
        "type": "Point",
        "coordinates": [
          14.08922525,
          40.79133075
        ]
      },
      "properties": {
        "event_id": "AUTO_EV_59082",
        "energia": 4,
        "lisa_cluster": "Low-Low (Coldspot)",
        "local_moran": 0.08786903764701745
      }
    },
    {
      "type": "Feature",
      "geometry": {
        "type": "Point",
        "coordinates": [
          14.10622575,
          40.828635250000005
        ]
      },
      "properties": {
        "event_id": "AUTO_EV_59083",
        "energia": 4,
        "lisa_cluster": "Low-Low (Coldspot)",
        "local_moran": 0.07096487114618139
      }
    },
    {
      "type": "Feature",
      "geometry": {
        "type": "Point",
        "coordinates": [
          14.163546499999999,
          40.8155355
        ]
      },
      "properties": {
        "event_id": "AUTO_EV_59084",
        "energia": 4,
        "lisa_cluster": "Low-Low (Coldspot)",
        "local_moran": 0.24574782018504301
      }
    },
    {
      "type": "Feature",
      "geometry": {
        "type": "Point",
        "coordinates": [
          14.0841476,
          40.8125476
        ]
      },
      "properties": {
        "event_id": "AUTO_EV_59085",
        "energia": 5,
        "lisa_cluster": "Low-Low (Coldspot)",
        "local_moran": 0.01164776669593932
      }
    },
    {
      "type": "Feature",
      "geometry": {
        "type": "Point",
        "coordinates": [
          14.131985499999999,
          40.81839725
        ]
      },
      "properties": {
        "event_id": "AUTO_EV_59086",
        "energia": 4,
        "lisa_cluster": "Low-High (Outlier)",
        "local_moran": -0.18745699318243114
      }
    },
    {
      "type": "Feature",
      "geometry": {
        "type": "Point",
        "coordinates": [
          14.134146,
          40.80173875
        ]
      },
      "properties": {
        "event_id": "AUTO_EV_59087",
        "energia": 4,
        "lisa_cluster": "Low-Low (Coldspot)",
        "local_moran": 0.3002229726780705
      }
    },
    {
      "type": "Feature",
      "geometry": {
        "type": "Point",
        "coordinates": [
          14.1021314,
          40.8158416
        ]
      },
      "properties": {
        "event_id": "AUTO_EV_59088",
        "energia": 5,
        "lisa_cluster": "Low-High (Outlier)",
        "local_moran": -0.029971993057700288
      }
    },
    {
      "type": "Feature",
      "geometry": {
        "type": "Point",
        "coordinates": [
          14.1176596,
          40.8000162
        ]
      },
      "properties": {
        "event_id": "AUTO_EV_59089",
        "energia": 5,
        "lisa_cluster": "Low-Low (Coldspot)",
        "local_moran": 0.0004231384674207505
      }
    },
    {
      "type": "Feature",
      "geometry": {
        "type": "Point",
        "coordinates": [
          14.1190495,
          40.8155195
        ]
      },
      "properties": {
        "event_id": "AUTO_EV_59090",
        "energia": 4,
        "lisa_cluster": "Low-High (Outlier)",
        "local_moran": -0.42333916078223477
      }
    },
    {
      "type": "Feature",
      "geometry": {
        "type": "Point",
        "coordinates": [
          14.07684275,
          40.80539075
        ]
      },
      "properties": {
        "event_id": "AUTO_EV_59091",
        "energia": 4,
        "lisa_cluster": "Low-Low (Coldspot)",
        "local_moran": 0.29244672711211106
      }
    },
    {
      "type": "Feature",
      "geometry": {
        "type": "Point",
        "coordinates": [
          14.17798575,
          40.8135675
        ]
      },
      "properties": {
        "event_id": "AUTO_EV_59092",
        "energia": 4,
        "lisa_cluster": "Low-Low (Coldspot)",
        "local_moran": 0.445814874264176
      }
    },
    {
      "type": "Feature",
      "geometry": {
        "type": "Point",
        "coordinates": [
          14.101203166666666,
          40.817085999999996
        ]
      },
      "properties": {
        "event_id": "AUTO_EV_59093",
        "energia": 6,
        "lisa_cluster": "High-High (Hotspot)",
        "local_moran": 0.05914260511273862
      }
    },
    {
      "type": "Feature",
      "geometry": {
        "type": "Point",
        "coordinates": [
          14.123004166666666,
          40.816753166666665
        ]
      },
      "properties": {
        "event_id": "AUTO_EV_59094",
        "energia": 6,
        "lisa_cluster": "High-High (Hotspot)",
        "local_moran": 0.38672202552053797
      }
    },
    {
      "type": "Feature",
      "geometry": {
        "type": "Point",
        "coordinates": [
          14.11200875,
          40.82769675
        ]
      },
      "properties": {
        "event_id": "AUTO_EV_59095",
        "energia": 4,
        "lisa_cluster": "Low-High (Outlier)",
        "local_moran": -0.1290658136875993
      }
    },
    {
      "type": "Feature",
      "geometry": {
        "type": "Point",
        "coordinates": [
          14.084259750000001,
          40.8016255
        ]
      },
      "properties": {
        "event_id": "AUTO_EV_59096",
        "energia": 4,
        "lisa_cluster": "Low-Low (Coldspot)",
        "local_moran": 0.027469278571977812
      }
    },
    {
      "type": "Feature",
      "geometry": {
        "type": "Point",
        "coordinates": [
          14.119930833333333,
          40.82093016666667
        ]
      },
      "properties": {
        "event_id": "AUTO_EV_59097",
        "energia": 6,
        "lisa_cluster": "High-High (Hotspot)",
        "local_moran": 0.23533569510588973
      }
    },
    {
      "type": "Feature",
      "geometry": {
        "type": "Point",
        "coordinates": [
          14.09056775,
          40.79169825
        ]
      },
      "properties": {
        "event_id": "AUTO_EV_59098",
        "energia": 4,
        "lisa_cluster": "Low-Low (Coldspot)",
        "local_moran": 0.29894797273398427
      }
    },
    {
      "type": "Feature",
      "geometry": {
        "type": "Point",
        "coordinates": [
          14.1053598,
          40.812709133333335
        ]
      },
      "properties": {
        "event_id": "AUTO_EV_59099",
        "energia": 15,
        "lisa_cluster": "High-High (Hotspot)",
        "local_moran": 1.2634767498420387
      }
    },
    {
      "type": "Feature",
      "geometry": {
        "type": "Point",
        "coordinates": [
          14.1379205,
          40.81289566666667
        ]
      },
      "properties": {
        "event_id": "AUTO_EV_59100",
        "energia": 6,
        "lisa_cluster": "High-High (Hotspot)",
        "local_moran": 0.009918833915835186
      }
    },
    {
      "type": "Feature",
      "geometry": {
        "type": "Point",
        "coordinates": [
          14.1473965,
          40.8122165
        ]
      },
      "properties": {
        "event_id": "AUTO_EV_59101",
        "energia": 4,
        "lisa_cluster": "Low-Low (Coldspot)",
        "local_moran": 0.13694571531023983
      }
    },
    {
      "type": "Feature",
      "geometry": {
        "type": "Point",
        "coordinates": [
          14.122340285714285,
          40.81331114285714
        ]
      },
      "properties": {
        "event_id": "AUTO_EV_59102",
        "energia": 7,
        "lisa_cluster": "High-High (Hotspot)",
        "local_moran": 0.4624647369099224
      }
    },
    {
      "type": "Feature",
      "geometry": {
        "type": "Point",
        "coordinates": [
          14.159149,
          40.81459916666667
        ]
      },
      "properties": {
        "event_id": "AUTO_EV_59103",
        "energia": 6,
        "lisa_cluster": "High-Low (Outlier)",
        "local_moran": -0.11731808103280059
      }
    },
    {
      "type": "Feature",
      "geometry": {
        "type": "Point",
        "coordinates": [
          14.15381025,
          40.825619
        ]
      },
      "properties": {
        "event_id": "AUTO_EV_59104",
        "energia": 4,
        "lisa_cluster": "Low-Low (Coldspot)",
        "local_moran": 0.14823849677505158
      }
    },
    {
      "type": "Feature",
      "geometry": {
        "type": "Point",
        "coordinates": [
          14.127921749999999,
          40.828771
        ]
      },
      "properties": {
        "event_id": "AUTO_EV_59105",
        "energia": 4,
        "lisa_cluster": "Low-High (Outlier)",
        "local_moran": -0.23940249358130744
      }
    },
    {
      "type": "Feature",
      "geometry": {
        "type": "Point",
        "coordinates": [
          14.101193,
          40.791819000000004
        ]
      },
      "properties": {
        "event_id": "AUTO_EV_59106",
        "energia": 4,
        "lisa_cluster": "Low-Low (Coldspot)",
        "local_moran": 0.29884231993364746
      }
    },
    {
      "type": "Feature",
      "geometry": {
        "type": "Point",
        "coordinates": [
          14.0907465,
          40.80530775
        ]
      },
      "properties": {
        "event_id": "AUTO_EV_59107",
        "energia": 4,
        "lisa_cluster": "Low-Low (Coldspot)",
        "local_moran": 0.2774138796704474
      }
    },
    {
      "type": "Feature",
      "geometry": {
        "type": "Point",
        "coordinates": [
          14.120628000000002,
          40.798485
        ]
      },
      "properties": {
        "event_id": "AUTO_EV_59108",
        "energia": 3,
        "lisa_cluster": "Low-Low (Coldspot)",
        "local_moran": 0.908564517415337
      }
    },
    {
      "type": "Feature",
      "geometry": {
        "type": "Point",
        "coordinates": [
          14.1348665,
          40.82172975
        ]
      },
      "properties": {
        "event_id": "AUTO_EV_59109",
        "energia": 4,
        "lisa_cluster": "Low-High (Outlier)",
        "local_moran": -0.14046393234207727
      }
    },
    {
      "type": "Feature",
      "geometry": {
        "type": "Point",
        "coordinates": [
          14.114128000000001,
          40.81951
        ]
      },
      "properties": {
        "event_id": "AUTO_EV_59110",
        "energia": 4,
        "lisa_cluster": "Low-Low (Coldspot)",
        "local_moran": 0.2605790494594462
      }
    },
    {
      "type": "Feature",
      "geometry": {
        "type": "Point",
        "coordinates": [
          14.1181375,
          40.830739
        ]
      },
      "properties": {
        "event_id": "AUTO_EV_59111",
        "energia": 4,
        "lisa_cluster": "Low-Low (Coldspot)",
        "local_moran": 0.28920947750921516
      }
    },
    {
      "type": "Feature",
      "geometry": {
        "type": "Point",
        "coordinates": [
          14.10927875,
          40.81031175
        ]
      },
      "properties": {
        "event_id": "AUTO_EV_59112",
        "energia": 4,
        "lisa_cluster": "Low-High (Outlier)",
        "local_moran": -0.20149653257598346
      }
    },
    {
      "type": "Feature",
      "geometry": {
        "type": "Point",
        "coordinates": [
          14.0737395,
          40.7958495
        ]
      },
      "properties": {
        "event_id": "AUTO_EV_59113",
        "energia": 4,
        "lisa_cluster": "Low-Low (Coldspot)",
        "local_moran": 0.09929773608104409
      }
    },
    {
      "type": "Feature",
      "geometry": {
        "type": "Point",
        "coordinates": [
          14.09553425,
          40.81048
        ]
      },
      "properties": {
        "event_id": "AUTO_EV_59114",
        "energia": 4,
        "lisa_cluster": "Low-High (Outlier)",
        "local_moran": -0.05107783818383483
      }
    },
    {
      "type": "Feature",
      "geometry": {
        "type": "Point",
        "coordinates": [
          14.059159333333334,
          40.78113066666666
        ]
      },
      "properties": {
        "event_id": "AUTO_EV_59115",
        "energia": 3,
        "lisa_cluster": "Low-Low (Coldspot)",
        "local_moran": 0.9332294375613778
      }
    },
    {
      "type": "Feature",
      "geometry": {
        "type": "Point",
        "coordinates": [
          14.1286115,
          40.832277500000004
        ]
      },
      "properties": {
        "event_id": "AUTO_EV_59116",
        "energia": 4,
        "lisa_cluster": "Low-High (Outlier)",
        "local_moran": -0.142733416942044
      }
    },
    {
      "type": "Feature",
      "geometry": {
        "type": "Point",
        "coordinates": [
          14.118552,
          40.8044822
        ]
      },
      "properties": {
        "event_id": "AUTO_EV_59117",
        "energia": 5,
        "lisa_cluster": "Low-High (Outlier)",
        "local_moran": -0.02813155402963467
      }
    },
    {
      "type": "Feature",
      "geometry": {
        "type": "Point",
        "coordinates": [
          14.12092325,
          40.8102485
        ]
      },
      "properties": {
        "event_id": "AUTO_EV_59118",
        "energia": 4,
        "lisa_cluster": "Low-High (Outlier)",
        "local_moran": -0.11160775036339048
      }
    },
    {
      "type": "Feature",
      "geometry": {
        "type": "Point",
        "coordinates": [
          14.06526225,
          40.78171625
        ]
      },
      "properties": {
        "event_id": "AUTO_EV_59119",
        "energia": 4,
        "lisa_cluster": "Low-Low (Coldspot)",
        "local_moran": 0.2994340119918501
      }
    },
    {
      "type": "Feature",
      "geometry": {
        "type": "Point",
        "coordinates": [
          14.14288225,
          40.80171
        ]
      },
      "properties": {
        "event_id": "AUTO_EV_59120",
        "energia": 4,
        "lisa_cluster": "Low-Low (Coldspot)",
        "local_moran": 0.29711065850056534
      }
    },
    {
      "type": "Feature",
      "geometry": {
        "type": "Point",
        "coordinates": [
          14.1644765,
          40.82207975
        ]
      },
      "properties": {
        "event_id": "AUTO_EV_59121",
        "energia": 4,
        "lisa_cluster": "Low-Low (Coldspot)",
        "local_moran": 0.2609569261924816
      }
    },
    {
      "type": "Feature",
      "geometry": {
        "type": "Point",
        "coordinates": [
          14.1224585,
          40.82644583333333
        ]
      },
      "properties": {
        "event_id": "AUTO_EV_59122",
        "energia": 6,
        "lisa_cluster": "High-High (Hotspot)",
        "local_moran": 0.18086812844524058
      }
    },
    {
      "type": "Feature",
      "geometry": {
        "type": "Point",
        "coordinates": [
          14.06694425,
          40.805111
        ]
      },
      "properties": {
        "event_id": "AUTO_EV_59123",
        "energia": 4,
        "lisa_cluster": "Low-Low (Coldspot)",
        "local_moran": 0.14442719013039607
      }
    },
    {
      "type": "Feature",
      "geometry": {
        "type": "Point",
        "coordinates": [
          14.092278499999999,
          40.809267250000005
        ]
      },
      "properties": {
        "event_id": "AUTO_EV_59124",
        "energia": 4,
        "lisa_cluster": "Low-Low (Coldspot)",
        "local_moran": 0.2739297059734609
      }
    },
    {
      "type": "Feature",
      "geometry": {
        "type": "Point",
        "coordinates": [
          14.124271333333333,
          40.790357
        ]
      },
      "properties": {
        "event_id": "AUTO_EV_59125",
        "energia": 3,
        "lisa_cluster": "Low-Low (Coldspot)",
        "local_moran": 0.9248439276999889
      }
    },
    {
      "type": "Feature",
      "geometry": {
        "type": "Point",
        "coordinates": [
          14.113346,
          40.795493
        ]
      },
      "properties": {
        "event_id": "AUTO_EV_59126",
        "energia": 4,
        "lisa_cluster": "Low-Low (Coldspot)",
        "local_moran": 0.2941452443620569
      }
    },
    {
      "type": "Feature",
      "geometry": {
        "type": "Point",
        "coordinates": [
          14.134548,
          40.8212242
        ]
      },
      "properties": {
        "event_id": "AUTO_EV_59127",
        "energia": 5,
        "lisa_cluster": "Low-High (Outlier)",
        "local_moran": -0.031154090555995818
      }
    },
    {
      "type": "Feature",
      "geometry": {
        "type": "Point",
        "coordinates": [
          14.129755800000002,
          40.816888
        ]
      },
      "properties": {
        "event_id": "AUTO_EV_59128",
        "energia": 5,
        "lisa_cluster": "Low-Low (Coldspot)",
        "local_moran": 0.010394735250353568
      }
    },
    {
      "type": "Feature",
      "geometry": {
        "type": "Point",
        "coordinates": [
          14.120628000000002,
          40.798485
        ]
      },
      "properties": {
        "event_id": "AUTO_EV_59129",
        "energia": 3,
        "lisa_cluster": "Low-Low (Coldspot)",
        "local_moran": 0.9085645174153368
      }
    },
    {
      "type": "Feature",
      "geometry": {
        "type": "Point",
        "coordinates": [
          14.1210474,
          40.826971
        ]
      },
      "properties": {
        "event_id": "AUTO_EV_59130",
        "energia": 5,
        "lisa_cluster": "Low-High (Outlier)",
        "local_moran": -0.0801551442317989
      }
    },
    {
      "type": "Feature",
      "geometry": {
        "type": "Point",
        "coordinates": [
          14.149127833333333,
          40.8247195
        ]
      },
      "properties": {
        "event_id": "AUTO_EV_59131",
        "energia": 6,
        "lisa_cluster": "High-Low (Outlier)",
        "local_moran": -0.053637693904865905
      }
    },
    {
      "type": "Feature",
      "geometry": {
        "type": "Point",
        "coordinates": [
          14.15445325,
          40.81341775
        ]
      },
      "properties": {
        "event_id": "AUTO_EV_59132",
        "energia": 4,
        "lisa_cluster": "Low-Low (Coldspot)",
        "local_moran": 0.1488669194216615
      }
    },
    {
      "type": "Feature",
      "geometry": {
        "type": "Point",
        "coordinates": [
          14.08816425,
          40.79968475
        ]
      },
      "properties": {
        "event_id": "AUTO_EV_59133",
        "energia": 4,
        "lisa_cluster": "Low-Low (Coldspot)",
        "local_moran": 0.28059455737258543
      }
    },
    {
      "type": "Feature",
      "geometry": {
        "type": "Point",
        "coordinates": [
          14.126998,
          40.7988805
        ]
      },
      "properties": {
        "event_id": "AUTO_EV_59134",
        "energia": 4,
        "lisa_cluster": "Low-Low (Coldspot)",
        "local_moran": 0.298031891142059
      }
    },
    {
      "type": "Feature",
      "geometry": {
        "type": "Point",
        "coordinates": [
          14.15138825,
          40.8100175
        ]
      },
      "properties": {
        "event_id": "AUTO_EV_59135",
        "energia": 4,
        "lisa_cluster": "Low-Low (Coldspot)",
        "local_moran": 0.18007535720115328
      }
    },
    {
      "type": "Feature",
      "geometry": {
        "type": "Point",
        "coordinates": [
          14.1012015,
          40.8188005
        ]
      },
      "properties": {
        "event_id": "AUTO_EV_59136",
        "energia": 4,
        "lisa_cluster": "Low-High (Outlier)",
        "local_moran": -0.1198868845423929
      }
    },
    {
      "type": "Feature",
      "geometry": {
        "type": "Point",
        "coordinates": [
          14.120216,
          40.8131268
        ]
      },
      "properties": {
        "event_id": "AUTO_EV_59137",
        "energia": 5,
        "lisa_cluster": "Low-High (Outlier)",
        "local_moran": -0.07886701757321621
      }
    },
    {
      "type": "Feature",
      "geometry": {
        "type": "Point",
        "coordinates": [
          14.10694225,
          40.822855000000004
        ]
      },
      "properties": {
        "event_id": "AUTO_EV_59138",
        "energia": 4,
        "lisa_cluster": "Low-Low (Coldspot)",
        "local_moran": 0.2963372203231735
      }
    },
    {
      "type": "Feature",
      "geometry": {
        "type": "Point",
        "coordinates": [
          14.109971400000001,
          40.806027799999995
        ]
      },
      "properties": {
        "event_id": "AUTO_EV_59139",
        "energia": 5,
        "lisa_cluster": "Low-High (Outlier)",
        "local_moran": -0.0322145319397547
      }
    },
    {
      "type": "Feature",
      "geometry": {
        "type": "Point",
        "coordinates": [
          14.092419000000001,
          40.812344
        ]
      },
      "properties": {
        "event_id": "AUTO_EV_59140",
        "energia": 5,
        "lisa_cluster": "Low-Low (Coldspot)",
        "local_moran": 0.016649811450417162
      }
    },
    {
      "type": "Feature",
      "geometry": {
        "type": "Point",
        "coordinates": [
          14.1211475,
          40.8178815
        ]
      },
      "properties": {
        "event_id": "AUTO_EV_59141",
        "energia": 6,
        "lisa_cluster": "High-High (Hotspot)",
        "local_moran": 0.28677950196585833
      }
    },
    {
      "type": "Feature",
      "geometry": {
        "type": "Point",
        "coordinates": [
          14.11409975,
          40.8088405
        ]
      },
      "properties": {
        "event_id": "AUTO_EV_59142",
        "energia": 8,
        "lisa_cluster": "High-High (Hotspot)",
        "local_moran": 0.46259872159023796
      }
    },
    {
      "type": "Feature",
      "geometry": {
        "type": "Point",
        "coordinates": [
          14.0848274,
          40.796398599999996
        ]
      },
      "properties": {
        "event_id": "AUTO_EV_59143",
        "energia": 5,
        "lisa_cluster": "Low-Low (Coldspot)",
        "local_moran": 0.007779717756570316
      }
    },
    {
      "type": "Feature",
      "geometry": {
        "type": "Point",
        "coordinates": [
          14.09058,
          40.817416
        ]
      },
      "properties": {
        "event_id": "AUTO_EV_59144",
        "energia": 5,
        "lisa_cluster": "Low-Low (Coldspot)",
        "local_moran": 0.012871727511375925
      }
    },
    {
      "type": "Feature",
      "geometry": {
        "type": "Point",
        "coordinates": [
          14.0994265,
          40.8121255
        ]
      },
      "properties": {
        "event_id": "AUTO_EV_59145",
        "energia": 4,
        "lisa_cluster": "Low-Low (Coldspot)",
        "local_moran": 0.27504044751370343
      }
    },
    {
      "type": "Feature",
      "geometry": {
        "type": "Point",
        "coordinates": [
          14.120705166666667,
          40.799721
        ]
      },
      "properties": {
        "event_id": "AUTO_EV_59146",
        "energia": 6,
        "lisa_cluster": "High-Low (Outlier)",
        "local_moran": -0.01796133096489189
      }
    },
    {
      "type": "Feature",
      "geometry": {
        "type": "Point",
        "coordinates": [
          14.127615,
          40.81731785714286
        ]
      },
      "properties": {
        "event_id": "AUTO_EV_59147",
        "energia": 7,
        "lisa_cluster": "High-High (Hotspot)",
        "local_moran": 0.4360004573754881
      }
    },
    {
      "type": "Feature",
      "geometry": {
        "type": "Point",
        "coordinates": [
          14.144932599999999,
          40.8122284
        ]
      },
      "properties": {
        "event_id": "AUTO_EV_59148",
        "energia": 5,
        "lisa_cluster": "Low-Low (Coldspot)",
        "local_moran": 0.022468005277716096
      }
    },
    {
      "type": "Feature",
      "geometry": {
        "type": "Point",
        "coordinates": [
          14.14150325,
          40.8259285
        ]
      },
      "properties": {
        "event_id": "AUTO_EV_59149",
        "energia": 4,
        "lisa_cluster": "Low-Low (Coldspot)",
        "local_moran": 0.060580490689415636
      }
    },
    {
      "type": "Feature",
      "geometry": {
        "type": "Point",
        "coordinates": [
          14.09056775,
          40.79169825
        ]
      },
      "properties": {
        "event_id": "AUTO_EV_59150",
        "energia": 4,
        "lisa_cluster": "Low-Low (Coldspot)",
        "local_moran": 0.29894797273398427
      }
    },
    {
      "type": "Feature",
      "geometry": {
        "type": "Point",
        "coordinates": [
          14.109192499999999,
          40.8215465
        ]
      },
      "properties": {
        "event_id": "AUTO_EV_59151",
        "energia": 4,
        "lisa_cluster": "Low-High (Outlier)",
        "local_moran": -0.2134211116771703
      }
    },
    {
      "type": "Feature",
      "geometry": {
        "type": "Point",
        "coordinates": [
          14.1163402,
          40.812544200000005
        ]
      },
      "properties": {
        "event_id": "AUTO_EV_59152",
        "energia": 5,
        "lisa_cluster": "Low-High (Outlier)",
        "local_moran": -0.08093141606760398
      }
    },
    {
      "type": "Feature",
      "geometry": {
        "type": "Point",
        "coordinates": [
          14.1045945,
          40.792966
        ]
      },
      "properties": {
        "event_id": "AUTO_EV_59153",
        "energia": 4,
        "lisa_cluster": "Low-Low (Coldspot)",
        "local_moran": 0.29426977628604767
      }
    },
    {
      "type": "Feature",
      "geometry": {
        "type": "Point",
        "coordinates": [
          14.1220124,
          40.795705399999996
        ]
      },
      "properties": {
        "event_id": "AUTO_EV_59154",
        "energia": 5,
        "lisa_cluster": "Low-Low (Coldspot)",
        "local_moran": 0.022217132966597792
      }
    },
    {
      "type": "Feature",
      "geometry": {
        "type": "Point",
        "coordinates": [
          14.1114165,
          40.79506975
        ]
      },
      "properties": {
        "event_id": "AUTO_EV_59155",
        "energia": 4,
        "lisa_cluster": "Low-Low (Coldspot)",
        "local_moran": 0.0564032310471204
      }
    },
    {
      "type": "Feature",
      "geometry": {
        "type": "Point",
        "coordinates": [
          14.0965455,
          40.808793
        ]
      },
      "properties": {
        "event_id": "AUTO_EV_59156",
        "energia": 4,
        "lisa_cluster": "Low-Low (Coldspot)",
        "local_moran": 0.2885813117110473
      }
    },
    {
      "type": "Feature",
      "geometry": {
        "type": "Point",
        "coordinates": [
          14.08091625,
          40.792882
        ]
      },
      "properties": {
        "event_id": "AUTO_EV_59157",
        "energia": 4,
        "lisa_cluster": "Low-Low (Coldspot)",
        "local_moran": 0.286911205357812
      }
    },
    {
      "type": "Feature",
      "geometry": {
        "type": "Point",
        "coordinates": [
          14.09619275,
          40.79667325
        ]
      },
      "properties": {
        "event_id": "AUTO_EV_59158",
        "energia": 4,
        "lisa_cluster": "Low-Low (Coldspot)",
        "local_moran": 0.2930326338350579
      }
    },
    {
      "type": "Feature",
      "geometry": {
        "type": "Point",
        "coordinates": [
          14.1240889,
          40.818174600000006
        ]
      },
      "properties": {
        "event_id": "AUTO_EV_59159",
        "energia": 20,
        "lisa_cluster": "High-High (Hotspot)",
        "local_moran": 37.51766150463464
      }
    },
    {
      "type": "Feature",
      "geometry": {
        "type": "Point",
        "coordinates": [
          14.1240889,
          40.818174600000006
        ]
      },
      "properties": {
        "event_id": "AUTO_EV_59160",
        "energia": 20,
        "lisa_cluster": "High-High (Hotspot)",
        "local_moran": 37.51766150463463
      }
    },
    {
      "type": "Feature",
      "geometry": {
        "type": "Point",
        "coordinates": [
          14.108584230769232,
          40.81505923076923
        ]
      },
      "properties": {
        "event_id": "AUTO_EV_59161",
        "energia": 13,
        "lisa_cluster": "High-High (Hotspot)",
        "local_moran": 1.5116946927391557
      }
    },
    {
      "type": "Feature",
      "geometry": {
        "type": "Point",
        "coordinates": [
          14.106749666666666,
          40.81638244444444
        ]
      },
      "properties": {
        "event_id": "AUTO_EV_59162",
        "energia": 9,
        "lisa_cluster": "High-High (Hotspot)",
        "local_moran": 0.6582318155580266
      }
    },
    {
      "type": "Feature",
      "geometry": {
        "type": "Point",
        "coordinates": [
          14.111158428571429,
          40.8091905
        ]
      },
      "properties": {
        "event_id": "AUTO_EV_59163",
        "energia": 14,
        "lisa_cluster": "High-High (Hotspot)",
        "local_moran": 1.5450383213886083
      }
    },
    {
      "type": "Feature",
      "geometry": {
        "type": "Point",
        "coordinates": [
          14.1322,
          40.81435042857144
        ]
      },
      "properties": {
        "event_id": "AUTO_EV_59164",
        "energia": 7,
        "lisa_cluster": "High-High (Hotspot)",
        "local_moran": 0.14604280501421196
      }
    },
    {
      "type": "Feature",
      "geometry": {
        "type": "Point",
        "coordinates": [
          14.094203,
          40.808752125
        ]
      },
      "properties": {
        "event_id": "AUTO_EV_59165",
        "energia": 8,
        "lisa_cluster": "High-High (Hotspot)",
        "local_moran": 0.07220107819329076
      }
    },
    {
      "type": "Feature",
      "geometry": {
        "type": "Point",
        "coordinates": [
          14.127880857142857,
          40.81517042857143
        ]
      },
      "properties": {
        "event_id": "AUTO_EV_59166",
        "energia": 7,
        "lisa_cluster": "High-High (Hotspot)",
        "local_moran": 0.34831132669639886
      }
    },
    {
      "type": "Feature",
      "geometry": {
        "type": "Point",
        "coordinates": [
          14.100468428571428,
          40.80717828571429
        ]
      },
      "properties": {
        "event_id": "AUTO_EV_59167",
        "energia": 7,
        "lisa_cluster": "High-High (Hotspot)",
        "local_moran": 0.12484767914895419
      }
    },
    {
      "type": "Feature",
      "geometry": {
        "type": "Point",
        "coordinates": [
          14.105363800000001,
          40.7981834
        ]
      },
      "properties": {
        "event_id": "AUTO_EV_59168",
        "energia": 5,
        "lisa_cluster": "Low-High (Outlier)",
        "local_moran": -0.009852447150733162
      }
    },
    {
      "type": "Feature",
      "geometry": {
        "type": "Point",
        "coordinates": [
          14.113667428571429,
          40.81048885714286
        ]
      },
      "properties": {
        "event_id": "AUTO_EV_59169",
        "energia": 7,
        "lisa_cluster": "High-High (Hotspot)",
        "local_moran": 0.34068126044081165
      }
    },
    {
      "type": "Feature",
      "geometry": {
        "type": "Point",
        "coordinates": [
          14.14116325,
          40.8128655
        ]
      },
      "properties": {
        "event_id": "AUTO_EV_59170",
        "energia": 4,
        "lisa_cluster": "Low-Low (Coldspot)",
        "local_moran": 0.08741666209930123
      }
    },
    {
      "type": "Feature",
      "geometry": {
        "type": "Point",
        "coordinates": [
          14.088340800000001,
          40.7953786
        ]
      },
      "properties": {
        "event_id": "AUTO_EV_59171",
        "energia": 5,
        "lisa_cluster": "Low-Low (Coldspot)",
        "local_moran": 0.015772226508943592
      }
    },
    {
      "type": "Feature",
      "geometry": {
        "type": "Point",
        "coordinates": [
          14.037434000000001,
          40.7878665
        ]
      },
      "properties": {
        "event_id": "AUTO_EV_59172",
        "energia": 4,
        "lisa_cluster": "Low-Low (Coldspot)",
        "local_moran": 0.30178127470280486
      }
    },
    {
      "type": "Feature",
      "geometry": {
        "type": "Point",
        "coordinates": [
          14.1500696,
          40.8112278
        ]
      },
      "properties": {
        "event_id": "AUTO_EV_59173",
        "energia": 5,
        "lisa_cluster": "Low-Low (Coldspot)",
        "local_moran": 0.03872935169934262
      }
    },
    {
      "type": "Feature",
      "geometry": {
        "type": "Point",
        "coordinates": [
          14.134146,
          40.80173875
        ]
      },
      "properties": {
        "event_id": "AUTO_EV_59174",
        "energia": 4,
        "lisa_cluster": "Low-Low (Coldspot)",
        "local_moran": 0.3002229726780706
      }
    },
    {
      "type": "Feature",
      "geometry": {
        "type": "Point",
        "coordinates": [
          14.11773775,
          40.794218
        ]
      },
      "properties": {
        "event_id": "AUTO_EV_59175",
        "energia": 4,
        "lisa_cluster": "Low-Low (Coldspot)",
        "local_moran": 0.2919699905235291
      }
    },
    {
      "type": "Feature",
      "geometry": {
        "type": "Point",
        "coordinates": [
          14.1297135,
          40.810301
        ]
      },
      "properties": {
        "event_id": "AUTO_EV_59176",
        "energia": 6,
        "lisa_cluster": "High-High (Hotspot)",
        "local_moran": 0.07063667179004766
      }
    },
    {
      "type": "Feature",
      "geometry": {
        "type": "Point",
        "coordinates": [
          14.127663166666666,
          40.810039333333336
        ]
      },
      "properties": {
        "event_id": "AUTO_EV_59177",
        "energia": 6,
        "lisa_cluster": "High-High (Hotspot)",
        "local_moran": 0.07621010021800571
      }
    },
    {
      "type": "Feature",
      "geometry": {
        "type": "Point",
        "coordinates": [
          14.114611700000001,
          40.802360900000004
        ]
      },
      "properties": {
        "event_id": "AUTO_EV_59178",
        "energia": 10,
        "lisa_cluster": "High-High (Hotspot)",
        "local_moran": 0.2087216061694274
      }
    },
    {
      "type": "Feature",
      "geometry": {
        "type": "Point",
        "coordinates": [
          14.099919833333333,
          40.795708166666664
        ]
      },
      "properties": {
        "event_id": "AUTO_EV_59179",
        "energia": 6,
        "lisa_cluster": "High-Low (Outlier)",
        "local_moran": -0.009378531237238752
      }
    },
    {
      "type": "Feature",
      "geometry": {
        "type": "Point",
        "coordinates": [
          14.0999442,
          40.807563200000004
        ]
      },
      "properties": {
        "event_id": "AUTO_EV_59180",
        "energia": 5,
        "lisa_cluster": "Low-Low (Coldspot)",
        "local_moran": 0.013353028742817023
      }
    },
    {
      "type": "Feature",
      "geometry": {
        "type": "Point",
        "coordinates": [
          14.113346,
          40.795493
        ]
      },
      "properties": {
        "event_id": "AUTO_EV_59181",
        "energia": 4,
        "lisa_cluster": "Low-Low (Coldspot)",
        "local_moran": 0.294145244362057
      }
    },
    {
      "type": "Feature",
      "geometry": {
        "type": "Point",
        "coordinates": [
          14.028753666666667,
          40.79077433333333
        ]
      },
      "properties": {
        "event_id": "AUTO_EV_59182",
        "energia": 3,
        "lisa_cluster": "Low-Low (Coldspot)",
        "local_moran": 0.9355469933354114
      }
    },
    {
      "type": "Feature",
      "geometry": {
        "type": "Point",
        "coordinates": [
          14.057484399999998,
          40.7955942
        ]
      },
      "properties": {
        "event_id": "AUTO_EV_59183",
        "energia": 5,
        "lisa_cluster": "Low-Low (Coldspot)",
        "local_moran": 0.06286143298515685
      }
    },
    {
      "type": "Feature",
      "geometry": {
        "type": "Point",
        "coordinates": [
          14.1416395,
          40.804248
        ]
      },
      "properties": {
        "event_id": "AUTO_EV_59184",
        "energia": 4,
        "lisa_cluster": "Low-Low (Coldspot)",
        "local_moran": 0.29292685009358943
      }
    },
    {
      "type": "Feature",
      "geometry": {
        "type": "Point",
        "coordinates": [
          14.173743,
          40.82411566666667
        ]
      },
      "properties": {
        "event_id": "AUTO_EV_59185",
        "energia": 3,
        "lisa_cluster": "Low-Low (Coldspot)",
        "local_moran": 0.5011348022884088
      }
    },
    {
      "type": "Feature",
      "geometry": {
        "type": "Point",
        "coordinates": [
          14.130479333333334,
          40.80370033333333
        ]
      },
      "properties": {
        "event_id": "AUTO_EV_59186",
        "energia": 3,
        "lisa_cluster": "Low-Low (Coldspot)",
        "local_moran": 0.10674384272050952
      }
    },
    {
      "type": "Feature",
      "geometry": {
        "type": "Point",
        "coordinates": [
          14.101928333333333,
          40.792585
        ]
      },
      "properties": {
        "event_id": "AUTO_EV_59187",
        "energia": 3,
        "lisa_cluster": "Low-Low (Coldspot)",
        "local_moran": 0.11848911229357423
      }
    },
    {
      "type": "Feature",
      "geometry": {
        "type": "Point",
        "coordinates": [
          14.1670525,
          40.825392750000006
        ]
      },
      "properties": {
        "event_id": "AUTO_EV_59188",
        "energia": 4,
        "lisa_cluster": "Low-Low (Coldspot)",
        "local_moran": 0.25763633264122643
      }
    },
    {
      "type": "Feature",
      "geometry": {
        "type": "Point",
        "coordinates": [
          14.099561666666666,
          40.783685
        ]
      },
      "properties": {
        "event_id": "AUTO_EV_59189",
        "energia": 3,
        "lisa_cluster": "Low-Low (Coldspot)",
        "local_moran": 0.21896691356658152
      }
    },
    {
      "type": "Feature",
      "geometry": {
        "type": "Point",
        "coordinates": [
          14.1339044,
          40.8227216
        ]
      },
      "properties": {
        "event_id": "AUTO_EV_59190",
        "energia": 5,
        "lisa_cluster": "Low-High (Outlier)",
        "local_moran": -0.03590769903007208
      }
    },
    {
      "type": "Feature",
      "geometry": {
        "type": "Point",
        "coordinates": [
          14.109297250000001,
          40.8032565
        ]
      },
      "properties": {
        "event_id": "AUTO_EV_59191",
        "energia": 4,
        "lisa_cluster": "Low-High (Outlier)",
        "local_moran": -0.08296302779898472
      }
    },
    {
      "type": "Feature",
      "geometry": {
        "type": "Point",
        "coordinates": [
          14.090291,
          40.80666225
        ]
      },
      "properties": {
        "event_id": "AUTO_EV_59192",
        "energia": 4,
        "lisa_cluster": "Low-High (Outlier)",
        "local_moran": -0.005212606336378413
      }
    },
    {
      "type": "Feature",
      "geometry": {
        "type": "Point",
        "coordinates": [
          14.11546525,
          40.78730625
        ]
      },
      "properties": {
        "event_id": "AUTO_EV_59193",
        "energia": 4,
        "lisa_cluster": "Low-Low (Coldspot)",
        "local_moran": 0.30113470638941514
      }
    },
    {
      "type": "Feature",
      "geometry": {
        "type": "Point",
        "coordinates": [
          14.11309525,
          40.7994295
        ]
      },
      "properties": {
        "event_id": "AUTO_EV_59194",
        "energia": 4,
        "lisa_cluster": "Low-High (Outlier)",
        "local_moran": -0.04642734737855432
      }
    },
    {
      "type": "Feature",
      "geometry": {
        "type": "Point",
        "coordinates": [
          14.148163333333335,
          40.79424133333333
        ]
      },
      "properties": {
        "event_id": "AUTO_EV_59195",
        "energia": 3,
        "lisa_cluster": "Low-Low (Coldspot)",
        "local_moran": 0.4106748701337129
      }
    },
    {
      "type": "Feature",
      "geometry": {
        "type": "Point",
        "coordinates": [
          14.1597925,
          40.8222605
        ]
      },
      "properties": {
        "event_id": "AUTO_EV_59196",
        "energia": 4,
        "lisa_cluster": "Low-Low (Coldspot)",
        "local_moran": 0.2994673155749651
      }
    },
    {
      "type": "Feature",
      "geometry": {
        "type": "Point",
        "coordinates": [
          14.1539115,
          40.81299275
        ]
      },
      "properties": {
        "event_id": "AUTO_EV_59197",
        "energia": 4,
        "lisa_cluster": "Low-Low (Coldspot)",
        "local_moran": 0.29927156489769796
      }
    },
    {
      "type": "Feature",
      "geometry": {
        "type": "Point",
        "coordinates": [
          14.1500615,
          40.81469275
        ]
      },
      "properties": {
        "event_id": "AUTO_EV_59198",
        "energia": 4,
        "lisa_cluster": "Low-Low (Coldspot)",
        "local_moran": 0.2991284133128883
      }
    },
    {
      "type": "Feature",
      "geometry": {
        "type": "Point",
        "coordinates": [
          14.075837400000001,
          40.7826498
        ]
      },
      "properties": {
        "event_id": "AUTO_EV_59199",
        "energia": 5,
        "lisa_cluster": "Low-Low (Coldspot)",
        "local_moran": 0.039759070088912295
      }
    },
    {
      "type": "Feature",
      "geometry": {
        "type": "Point",
        "coordinates": [
          14.1500615,
          40.81469275
        ]
      },
      "properties": {
        "event_id": "AUTO_EV_59200",
        "energia": 4,
        "lisa_cluster": "Low-Low (Coldspot)",
        "local_moran": 0.2991284133128882
      }
    },
    {
      "type": "Feature",
      "geometry": {
        "type": "Point",
        "coordinates": [
          14.099687800000002,
          40.7910986
        ]
      },
      "properties": {
        "event_id": "AUTO_EV_59201",
        "energia": 5,
        "lisa_cluster": "Low-Low (Coldspot)",
        "local_moran": 0.017470712598621412
      }
    },
    {
      "type": "Feature",
      "geometry": {
        "type": "Point",
        "coordinates": [
          14.0994265,
          40.8121255
        ]
      },
      "properties": {
        "event_id": "AUTO_EV_59202",
        "energia": 4,
        "lisa_cluster": "Low-Low (Coldspot)",
        "local_moran": 0.2750404475137033
      }
    },
    {
      "type": "Feature",
      "geometry": {
        "type": "Point",
        "coordinates": [
          14.1410202,
          40.8119304
        ]
      },
      "properties": {
        "event_id": "AUTO_EV_59203",
        "energia": 5,
        "lisa_cluster": "Low-Low (Coldspot)",
        "local_moran": 0.01755048205355273
      }
    },
    {
      "type": "Feature",
      "geometry": {
        "type": "Point",
        "coordinates": [
          14.16696925,
          40.819293
        ]
      },
      "properties": {
        "event_id": "AUTO_EV_59204",
        "energia": 4,
        "lisa_cluster": "Low-Low (Coldspot)",
        "local_moran": 0.30133694841882436
      }
    },
    {
      "type": "Feature",
      "geometry": {
        "type": "Point",
        "coordinates": [
          14.140528399999999,
          40.817017799999995
        ]
      },
      "properties": {
        "event_id": "AUTO_EV_59205",
        "energia": 5,
        "lisa_cluster": "Low-Low (Coldspot)",
        "local_moran": 0.00511477811145249
      }
    },
    {
      "type": "Feature",
      "geometry": {
        "type": "Point",
        "coordinates": [
          14.092541399999998,
          40.8105642
        ]
      },
      "properties": {
        "event_id": "AUTO_EV_59206",
        "energia": 5,
        "lisa_cluster": "Low-High (Outlier)",
        "local_moran": -0.008573234443761806
      }
    },
    {
      "type": "Feature",
      "geometry": {
        "type": "Point",
        "coordinates": [
          14.115856749999999,
          40.80540675
        ]
      },
      "properties": {
        "event_id": "AUTO_EV_59207",
        "energia": 4,
        "lisa_cluster": "Low-Low (Coldspot)",
        "local_moran": 0.29633796208590735
      }
    },
    {
      "type": "Feature",
      "geometry": {
        "type": "Point",
        "coordinates": [
          14.13557375,
          40.80504875
        ]
      },
      "properties": {
        "event_id": "AUTO_EV_59208",
        "energia": 4,
        "lisa_cluster": "Low-Low (Coldspot)",
        "local_moran": 0.09852149746218249
      }
    },
    {
      "type": "Feature",
      "geometry": {
        "type": "Point",
        "coordinates": [
          14.14663475,
          40.80069725
        ]
      },
      "properties": {
        "event_id": "AUTO_EV_59209",
        "energia": 4,
        "lisa_cluster": "Low-Low (Coldspot)",
        "local_moran": 0.29936992160039855
      }
    },
    {
      "type": "Feature",
      "geometry": {
        "type": "Point",
        "coordinates": [
          14.107182,
          40.81358925
        ]
      },
      "properties": {
        "event_id": "AUTO_EV_59210",
        "energia": 4,
        "lisa_cluster": "Low-High (Outlier)",
        "local_moran": -0.24030659000603563
      }
    },
    {
      "type": "Feature",
      "geometry": {
        "type": "Point",
        "coordinates": [
          14.1396675,
          40.81551283333334
        ]
      },
      "properties": {
        "event_id": "AUTO_EV_59211",
        "energia": 6,
        "lisa_cluster": "High-Low (Outlier)",
        "local_moran": -0.020532757492758687
      }
    },
    {
      "type": "Feature",
      "geometry": {
        "type": "Point",
        "coordinates": [
          14.10694225,
          40.822855000000004
        ]
      },
      "properties": {
        "event_id": "AUTO_EV_59212",
        "energia": 4,
        "lisa_cluster": "Low-Low (Coldspot)",
        "local_moran": 0.29633722032317356
      }
    },
    {
      "type": "Feature",
      "geometry": {
        "type": "Point",
        "coordinates": [
          14.101193,
          40.791819000000004
        ]
      },
      "properties": {
        "event_id": "AUTO_EV_59213",
        "energia": 4,
        "lisa_cluster": "Low-Low (Coldspot)",
        "local_moran": 0.2988423199336474
      }
    },
    {
      "type": "Feature",
      "geometry": {
        "type": "Point",
        "coordinates": [
          14.139952,
          40.801024999999996
        ]
      },
      "properties": {
        "event_id": "AUTO_EV_59214",
        "energia": 5,
        "lisa_cluster": "Low-Low (Coldspot)",
        "local_moran": 0.01758347359649274
      }
    },
    {
      "type": "Feature",
      "geometry": {
        "type": "Point",
        "coordinates": [
          14.1436768,
          40.809031
        ]
      },
      "properties": {
        "event_id": "AUTO_EV_59215",
        "energia": 5,
        "lisa_cluster": "Low-Low (Coldspot)",
        "local_moran": 0.01782191022161966
      }
    },
    {
      "type": "Feature",
      "geometry": {
        "type": "Point",
        "coordinates": [
          14.148731375,
          40.81755125
        ]
      },
      "properties": {
        "event_id": "AUTO_EV_59216",
        "energia": 8,
        "lisa_cluster": "High-Low (Outlier)",
        "local_moran": -0.24841847112753968
      }
    },
    {
      "type": "Feature",
      "geometry": {
        "type": "Point",
        "coordinates": [
          14.064616000000001,
          40.7816356
        ]
      },
      "properties": {
        "event_id": "AUTO_EV_59217",
        "energia": 5,
        "lisa_cluster": "Low-Low (Coldspot)",
        "local_moran": 0.01757136889526191
      }
    },
    {
      "type": "Feature",
      "geometry": {
        "type": "Point",
        "coordinates": [
          14.1372894,
          40.8232286
        ]
      },
      "properties": {
        "event_id": "AUTO_EV_59218",
        "energia": 5,
        "lisa_cluster": "Low-High (Outlier)",
        "local_moran": -0.017457620704251935
      }
    },
    {
      "type": "Feature",
      "geometry": {
        "type": "Point",
        "coordinates": [
          14.131948166666666,
          40.8105405
        ]
      },
      "properties": {
        "event_id": "AUTO_EV_59219",
        "energia": 6,
        "lisa_cluster": "High-High (Hotspot)",
        "local_moran": 0.042602475442133116
      }
    },
    {
      "type": "Feature",
      "geometry": {
        "type": "Point",
        "coordinates": [
          14.114023,
          40.793429200000006
        ]
      },
      "properties": {
        "event_id": "AUTO_EV_59220",
        "energia": 5,
        "lisa_cluster": "Low-Low (Coldspot)",
        "local_moran": 0.021908171103514444
      }
    },
    {
      "type": "Feature",
      "geometry": {
        "type": "Point",
        "coordinates": [
          14.1223505,
          40.8158545
        ]
      },
      "properties": {
        "event_id": "AUTO_EV_59221",
        "energia": 4,
        "lisa_cluster": "Low-High (Outlier)",
        "local_moran": -0.5307165957555773
      }
    },
    {
      "type": "Feature",
      "geometry": {
        "type": "Point",
        "coordinates": [
          14.15133575,
          40.80637525
        ]
      },
      "properties": {
        "event_id": "AUTO_EV_59222",
        "energia": 4,
        "lisa_cluster": "Low-Low (Coldspot)",
        "local_moran": 0.29772810147707096
      }
    },
    {
      "type": "Feature",
      "geometry": {
        "type": "Point",
        "coordinates": [
          14.070754666666666,
          40.79891366666667
        ]
      },
      "properties": {
        "event_id": "AUTO_EV_59223",
        "energia": 3,
        "lisa_cluster": "Low-Low (Coldspot)",
        "local_moran": 0.18719467022722358
      }
    },
    {
      "type": "Feature",
      "geometry": {
        "type": "Point",
        "coordinates": [
          14.09513825,
          40.80403275
        ]
      },
      "properties": {
        "event_id": "AUTO_EV_59224",
        "energia": 4,
        "lisa_cluster": "Low-High (Outlier)",
        "local_moran": -0.04135259589478976
      }
    },
    {
      "type": "Feature",
      "geometry": {
        "type": "Point",
        "coordinates": [
          14.069642666666667,
          40.796888
        ]
      },
      "properties": {
        "event_id": "AUTO_EV_59225",
        "energia": 3,
        "lisa_cluster": "Low-Low (Coldspot)",
        "local_moran": 0.3034898131088116
      }
    },
    {
      "type": "Feature",
      "geometry": {
        "type": "Point",
        "coordinates": [
          14.1597925,
          40.8222605
        ]
      },
      "properties": {
        "event_id": "AUTO_EV_59226",
        "energia": 4,
        "lisa_cluster": "Low-Low (Coldspot)",
        "local_moran": 0.29946731557496514
      }
    },
    {
      "type": "Feature",
      "geometry": {
        "type": "Point",
        "coordinates": [
          14.129042799999999,
          40.802380400000004
        ]
      },
      "properties": {
        "event_id": "AUTO_EV_59227",
        "energia": 5,
        "lisa_cluster": "Low-Low (Coldspot)",
        "local_moran": 0.017954609106395233
      }
    },
    {
      "type": "Feature",
      "geometry": {
        "type": "Point",
        "coordinates": [
          14.09995975,
          40.785569
        ]
      },
      "properties": {
        "event_id": "AUTO_EV_59228",
        "energia": 4,
        "lisa_cluster": "Low-Low (Coldspot)",
        "local_moran": 0.2998837782574682
      }
    },
    {
      "type": "Feature",
      "geometry": {
        "type": "Point",
        "coordinates": [
          14.1179606,
          40.8067458
        ]
      },
      "properties": {
        "event_id": "AUTO_EV_59229",
        "energia": 5,
        "lisa_cluster": "Low-High (Outlier)",
        "local_moran": -0.03435161229644138
      }
    },
    {
      "type": "Feature",
      "geometry": {
        "type": "Point",
        "coordinates": [
          14.110614,
          40.832618
        ]
      },
      "properties": {
        "event_id": "AUTO_EV_59230",
        "energia": 4,
        "lisa_cluster": "Low-Low (Coldspot)",
        "local_moran": 0.2999113067849487
      }
    },
    {
      "type": "Feature",
      "geometry": {
        "type": "Point",
        "coordinates": [
          14.122738,
          40.78936375
        ]
      },
      "properties": {
        "event_id": "AUTO_EV_59231",
        "energia": 4,
        "lisa_cluster": "Low-Low (Coldspot)",
        "local_moran": 0.18489499022715816
      }
    },
    {
      "type": "Feature",
      "geometry": {
        "type": "Point",
        "coordinates": [
          14.05850825,
          40.782506
        ]
      },
      "properties": {
        "event_id": "AUTO_EV_59232",
        "energia": 4,
        "lisa_cluster": "Low-Low (Coldspot)",
        "local_moran": 0.3015735685464096
      }
    },
    {
      "type": "Feature",
      "geometry": {
        "type": "Point",
        "coordinates": [
          14.08862725,
          40.813494500000004
        ]
      },
      "properties": {
        "event_id": "AUTO_EV_59233",
        "energia": 4,
        "lisa_cluster": "Low-Low (Coldspot)",
        "local_moran": 0.29619541756075085
      }
    },
    {
      "type": "Feature",
      "geometry": {
        "type": "Point",
        "coordinates": [
          14.10444875,
          40.79303175
        ]
      },
      "properties": {
        "event_id": "AUTO_EV_59234",
        "energia": 4,
        "lisa_cluster": "Low-Low (Coldspot)",
        "local_moran": 0.10803185301605962
      }
    },
    {
      "type": "Feature",
      "geometry": {
        "type": "Point",
        "coordinates": [
          14.10868,
          40.80837425
        ]
      },
      "properties": {
        "event_id": "AUTO_EV_59235",
        "energia": 4,
        "lisa_cluster": "Low-Low (Coldspot)",
        "local_moran": 0.25510346285107066
      }
    },
    {
      "type": "Feature",
      "geometry": {
        "type": "Point",
        "coordinates": [
          14.10166375,
          40.79472425
        ]
      },
      "properties": {
        "event_id": "AUTO_EV_59236",
        "energia": 4,
        "lisa_cluster": "Low-Low (Coldspot)",
        "local_moran": 0.036300826194760105
      }
    },
    {
      "type": "Feature",
      "geometry": {
        "type": "Point",
        "coordinates": [
          14.09104525,
          40.803017249999996
        ]
      },
      "properties": {
        "event_id": "AUTO_EV_59237",
        "energia": 4,
        "lisa_cluster": "Low-High (Outlier)",
        "local_moran": -0.0318629229728656
      }
    },
    {
      "type": "Feature",
      "geometry": {
        "type": "Point",
        "coordinates": [
          14.0994485,
          40.797886
        ]
      },
      "properties": {
        "event_id": "AUTO_EV_59238",
        "energia": 4,
        "lisa_cluster": "Low-Low (Coldspot)",
        "local_moran": 0.28661101598759675
      }
    },
    {
      "type": "Feature",
      "geometry": {
        "type": "Point",
        "coordinates": [
          14.0776605,
          40.79166925
        ]
      },
      "properties": {
        "event_id": "AUTO_EV_59239",
        "energia": 4,
        "lisa_cluster": "Low-Low (Coldspot)",
        "local_moran": 0.2973387931389316
      }
    },
    {
      "type": "Feature",
      "geometry": {
        "type": "Point",
        "coordinates": [
          14.149251249999999,
          40.8200025
        ]
      },
      "properties": {
        "event_id": "AUTO_EV_59240",
        "energia": 4,
        "lisa_cluster": "Low-Low (Coldspot)",
        "local_moran": 0.09295448626034082
      }
    },
    {
      "type": "Feature",
      "geometry": {
        "type": "Point",
        "coordinates": [
          14.072731833333334,
          40.7984245
        ]
      },
      "properties": {
        "event_id": "AUTO_EV_59241",
        "energia": 6,
        "lisa_cluster": "High-Low (Outlier)",
        "local_moran": -0.0598892085770333
      }
    },
    {
      "type": "Feature",
      "geometry": {
        "type": "Point",
        "coordinates": [
          14.1124135,
          40.80634225
        ]
      },
      "properties": {
        "event_id": "AUTO_EV_59242",
        "energia": 4,
        "lisa_cluster": "Low-High (Outlier)",
        "local_moran": -0.14438822917458036
      }
    },
    {
      "type": "Feature",
      "geometry": {
        "type": "Point",
        "coordinates": [
          14.15603075,
          40.804806
        ]
      },
      "properties": {
        "event_id": "AUTO_EV_59243",
        "energia": 4,
        "lisa_cluster": "Low-Low (Coldspot)",
        "local_moran": 0.20985449966830405
      }
    },
    {
      "type": "Feature",
      "geometry": {
        "type": "Point",
        "coordinates": [
          14.1561464,
          40.8190834
        ]
      },
      "properties": {
        "event_id": "AUTO_EV_59244",
        "energia": 5,
        "lisa_cluster": "Low-Low (Coldspot)",
        "local_moran": 0.04124248067280346
      }
    },
    {
      "type": "Feature",
      "geometry": {
        "type": "Point",
        "coordinates": [
          14.132439666666665,
          40.81415533333333
        ]
      },
      "properties": {
        "event_id": "AUTO_EV_59245",
        "energia": 3,
        "lisa_cluster": "Low-High (Outlier)",
        "local_moran": -0.2328503775144242
      }
    },
    {
      "type": "Feature",
      "geometry": {
        "type": "Point",
        "coordinates": [
          14.1241898,
          40.7983032
        ]
      },
      "properties": {
        "event_id": "AUTO_EV_59246",
        "energia": 5,
        "lisa_cluster": "Low-Low (Coldspot)",
        "local_moran": 0.017315213925172893
      }
    },
    {
      "type": "Feature",
      "geometry": {
        "type": "Point",
        "coordinates": [
          14.17604525,
          40.83536375
        ]
      },
      "properties": {
        "event_id": "AUTO_EV_59247",
        "energia": 4,
        "lisa_cluster": "Low-Low (Coldspot)",
        "local_moran": 0.3416241191092608
      }
    },
    {
      "type": "Feature",
      "geometry": {
        "type": "Point",
        "coordinates": [
          14.13757975,
          40.834231
        ]
      },
      "properties": {
        "event_id": "AUTO_EV_59248",
        "energia": 4,
        "lisa_cluster": "Low-Low (Coldspot)",
        "local_moran": 0.14711965454098447
      }
    },
    {
      "type": "Feature",
      "geometry": {
        "type": "Point",
        "coordinates": [
          14.092687,
          40.7835115
        ]
      },
      "properties": {
        "event_id": "AUTO_EV_59249",
        "energia": 4,
        "lisa_cluster": "Low-Low (Coldspot)",
        "local_moran": 0.30083842802903327
      }
    },
    {
      "type": "Feature",
      "geometry": {
        "type": "Point",
        "coordinates": [
          14.1359885,
          40.7998415
        ]
      },
      "properties": {
        "event_id": "AUTO_EV_59250",
        "energia": 4,
        "lisa_cluster": "Low-Low (Coldspot)",
        "local_moran": 0.14395014081738525
      }
    },
    {
      "type": "Feature",
      "geometry": {
        "type": "Point",
        "coordinates": [
          14.0910855,
          40.819004750000005
        ]
      },
      "properties": {
        "event_id": "AUTO_EV_59251",
        "energia": 4,
        "lisa_cluster": "Low-Low (Coldspot)",
        "local_moran": 0.054555049278989215
      }
    },
    {
      "type": "Feature",
      "geometry": {
        "type": "Point",
        "coordinates": [
          14.162098,
          40.819601
        ]
      },
      "properties": {
        "event_id": "AUTO_EV_59252",
        "energia": 4,
        "lisa_cluster": "Low-Low (Coldspot)",
        "local_moran": 0.2322464499179645
      }
    },
    {
      "type": "Feature",
      "geometry": {
        "type": "Point",
        "coordinates": [
          14.146107599999999,
          40.8204962
        ]
      },
      "properties": {
        "event_id": "AUTO_EV_59253",
        "energia": 5,
        "lisa_cluster": "Low-Low (Coldspot)",
        "local_moran": 0.015994470038743554
      }
    },
    {
      "type": "Feature",
      "geometry": {
        "type": "Point",
        "coordinates": [
          14.126998,
          40.7988805
        ]
      },
      "properties": {
        "event_id": "AUTO_EV_59254",
        "energia": 4,
        "lisa_cluster": "Low-Low (Coldspot)",
        "local_moran": 0.298031891142059
      }
    },
    {
      "type": "Feature",
      "geometry": {
        "type": "Point",
        "coordinates": [
          14.08125525,
          40.806579
        ]
      },
      "properties": {
        "event_id": "AUTO_EV_59255",
        "energia": 4,
        "lisa_cluster": "Low-Low (Coldspot)",
        "local_moran": 0.05248426237657464
      }
    },
    {
      "type": "Feature",
      "geometry": {
        "type": "Point",
        "coordinates": [
          14.1537944,
          40.8192338
        ]
      },
      "properties": {
        "event_id": "AUTO_EV_59256",
        "energia": 5,
        "lisa_cluster": "Low-Low (Coldspot)",
        "local_moran": 0.034392063541422456
      }
    },
    {
      "type": "Feature",
      "geometry": {
        "type": "Point",
        "coordinates": [
          14.122022333333334,
          40.80968266666667
        ]
      },
      "properties": {
        "event_id": "AUTO_EV_59257",
        "energia": 3,
        "lisa_cluster": "Low-High (Outlier)",
        "local_moran": -0.3413274944952376
      }
    },
    {
      "type": "Feature",
      "geometry": {
        "type": "Point",
        "coordinates": [
          14.122730833333334,
          40.80927533333333
        ]
      },
      "properties": {
        "event_id": "AUTO_EV_59258",
        "energia": 6,
        "lisa_cluster": "High-High (Hotspot)",
        "local_moran": 0.11022210582217733
      }
    },
    {
      "type": "Feature",
      "geometry": {
        "type": "Point",
        "coordinates": [
          14.10503275,
          40.83003425
        ]
      },
      "properties": {
        "event_id": "AUTO_EV_59259",
        "energia": 4,
        "lisa_cluster": "Low-Low (Coldspot)",
        "local_moran": 0.1372448491197453
      }
    },
    {
      "type": "Feature",
      "geometry": {
        "type": "Point",
        "coordinates": [
          14.149178999999998,
          40.80960033333333
        ]
      },
      "properties": {
        "event_id": "AUTO_EV_59260",
        "energia": 3,
        "lisa_cluster": "Low-Low (Coldspot)",
        "local_moran": 0.2571529153195442
      }
    },
    {
      "type": "Feature",
      "geometry": {
        "type": "Point",
        "coordinates": [
          14.098312,
          40.788486500000005
        ]
      },
      "properties": {
        "event_id": "AUTO_EV_59261",
        "energia": 4,
        "lisa_cluster": "Low-Low (Coldspot)",
        "local_moran": 0.09868174714834034
      }
    },
    {
      "type": "Feature",
      "geometry": {
        "type": "Point",
        "coordinates": [
          14.0888902,
          40.8071914
        ]
      },
      "properties": {
        "event_id": "AUTO_EV_59262",
        "energia": 5,
        "lisa_cluster": "Low-Low (Coldspot)",
        "local_moran": 0.004324497227283059
      }
    },
    {
      "type": "Feature",
      "geometry": {
        "type": "Point",
        "coordinates": [
          14.144444499999999,
          40.825707333333334
        ]
      },
      "properties": {
        "event_id": "AUTO_EV_59263",
        "energia": 6,
        "lisa_cluster": "High-Low (Outlier)",
        "local_moran": -0.032911527297283284
      }
    },
    {
      "type": "Feature",
      "geometry": {
        "type": "Point",
        "coordinates": [
          14.1425035,
          40.80061775
        ]
      },
      "properties": {
        "event_id": "AUTO_EV_59264",
        "energia": 4,
        "lisa_cluster": "Low-Low (Coldspot)",
        "local_moran": 0.2976906164655803
      }
    },
    {
      "type": "Feature",
      "geometry": {
        "type": "Point",
        "coordinates": [
          14.115856749999999,
          40.80540675
        ]
      },
      "properties": {
        "event_id": "AUTO_EV_59265",
        "energia": 4,
        "lisa_cluster": "Low-Low (Coldspot)",
        "local_moran": 0.2963379620859073
      }
    },
    {
      "type": "Feature",
      "geometry": {
        "type": "Point",
        "coordinates": [
          14.091797,
          40.78771025
        ]
      },
      "properties": {
        "event_id": "AUTO_EV_59266",
        "energia": 4,
        "lisa_cluster": "Low-Low (Coldspot)",
        "local_moran": 0.2925834304844457
      }
    },
    {
      "type": "Feature",
      "geometry": {
        "type": "Point",
        "coordinates": [
          14.074204666666667,
          40.795778500000004
        ]
      },
      "properties": {
        "event_id": "AUTO_EV_59267",
        "energia": 6,
        "lisa_cluster": "High-Low (Outlier)",
        "local_moran": -0.06264124962977628
      }
    },
    {
      "type": "Feature",
      "geometry": {
        "type": "Point",
        "coordinates": [
          14.12745925,
          40.81484175
        ]
      },
      "properties": {
        "event_id": "AUTO_EV_59268",
        "energia": 4,
        "lisa_cluster": "Low-High (Outlier)",
        "local_moran": -0.27893707677970686
      }
    },
    {
      "type": "Feature",
      "geometry": {
        "type": "Point",
        "coordinates": [
          14.108343666666668,
          40.824803333333335
        ]
      },
      "properties": {
        "event_id": "AUTO_EV_59269",
        "energia": 3,
        "lisa_cluster": "Low-Low (Coldspot)",
        "local_moran": 0.9021153737040141
      }
    },
    {
      "type": "Feature",
      "geometry": {
        "type": "Point",
        "coordinates": [
          14.0606275,
          40.774319250000005
        ]
      },
      "properties": {
        "event_id": "AUTO_EV_59270",
        "energia": 4,
        "lisa_cluster": "Low-Low (Coldspot)",
        "local_moran": 0.3015964528214168
      }
    },
    {
      "type": "Feature",
      "geometry": {
        "type": "Point",
        "coordinates": [
          14.112456,
          40.79969175
        ]
      },
      "properties": {
        "event_id": "AUTO_EV_59271",
        "energia": 4,
        "lisa_cluster": "Low-High (Outlier)",
        "local_moran": -0.020966884667410982
      }
    },
    {
      "type": "Feature",
      "geometry": {
        "type": "Point",
        "coordinates": [
          14.1342055,
          40.81200716666667
        ]
      },
      "properties": {
        "event_id": "AUTO_EV_59272",
        "energia": 6,
        "lisa_cluster": "High-High (Hotspot)",
        "local_moran": 0.03010339576181788
      }
    },
    {
      "type": "Feature",
      "geometry": {
        "type": "Point",
        "coordinates": [
          14.143464999999999,
          40.8264815
        ]
      },
      "properties": {
        "event_id": "AUTO_EV_59273",
        "energia": 4,
        "lisa_cluster": "Low-Low (Coldspot)",
        "local_moran": 0.06489955764313128
      }
    },
    {
      "type": "Feature",
      "geometry": {
        "type": "Point",
        "coordinates": [
          14.08862725,
          40.813494500000004
        ]
      },
      "properties": {
        "event_id": "AUTO_EV_59274",
        "energia": 4,
        "lisa_cluster": "Low-Low (Coldspot)",
        "local_moran": 0.29619541756075085
      }
    },
    {
      "type": "Feature",
      "geometry": {
        "type": "Point",
        "coordinates": [
          14.1402894,
          40.8188502
        ]
      },
      "properties": {
        "event_id": "AUTO_EV_59275",
        "energia": 5,
        "lisa_cluster": "Low-Low (Coldspot)",
        "local_moran": 0.003122771565352492
      }
    },
    {
      "type": "Feature",
      "geometry": {
        "type": "Point",
        "coordinates": [
          14.093193600000001,
          40.789348000000004
        ]
      },
      "properties": {
        "event_id": "AUTO_EV_59276",
        "energia": 5,
        "lisa_cluster": "Low-Low (Coldspot)",
        "local_moran": 0.02405189312718018
      }
    },
    {
      "type": "Feature",
      "geometry": {
        "type": "Point",
        "coordinates": [
          14.168867333333333,
          40.81568933333333
        ]
      },
      "properties": {
        "event_id": "AUTO_EV_59277",
        "energia": 3,
        "lisa_cluster": "Low-Low (Coldspot)",
        "local_moran": 0.4980267803876125
      }
    },
    {
      "type": "Feature",
      "geometry": {
        "type": "Point",
        "coordinates": [
          14.127287200000001,
          40.808367600000004
        ]
      },
      "properties": {
        "event_id": "AUTO_EV_59278",
        "energia": 5,
        "lisa_cluster": "Low-High (Outlier)",
        "local_moran": -0.03144665061022056
      }
    },
    {
      "type": "Feature",
      "geometry": {
        "type": "Point",
        "coordinates": [
          14.10029875,
          40.799266
        ]
      },
      "properties": {
        "event_id": "AUTO_EV_59279",
        "energia": 4,
        "lisa_cluster": "Low-High (Outlier)",
        "local_moran": -0.03884479097206576
      }
    },
    {
      "type": "Feature",
      "geometry": {
        "type": "Point",
        "coordinates": [
          14.1017812,
          40.784738600000004
        ]
      },
      "properties": {
        "event_id": "AUTO_EV_59280",
        "energia": 5,
        "lisa_cluster": "Low-Low (Coldspot)",
        "local_moran": 0.03524037974890558
      }
    },
    {
      "type": "Feature",
      "geometry": {
        "type": "Point",
        "coordinates": [
          14.140763,
          40.80989675
        ]
      },
      "properties": {
        "event_id": "AUTO_EV_59281",
        "energia": 4,
        "lisa_cluster": "Low-Low (Coldspot)",
        "local_moran": 0.29792298113476884
      }
    },
    {
      "type": "Feature",
      "geometry": {
        "type": "Point",
        "coordinates": [
          14.1240889,
          40.818174600000006
        ]
      },
      "properties": {
        "event_id": "AUTO_EV_59282",
        "energia": 20,
        "lisa_cluster": "High-High (Hotspot)",
        "local_moran": 37.51766150463464
      }
    },
    {
      "type": "Feature",
      "geometry": {
        "type": "Point",
        "coordinates": [
          14.120500578947368,
          40.818794315789475
        ]
      },
      "properties": {
        "event_id": "AUTO_EV_59283",
        "energia": 19,
        "lisa_cluster": "High-High (Hotspot)",
        "local_moran": 5.10257451474913
      }
    },
    {
      "type": "Feature",
      "geometry": {
        "type": "Point",
        "coordinates": [
          14.1165398125,
          40.8155819375
        ]
      },
      "properties": {
        "event_id": "AUTO_EV_59284",
        "energia": 16,
        "lisa_cluster": "High-High (Hotspot)",
        "local_moran": 3.436504820162114
      }
    },
    {
      "type": "Feature",
      "geometry": {
        "type": "Point",
        "coordinates": [
          14.112381999999998,
          40.80246590909091
        ]
      },
      "properties": {
        "event_id": "AUTO_EV_59285",
        "energia": 11,
        "lisa_cluster": "High-High (Hotspot)",
        "local_moran": 0.28804086292718234
      }
    },
    {
      "type": "Feature",
      "geometry": {
        "type": "Point",
        "coordinates": [
          14.139770333333333,
          40.811062
        ]
      },
      "properties": {
        "event_id": "AUTO_EV_59286",
        "energia": 6,
        "lisa_cluster": "High-Low (Outlier)",
        "local_moran": -0.04140141516014018
      }
    },
    {
      "type": "Feature",
      "geometry": {
        "type": "Point",
        "coordinates": [
          14.112056888888889,
          40.810079555555554
        ]
      },
      "properties": {
        "event_id": "AUTO_EV_59287",
        "energia": 9,
        "lisa_cluster": "High-High (Hotspot)",
        "local_moran": 0.6560436409578156
      }
    },
    {
      "type": "Feature",
      "geometry": {
        "type": "Point",
        "coordinates": [
          14.1456995,
          40.809293833333335
        ]
      },
      "properties": {
        "event_id": "AUTO_EV_59288",
        "energia": 6,
        "lisa_cluster": "High-Low (Outlier)",
        "local_moran": -0.0636514567898345
      }
    },
    {
      "type": "Feature",
      "geometry": {
        "type": "Point",
        "coordinates": [
          14.093650200000003,
          40.7987376
        ]
      },
      "properties": {
        "event_id": "AUTO_EV_59289",
        "energia": 5,
        "lisa_cluster": "Low-Low (Coldspot)",
        "local_moran": 0.004029992630782518
      }
    },
    {
      "type": "Feature",
      "geometry": {
        "type": "Point",
        "coordinates": [
          14.092056166666666,
          40.805118666666665
        ]
      },
      "properties": {
        "event_id": "AUTO_EV_59290",
        "energia": 6,
        "lisa_cluster": "High-High (Hotspot)",
        "local_moran": 0.010029736866662267
      }
    },
    {
      "type": "Feature",
      "geometry": {
        "type": "Point",
        "coordinates": [
          14.1061922,
          40.8015344
        ]
      },
      "properties": {
        "event_id": "AUTO_EV_59291",
        "energia": 5,
        "lisa_cluster": "Low-High (Outlier)",
        "local_moran": -0.01599408742601332
      }
    },
    {
      "type": "Feature",
      "geometry": {
        "type": "Point",
        "coordinates": [
          14.128112250000001,
          40.80005975
        ]
      },
      "properties": {
        "event_id": "AUTO_EV_59292",
        "energia": 4,
        "lisa_cluster": "Low-Low (Coldspot)",
        "local_moran": 0.2897958359525586
      }
    },
    {
      "type": "Feature",
      "geometry": {
        "type": "Point",
        "coordinates": [
          14.146704,
          40.8064026
        ]
      },
      "properties": {
        "event_id": "AUTO_EV_59293",
        "energia": 5,
        "lisa_cluster": "Low-Low (Coldspot)",
        "local_moran": 0.0336548167318776
      }
    },
    {
      "type": "Feature",
      "geometry": {
        "type": "Point",
        "coordinates": [
          14.07161275,
          40.788872
        ]
      },
      "properties": {
        "event_id": "AUTO_EV_59294",
        "energia": 4,
        "lisa_cluster": "Low-Low (Coldspot)",
        "local_moran": 0.30061637447161765
      }
    },
    {
      "type": "Feature",
      "geometry": {
        "type": "Point",
        "coordinates": [
          14.139771,
          40.80671375
        ]
      },
      "properties": {
        "event_id": "AUTO_EV_59295",
        "energia": 4,
        "lisa_cluster": "Low-Low (Coldspot)",
        "local_moran": 0.2898657819678101
      }
    },
    {
      "type": "Feature",
      "geometry": {
        "type": "Point",
        "coordinates": [
          14.123914166666667,
          40.81372533333333
        ]
      },
      "properties": {
        "event_id": "AUTO_EV_59296",
        "energia": 6,
        "lisa_cluster": "High-High (Hotspot)",
        "local_moran": 0.20241129389878823
      }
    },
    {
      "type": "Feature",
      "geometry": {
        "type": "Point",
        "coordinates": [
          14.102654,
          40.81476225
        ]
      },
      "properties": {
        "event_id": "AUTO_EV_59297",
        "energia": 4,
        "lisa_cluster": "Low-High (Outlier)",
        "local_moran": -0.1680800562921836
      }
    },
    {
      "type": "Feature",
      "geometry": {
        "type": "Point",
        "coordinates": [
          14.107197666666666,
          40.80016066666666
        ]
      },
      "properties": {
        "event_id": "AUTO_EV_59298",
        "energia": 3,
        "lisa_cluster": "Low-High (Outlier)",
        "local_moran": -0.1315291117180127
      }
    },
    {
      "type": "Feature",
      "geometry": {
        "type": "Point",
        "coordinates": [
          14.085217199999999,
          40.7969312
        ]
      },
      "properties": {
        "event_id": "AUTO_EV_59299",
        "energia": 5,
        "lisa_cluster": "Low-Low (Coldspot)",
        "local_moran": 0.01383275159215911
      }
    },
    {
      "type": "Feature",
      "geometry": {
        "type": "Point",
        "coordinates": [
          14.039379666666667,
          40.782687333333335
        ]
      },
      "properties": {
        "event_id": "AUTO_EV_59300",
        "energia": 3,
        "lisa_cluster": "Low-Low (Coldspot)",
        "local_moran": 0.934571577031036
      }
    },
    {
      "type": "Feature",
      "geometry": {
        "type": "Point",
        "coordinates": [
          14.0776228,
          40.7971896
        ]
      },
      "properties": {
        "event_id": "AUTO_EV_59301",
        "energia": 5,
        "lisa_cluster": "Low-Low (Coldspot)",
        "local_moran": 0.020606399851724518
      }
    },
    {
      "type": "Feature",
      "geometry": {
        "type": "Point",
        "coordinates": [
          14.1606265,
          40.82377975
        ]
      },
      "properties": {
        "event_id": "AUTO_EV_59302",
        "energia": 4,
        "lisa_cluster": "Low-Low (Coldspot)",
        "local_moran": 0.20063320927300904
      }
    },
    {
      "type": "Feature",
      "geometry": {
        "type": "Point",
        "coordinates": [
          14.149807666666668,
          40.802574666666665
        ]
      },
      "properties": {
        "event_id": "AUTO_EV_59303",
        "energia": 3,
        "lisa_cluster": "Low-Low (Coldspot)",
        "local_moran": 0.9179956426072169
      }
    },
    {
      "type": "Feature",
      "geometry": {
        "type": "Point",
        "coordinates": [
          14.121819,
          40.812984
        ]
      },
      "properties": {
        "event_id": "AUTO_EV_59304",
        "energia": 6,
        "lisa_cluster": "High-High (Hotspot)",
        "local_moran": 0.17122910688503762
      }
    },
    {
      "type": "Feature",
      "geometry": {
        "type": "Point",
        "coordinates": [
          14.1119585,
          40.799455
        ]
      },
      "properties": {
        "event_id": "AUTO_EV_59305",
        "energia": 4,
        "lisa_cluster": "Low-High (Outlier)",
        "local_moran": -0.014656056422993427
      }
    },
    {
      "type": "Feature",
      "geometry": {
        "type": "Point",
        "coordinates": [
          14.1045945,
          40.792966
        ]
      },
      "properties": {
        "event_id": "AUTO_EV_59306",
        "energia": 4,
        "lisa_cluster": "Low-Low (Coldspot)",
        "local_moran": 0.29426977628604783
      }
    },
    {
      "type": "Feature",
      "geometry": {
        "type": "Point",
        "coordinates": [
          14.09386,
          40.79872775
        ]
      },
      "properties": {
        "event_id": "AUTO_EV_59307",
        "energia": 4,
        "lisa_cluster": "Low-High (Outlier)",
        "local_moran": -0.006906163639304239
      }
    },
    {
      "type": "Feature",
      "geometry": {
        "type": "Point",
        "coordinates": [
          14.0577465,
          40.77098675
        ]
      },
      "properties": {
        "event_id": "AUTO_EV_59308",
        "energia": 4,
        "lisa_cluster": "Low-Low (Coldspot)",
        "local_moran": 0.30162095793521176
      }
    },
    {
      "type": "Feature",
      "geometry": {
        "type": "Point",
        "coordinates": [
          14.1359525,
          40.806141
        ]
      },
      "properties": {
        "event_id": "AUTO_EV_59309",
        "energia": 4,
        "lisa_cluster": "Low-Low (Coldspot)",
        "local_moran": 0.08274804407184319
      }
    },
    {
      "type": "Feature",
      "geometry": {
        "type": "Point",
        "coordinates": [
          14.104412666666667,
          40.799811
        ]
      },
      "properties": {
        "event_id": "AUTO_EV_59310",
        "energia": 6,
        "lisa_cluster": "High-High (Hotspot)",
        "local_moran": 0.011699479810162587
      }
    },
    {
      "type": "Feature",
      "geometry": {
        "type": "Point",
        "coordinates": [
          14.137404333333334,
          40.819246666666665
        ]
      },
      "properties": {
        "event_id": "AUTO_EV_59311",
        "energia": 3,
        "lisa_cluster": "Low-High (Outlier)",
        "local_moran": -0.13019841209225563
      }
    },
    {
      "type": "Feature",
      "geometry": {
        "type": "Point",
        "coordinates": [
          14.086651,
          40.79263025
        ]
      },
      "properties": {
        "event_id": "AUTO_EV_59312",
        "energia": 4,
        "lisa_cluster": "Low-Low (Coldspot)",
        "local_moran": 0.08184357618706216
      }
    },
    {
      "type": "Feature",
      "geometry": {
        "type": "Point",
        "coordinates": [
          14.100782,
          40.805906125
        ]
      },
      "properties": {
        "event_id": "AUTO_EV_59313",
        "energia": 8,
        "lisa_cluster": "High-High (Hotspot)",
        "local_moran": 0.18036218751845184
      }
    },
    {
      "type": "Feature",
      "geometry": {
        "type": "Point",
        "coordinates": [
          14.120174571428572,
          40.81322371428571
        ]
      },
      "properties": {
        "event_id": "AUTO_EV_59314",
        "energia": 7,
        "lisa_cluster": "High-High (Hotspot)",
        "local_moran": 0.37826779102990477
      }
    },
    {
      "type": "Feature",
      "geometry": {
        "type": "Point",
        "coordinates": [
          14.123434666666666,
          40.8130305
        ]
      },
      "properties": {
        "event_id": "AUTO_EV_59315",
        "energia": 6,
        "lisa_cluster": "High-High (Hotspot)",
        "local_moran": 0.18668778834061336
      }
    },
    {
      "type": "Feature",
      "geometry": {
        "type": "Point",
        "coordinates": [
          14.074121,
          40.8021435
        ]
      },
      "properties": {
        "event_id": "AUTO_EV_59316",
        "energia": 4,
        "lisa_cluster": "Low-Low (Coldspot)",
        "local_moran": 0.0906104411468162
      }
    },
    {
      "type": "Feature",
      "geometry": {
        "type": "Point",
        "coordinates": [
          14.084112666666668,
          40.80722133333333
        ]
      },
      "properties": {
        "event_id": "AUTO_EV_59317",
        "energia": 6,
        "lisa_cluster": "High-Low (Outlier)",
        "local_moran": -0.01985421869374424
      }
    },
    {
      "type": "Feature",
      "geometry": {
        "type": "Point",
        "coordinates": [
          14.1088432,
          40.817302999999995
        ]
      },
      "properties": {
        "event_id": "AUTO_EV_59318",
        "energia": 5,
        "lisa_cluster": "Low-High (Outlier)",
        "local_moran": -0.06575629418349893
      }
    },
    {
      "type": "Feature",
      "geometry": {
        "type": "Point",
        "coordinates": [
          14.030299750000001,
          40.783431
        ]
      },
      "properties": {
        "event_id": "AUTO_EV_59319",
        "energia": 4,
        "lisa_cluster": "Low-Low (Coldspot)",
        "local_moran": 0.4385160191864761
      }
    },
    {
      "type": "Feature",
      "geometry": {
        "type": "Point",
        "coordinates": [
          14.13260025,
          40.812038
        ]
      },
      "properties": {
        "event_id": "AUTO_EV_59320",
        "energia": 4,
        "lisa_cluster": "Low-Low (Coldspot)",
        "local_moran": 0.2661750492174492
      }
    },
    {
      "type": "Feature",
      "geometry": {
        "type": "Point",
        "coordinates": [
          14.126534166666666,
          40.82700616666667
        ]
      },
      "properties": {
        "event_id": "AUTO_EV_59321",
        "energia": 6,
        "lisa_cluster": "High-High (Hotspot)",
        "local_moran": 0.14555476776336146
      }
    },
    {
      "type": "Feature",
      "geometry": {
        "type": "Point",
        "coordinates": [
          14.107694,
          40.807548
        ]
      },
      "properties": {
        "event_id": "AUTO_EV_59322",
        "energia": 4,
        "lisa_cluster": "Low-Low (Coldspot)",
        "local_moran": 0.2580189481803564
      }
    },
    {
      "type": "Feature",
      "geometry": {
        "type": "Point",
        "coordinates": [
          14.0862114,
          40.7949008
        ]
      },
      "properties": {
        "event_id": "AUTO_EV_59323",
        "energia": 5,
        "lisa_cluster": "Low-Low (Coldspot)",
        "local_moran": 0.019585059319199162
      }
    },
    {
      "type": "Feature",
      "geometry": {
        "type": "Point",
        "coordinates": [
          14.1435645,
          40.82585575
        ]
      },
      "properties": {
        "event_id": "AUTO_EV_59324",
        "energia": 4,
        "lisa_cluster": "Low-Low (Coldspot)",
        "local_moran": 0.0585414897442346
      }
    },
    {
      "type": "Feature",
      "geometry": {
        "type": "Point",
        "coordinates": [
          14.076837333333335,
          40.7910095
        ]
      },
      "properties": {
        "event_id": "AUTO_EV_59325",
        "energia": 6,
        "lisa_cluster": "High-Low (Outlier)",
        "local_moran": -0.0721536050125665
      }
    },
    {
      "type": "Feature",
      "geometry": {
        "type": "Point",
        "coordinates": [
          14.10833325,
          40.80728575
        ]
      },
      "properties": {
        "event_id": "AUTO_EV_59326",
        "energia": 4,
        "lisa_cluster": "Low-Low (Coldspot)",
        "local_moran": 0.28624936717927923
      }
    },
    {
      "type": "Feature",
      "geometry": {
        "type": "Point",
        "coordinates": [
          14.1295675,
          40.8288745
        ]
      },
      "properties": {
        "event_id": "AUTO_EV_59327",
        "energia": 4,
        "lisa_cluster": "Low-Low (Coldspot)",
        "local_moran": 0.2859442357487182
      }
    },
    {
      "type": "Feature",
      "geometry": {
        "type": "Point",
        "coordinates": [
          14.143474714285714,
          40.819606428571426
        ]
      },
      "properties": {
        "event_id": "AUTO_EV_59328",
        "energia": 7,
        "lisa_cluster": "High-Low (Outlier)",
        "local_moran": -0.05658763814463949
      }
    },
    {
      "type": "Feature",
      "geometry": {
        "type": "Point",
        "coordinates": [
          14.1317095,
          40.801231333333334
        ]
      },
      "properties": {
        "event_id": "AUTO_EV_59329",
        "energia": 6,
        "lisa_cluster": "High-Low (Outlier)",
        "local_moran": -0.05503998863473748
      }
    },
    {
      "type": "Feature",
      "geometry": {
        "type": "Point",
        "coordinates": [
          14.1530215,
          40.8171915
        ]
      },
      "properties": {
        "event_id": "AUTO_EV_59330",
        "energia": 4,
        "lisa_cluster": "Low-Low (Coldspot)",
        "local_moran": 0.1430267908703515
      }
    },
    {
      "type": "Feature",
      "geometry": {
        "type": "Point",
        "coordinates": [
          14.0791456,
          40.7909038
        ]
      },
      "properties": {
        "event_id": "AUTO_EV_59331",
        "energia": 5,
        "lisa_cluster": "Low-Low (Coldspot)",
        "local_moran": 0.01741481471858341
      }
    },
    {
      "type": "Feature",
      "geometry": {
        "type": "Point",
        "coordinates": [
          14.1469512,
          40.8146086
        ]
      },
      "properties": {
        "event_id": "AUTO_EV_59332",
        "energia": 5,
        "lisa_cluster": "Low-Low (Coldspot)",
        "local_moran": 0.03277869544622886
      }
    },
    {
      "type": "Feature",
      "geometry": {
        "type": "Point",
        "coordinates": [
          14.1224445,
          40.80282666666667
        ]
      },
      "properties": {
        "event_id": "AUTO_EV_59333",
        "energia": 6,
        "lisa_cluster": "High-High (Hotspot)",
        "local_moran": 0.012667157549385721
      }
    },
    {
      "type": "Feature",
      "geometry": {
        "type": "Point",
        "coordinates": [
          14.0691545,
          40.78336175
        ]
      },
      "properties": {
        "event_id": "AUTO_EV_59334",
        "energia": 4,
        "lisa_cluster": "Low-Low (Coldspot)",
        "local_moran": 0.30111341290712423
      }
    },
    {
      "type": "Feature",
      "geometry": {
        "type": "Point",
        "coordinates": [
          14.142243,
          40.80197225
        ]
      },
      "properties": {
        "event_id": "AUTO_EV_59335",
        "energia": 4,
        "lisa_cluster": "Low-Low (Coldspot)",
        "local_moran": 0.29636868956546425
      }
    },
    {
      "type": "Feature",
      "geometry": {
        "type": "Point",
        "coordinates": [
          14.09481375,
          40.790489
        ]
      },
      "properties": {
        "event_id": "AUTO_EV_59336",
        "energia": 4,
        "lisa_cluster": "Low-Low (Coldspot)",
        "local_moran": 0.28948226233747676
      }
    },
    {
      "type": "Feature",
      "geometry": {
        "type": "Point",
        "coordinates": [
          14.11513525,
          40.8281135
        ]
      },
      "properties": {
        "event_id": "AUTO_EV_59337",
        "energia": 4,
        "lisa_cluster": "Low-High (Outlier)",
        "local_moran": -0.32810547013335767
      }
    },
    {
      "type": "Feature",
      "geometry": {
        "type": "Point",
        "coordinates": [
          14.150741,
          40.818928
        ]
      },
      "properties": {
        "event_id": "AUTO_EV_59338",
        "energia": 4,
        "lisa_cluster": "Low-Low (Coldspot)",
        "local_moran": 0.12538248400389487
      }
    },
    {
      "type": "Feature",
      "geometry": {
        "type": "Point",
        "coordinates": [
          14.14552175,
          40.82134825
        ]
      },
      "properties": {
        "event_id": "AUTO_EV_59339",
        "energia": 8,
        "lisa_cluster": "High-Low (Outlier)",
        "local_moran": -0.09351351956206469
      }
    },
    {
      "type": "Feature",
      "geometry": {
        "type": "Point",
        "coordinates": [
          14.13186575,
          40.8074355
        ]
      },
      "properties": {
        "event_id": "AUTO_EV_59340",
        "energia": 4,
        "lisa_cluster": "Low-Low (Coldspot)",
        "local_moran": 0.27339923915956177
      }
    },
    {
      "type": "Feature",
      "geometry": {
        "type": "Point",
        "coordinates": [
          14.130776749999999,
          40.82396375
        ]
      },
      "properties": {
        "event_id": "AUTO_EV_59341",
        "energia": 8,
        "lisa_cluster": "High-High (Hotspot)",
        "local_moran": 0.4418768670072545
      }
    },
    {
      "type": "Feature",
      "geometry": {
        "type": "Point",
        "coordinates": [
          14.112557333333333,
          40.80574633333333
        ]
      },
      "properties": {
        "event_id": "AUTO_EV_59342",
        "energia": 6,
        "lisa_cluster": "High-High (Hotspot)",
        "local_moran": 0.06450431807456372
      }
    },
    {
      "type": "Feature",
      "geometry": {
        "type": "Point",
        "coordinates": [
          14.131357,
          40.81459233333333
        ]
      },
      "properties": {
        "event_id": "AUTO_EV_59343",
        "energia": 6,
        "lisa_cluster": "High-High (Hotspot)",
        "local_moran": 0.09653950657603574
      }
    },
    {
      "type": "Feature",
      "geometry": {
        "type": "Point",
        "coordinates": [
          14.12687325,
          40.79968125
        ]
      },
      "properties": {
        "event_id": "AUTO_EV_59344",
        "energia": 4,
        "lisa_cluster": "Low-Low (Coldspot)",
        "local_moran": 0.29842397595753906
      }
    },
    {
      "type": "Feature",
      "geometry": {
        "type": "Point",
        "coordinates": [
          14.155984666666667,
          40.81270383333333
        ]
      },
      "properties": {
        "event_id": "AUTO_EV_59345",
        "energia": 6,
        "lisa_cluster": "High-Low (Outlier)",
        "local_moran": -0.10408008545701587
      }
    },
    {
      "type": "Feature",
      "geometry": {
        "type": "Point",
        "coordinates": [
          14.11546525,
          40.78730625
        ]
      },
      "properties": {
        "event_id": "AUTO_EV_59346",
        "energia": 4,
        "lisa_cluster": "Low-Low (Coldspot)",
        "local_moran": 0.30113470638941525
      }
    },
    {
      "type": "Feature",
      "geometry": {
        "type": "Point",
        "coordinates": [
          14.1131005,
          40.8012735
        ]
      },
      "properties": {
        "event_id": "AUTO_EV_59347",
        "energia": 4,
        "lisa_cluster": "Low-High (Outlier)",
        "local_moran": -0.05049559984200846
      }
    },
    {
      "type": "Feature",
      "geometry": {
        "type": "Point",
        "coordinates": [
          14.145708666666666,
          40.82120666666667
        ]
      },
      "properties": {
        "event_id": "AUTO_EV_59348",
        "energia": 6,
        "lisa_cluster": "High-Low (Outlier)",
        "local_moran": -0.0064764982995256844
      }
    },
    {
      "type": "Feature",
      "geometry": {
        "type": "Point",
        "coordinates": [
          14.1476818,
          40.8291782
        ]
      },
      "properties": {
        "event_id": "AUTO_EV_59349",
        "energia": 5,
        "lisa_cluster": "Low-Low (Coldspot)",
        "local_moran": 0.02749680561270564
      }
    },
    {
      "type": "Feature",
      "geometry": {
        "type": "Point",
        "coordinates": [
          14.139952,
          40.801024999999996
        ]
      },
      "properties": {
        "event_id": "AUTO_EV_59350",
        "energia": 5,
        "lisa_cluster": "Low-Low (Coldspot)",
        "local_moran": 0.01758347359649274
      }
    },
    {
      "type": "Feature",
      "geometry": {
        "type": "Point",
        "coordinates": [
          14.133933200000001,
          40.8025282
        ]
      },
      "properties": {
        "event_id": "AUTO_EV_59351",
        "energia": 5,
        "lisa_cluster": "Low-Low (Coldspot)",
        "local_moran": 0.01823659760013645
      }
    },
    {
      "type": "Feature",
      "geometry": {
        "type": "Point",
        "coordinates": [
          14.152036200000001,
          40.815636
        ]
      },
      "properties": {
        "event_id": "AUTO_EV_59352",
        "energia": 5,
        "lisa_cluster": "Low-Low (Coldspot)",
        "local_moran": 0.03529354338156308
      }
    },
    {
      "type": "Feature",
      "geometry": {
        "type": "Point",
        "coordinates": [
          14.10402,
          40.80885466666667
        ]
      },
      "properties": {
        "event_id": "AUTO_EV_59353",
        "energia": 6,
        "lisa_cluster": "High-High (Hotspot)",
        "local_moran": 0.07257513861232759
      }
    },
    {
      "type": "Feature",
      "geometry": {
        "type": "Point",
        "coordinates": [
          14.076826666666667,
          40.795100999999995
        ]
      },
      "properties": {
        "event_id": "AUTO_EV_59354",
        "energia": 3,
        "lisa_cluster": "Low-Low (Coldspot)",
        "local_moran": 0.18425266473873447
      }
    },
    {
      "type": "Feature",
      "geometry": {
        "type": "Point",
        "coordinates": [
          14.0902636,
          40.788989400000006
        ]
      },
      "properties": {
        "event_id": "AUTO_EV_59355",
        "energia": 5,
        "lisa_cluster": "Low-Low (Coldspot)",
        "local_moran": 0.01724395582741851
      }
    },
    {
      "type": "Feature",
      "geometry": {
        "type": "Point",
        "coordinates": [
          14.11934975,
          40.80156025
        ]
      },
      "properties": {
        "event_id": "AUTO_EV_59356",
        "energia": 4,
        "lisa_cluster": "Low-Low (Coldspot)",
        "local_moran": 0.288489320495516
      }
    },
    {
      "type": "Feature",
      "geometry": {
        "type": "Point",
        "coordinates": [
          14.133263999999999,
          40.81667533333333
        ]
      },
      "properties": {
        "event_id": "AUTO_EV_59357",
        "energia": 6,
        "lisa_cluster": "High-High (Hotspot)",
        "local_moran": 0.06565323572819422
      }
    },
    {
      "type": "Feature",
      "geometry": {
        "type": "Point",
        "coordinates": [
          14.1466952,
          40.8241782
        ]
      },
      "properties": {
        "event_id": "AUTO_EV_59358",
        "energia": 5,
        "lisa_cluster": "Low-Low (Coldspot)",
        "local_moran": 0.013463388800820934
      }
    },
    {
      "type": "Feature",
      "geometry": {
        "type": "Point",
        "coordinates": [
          14.11391,
          40.824893
        ]
      },
      "properties": {
        "event_id": "AUTO_EV_59359",
        "energia": 4,
        "lisa_cluster": "Low-High (Outlier)",
        "local_moran": -0.3820142689319344
      }
    },
    {
      "type": "Feature",
      "geometry": {
        "type": "Point",
        "coordinates": [
          14.137639428571429,
          40.806459000000004
        ]
      },
      "properties": {
        "event_id": "AUTO_EV_59360",
        "energia": 7,
        "lisa_cluster": "High-Low (Outlier)",
        "local_moran": -0.13537254254100345
      }
    },
    {
      "type": "Feature",
      "geometry": {
        "type": "Point",
        "coordinates": [
          14.12116875,
          40.80733275
        ]
      },
      "properties": {
        "event_id": "AUTO_EV_59361",
        "energia": 4,
        "lisa_cluster": "Low-High (Outlier)",
        "local_moran": -0.1410625964221962
      }
    },
    {
      "type": "Feature",
      "geometry": {
        "type": "Point",
        "coordinates": [
          14.1455666,
          40.8094192
        ]
      },
      "properties": {
        "event_id": "AUTO_EV_59362",
        "energia": 5,
        "lisa_cluster": "Low-Low (Coldspot)",
        "local_moran": 0.02467742245685846
      }
    },
    {
      "type": "Feature",
      "geometry": {
        "type": "Point",
        "coordinates": [
          14.12687325,
          40.79968125
        ]
      },
      "properties": {
        "event_id": "AUTO_EV_59363",
        "energia": 4,
        "lisa_cluster": "Low-Low (Coldspot)",
        "local_moran": 0.2984239759575391
      }
    },
    {
      "type": "Feature",
      "geometry": {
        "type": "Point",
        "coordinates": [
          14.110800333333335,
          40.82227366666667
        ]
      },
      "properties": {
        "event_id": "AUTO_EV_59364",
        "energia": 3,
        "lisa_cluster": "Low-High (Outlier)",
        "local_moran": -0.5546747176560094
      }
    },
    {
      "type": "Feature",
      "geometry": {
        "type": "Point",
        "coordinates": [
          14.114068,
          40.807034
        ]
      },
      "properties": {
        "event_id": "AUTO_EV_59365",
        "energia": 4,
        "lisa_cluster": "Low-High (Outlier)",
        "local_moran": -0.18802771590245987
      }
    },
    {
      "type": "Feature",
      "geometry": {
        "type": "Point",
        "coordinates": [
          14.176714333333331,
          40.80535666666666
        ]
      },
      "properties": {
        "event_id": "AUTO_EV_59366",
        "energia": 3,
        "lisa_cluster": "Low-Low (Coldspot)",
        "local_moran": 0.9354670364302217
      }
    },
    {
      "type": "Feature",
      "geometry": {
        "type": "Point",
        "coordinates": [
          14.1187904,
          40.805672400000006
        ]
      },
      "properties": {
        "event_id": "AUTO_EV_59367",
        "energia": 5,
        "lisa_cluster": "Low-Low (Coldspot)",
        "local_moran": 0.014776355346098466
      }
    },
    {
      "type": "Feature",
      "geometry": {
        "type": "Point",
        "coordinates": [
          14.136627749999999,
          40.79957925
        ]
      },
      "properties": {
        "event_id": "AUTO_EV_59368",
        "energia": 4,
        "lisa_cluster": "Low-Low (Coldspot)",
        "local_moran": 0.14750330175785206
      }
    },
    {
      "type": "Feature",
      "geometry": {
        "type": "Point",
        "coordinates": [
          14.131713,
          40.80246066666667
        ]
      },
      "properties": {
        "event_id": "AUTO_EV_59369",
        "energia": 6,
        "lisa_cluster": "High-High (Hotspot)",
        "local_moran": 0.07414162506934972
      }
    },
    {
      "type": "Feature",
      "geometry": {
        "type": "Point",
        "coordinates": [
          14.099673000000001,
          40.7966056
        ]
      },
      "properties": {
        "event_id": "AUTO_EV_59370",
        "energia": 5,
        "lisa_cluster": "Low-High (Outlier)",
        "local_moran": -0.003008016511627219
      }
    },
    {
      "type": "Feature",
      "geometry": {
        "type": "Point",
        "coordinates": [
          14.107265625,
          40.79996025
        ]
      },
      "properties": {
        "event_id": "AUTO_EV_59371",
        "energia": 8,
        "lisa_cluster": "High-High (Hotspot)",
        "local_moran": 0.040125464271473794
      }
    },
    {
      "type": "Feature",
      "geometry": {
        "type": "Point",
        "coordinates": [
          14.141549833333334,
          40.80819016666667
        ]
      },
      "properties": {
        "event_id": "AUTO_EV_59372",
        "energia": 6,
        "lisa_cluster": "High-Low (Outlier)",
        "local_moran": -0.0544041556077093
      }
    },
    {
      "type": "Feature",
      "geometry": {
        "type": "Point",
        "coordinates": [
          14.140763,
          40.80989675
        ]
      },
      "properties": {
        "event_id": "AUTO_EV_59373",
        "energia": 4,
        "lisa_cluster": "Low-Low (Coldspot)",
        "local_moran": 0.29792298113476895
      }
    },
    {
      "type": "Feature",
      "geometry": {
        "type": "Point",
        "coordinates": [
          14.140763,
          40.80989675
        ]
      },
      "properties": {
        "event_id": "AUTO_EV_59374",
        "energia": 4,
        "lisa_cluster": "Low-Low (Coldspot)",
        "local_moran": 0.2979229811347689
      }
    },
    {
      "type": "Feature",
      "geometry": {
        "type": "Point",
        "coordinates": [
          14.137443,
          40.8198834
        ]
      },
      "properties": {
        "event_id": "AUTO_EV_59375",
        "energia": 5,
        "lisa_cluster": "Low-High (Outlier)",
        "local_moran": -0.016096168347935886
      }
    },
    {
      "type": "Feature",
      "geometry": {
        "type": "Point",
        "coordinates": [
          14.110907599999999,
          40.7946386
        ]
      },
      "properties": {
        "event_id": "AUTO_EV_59376",
        "energia": 5,
        "lisa_cluster": "Low-Low (Coldspot)",
        "local_moran": 0.017037216689455154
      }
    },
    {
      "type": "Feature",
      "geometry": {
        "type": "Point",
        "coordinates": [
          14.1430984,
          40.8066618
        ]
      },
      "properties": {
        "event_id": "AUTO_EV_59377",
        "energia": 5,
        "lisa_cluster": "Low-Low (Coldspot)",
        "local_moran": 0.029381793131167455
      }
    },
    {
      "type": "Feature",
      "geometry": {
        "type": "Point",
        "coordinates": [
          14.092332666666666,
          40.809224
        ]
      },
      "properties": {
        "event_id": "AUTO_EV_59378",
        "energia": 6,
        "lisa_cluster": "High-Low (Outlier)",
        "local_moran": -0.03673245860670877
      }
    },
    {
      "type": "Feature",
      "geometry": {
        "type": "Point",
        "coordinates": [
          14.084524250000001,
          40.78565275
        ]
      },
      "properties": {
        "event_id": "AUTO_EV_59379",
        "energia": 4,
        "lisa_cluster": "Low-Low (Coldspot)",
        "local_moran": 0.2958439720196287
      }
    },
    {
      "type": "Feature",
      "geometry": {
        "type": "Point",
        "coordinates": [
          14.1416412,
          40.804562399999995
        ]
      },
      "properties": {
        "event_id": "AUTO_EV_59380",
        "energia": 5,
        "lisa_cluster": "Low-Low (Coldspot)",
        "local_moran": 0.03459859532591343
      }
    },
    {
      "type": "Feature",
      "geometry": {
        "type": "Point",
        "coordinates": [
          14.13986125,
          40.816321
        ]
      },
      "properties": {
        "event_id": "AUTO_EV_59381",
        "energia": 8,
        "lisa_cluster": "High-Low (Outlier)",
        "local_moran": -0.03694754713297279
      }
    },
    {
      "type": "Feature",
      "geometry": {
        "type": "Point",
        "coordinates": [
          14.14975875,
          40.81270175
        ]
      },
      "properties": {
        "event_id": "AUTO_EV_59382",
        "energia": 4,
        "lisa_cluster": "Low-Low (Coldspot)",
        "local_moran": 0.295313081176157
      }
    },
    {
      "type": "Feature",
      "geometry": {
        "type": "Point",
        "coordinates": [
          14.13685125,
          40.8087125
        ]
      },
      "properties": {
        "event_id": "AUTO_EV_59383",
        "energia": 4,
        "lisa_cluster": "Low-Low (Coldspot)",
        "local_moran": 0.061547912048728344
      }
    },
    {
      "type": "Feature",
      "geometry": {
        "type": "Point",
        "coordinates": [
          14.10833325,
          40.80728575
        ]
      },
      "properties": {
        "event_id": "AUTO_EV_59384",
        "energia": 4,
        "lisa_cluster": "Low-Low (Coldspot)",
        "local_moran": 0.28624936717927923
      }
    },
    {
      "type": "Feature",
      "geometry": {
        "type": "Point",
        "coordinates": [
          14.142243,
          40.80197225
        ]
      },
      "properties": {
        "event_id": "AUTO_EV_59385",
        "energia": 4,
        "lisa_cluster": "Low-Low (Coldspot)",
        "local_moran": 0.29636868956546436
      }
    },
    {
      "type": "Feature",
      "geometry": {
        "type": "Point",
        "coordinates": [
          14.154632,
          40.82702725
        ]
      },
      "properties": {
        "event_id": "AUTO_EV_59386",
        "energia": 4,
        "lisa_cluster": "Low-Low (Coldspot)",
        "local_moran": 0.16406995673543048
      }
    },
    {
      "type": "Feature",
      "geometry": {
        "type": "Point",
        "coordinates": [
          14.12871575,
          40.797784
        ]
      },
      "properties": {
        "event_id": "AUTO_EV_59387",
        "energia": 4,
        "lisa_cluster": "Low-Low (Coldspot)",
        "local_moran": 0.12357244583326688
      }
    },
    {
      "type": "Feature",
      "geometry": {
        "type": "Point",
        "coordinates": [
          14.140737999999999,
          40.8091742
        ]
      },
      "properties": {
        "event_id": "AUTO_EV_59388",
        "energia": 5,
        "lisa_cluster": "Low-Low (Coldspot)",
        "local_moran": 0.02484390964322576
      }
    },
    {
      "type": "Feature",
      "geometry": {
        "type": "Point",
        "coordinates": [
          14.1396246,
          40.8149424
        ]
      },
      "properties": {
        "event_id": "AUTO_EV_59389",
        "energia": 5,
        "lisa_cluster": "Low-Low (Coldspot)",
        "local_moran": 0.010725414366114464
      }
    },
    {
      "type": "Feature",
      "geometry": {
        "type": "Point",
        "coordinates": [
          14.0606275,
          40.774319250000005
        ]
      },
      "properties": {
        "event_id": "AUTO_EV_59390",
        "energia": 4,
        "lisa_cluster": "Low-Low (Coldspot)",
        "local_moran": 0.3015964528214168
      }
    },
    {
      "type": "Feature",
      "geometry": {
        "type": "Point",
        "coordinates": [
          14.141661749999999,
          40.81246825
        ]
      },
      "properties": {
        "event_id": "AUTO_EV_59391",
        "energia": 4,
        "lisa_cluster": "Low-Low (Coldspot)",
        "local_moran": 0.29408882315560536
      }
    },
    {
      "type": "Feature",
      "geometry": {
        "type": "Point",
        "coordinates": [
          14.094104833333333,
          40.804552666666666
        ]
      },
      "properties": {
        "event_id": "AUTO_EV_59392",
        "energia": 6,
        "lisa_cluster": "High-High (Hotspot)",
        "local_moran": 0.07674836891656232
      }
    },
    {
      "type": "Feature",
      "geometry": {
        "type": "Point",
        "coordinates": [
          14.134388999999999,
          40.81041075
        ]
      },
      "properties": {
        "event_id": "AUTO_EV_59393",
        "energia": 4,
        "lisa_cluster": "Low-Low (Coldspot)",
        "local_moran": 0.2970664931531682
      }
    },
    {
      "type": "Feature",
      "geometry": {
        "type": "Point",
        "coordinates": [
          14.138781333333334,
          40.80799616666667
        ]
      },
      "properties": {
        "event_id": "AUTO_EV_59394",
        "energia": 6,
        "lisa_cluster": "High-Low (Outlier)",
        "local_moran": -0.04310552485746411
      }
    },
    {
      "type": "Feature",
      "geometry": {
        "type": "Point",
        "coordinates": [
          14.04461075,
          40.784899
        ]
      },
      "properties": {
        "event_id": "AUTO_EV_59395",
        "energia": 4,
        "lisa_cluster": "Low-Low (Coldspot)",
        "local_moran": 0.30179426905172435
      }
    },
    {
      "type": "Feature",
      "geometry": {
        "type": "Point",
        "coordinates": [
          14.092687,
          40.7835115
        ]
      },
      "properties": {
        "event_id": "AUTO_EV_59396",
        "energia": 4,
        "lisa_cluster": "Low-Low (Coldspot)",
        "local_moran": 0.3008384280290333
      }
    },
    {
      "type": "Feature",
      "geometry": {
        "type": "Point",
        "coordinates": [
          14.103186399999998,
          40.795585599999995
        ]
      },
      "properties": {
        "event_id": "AUTO_EV_59397",
        "energia": 5,
        "lisa_cluster": "Low-Low (Coldspot)",
        "local_moran": 0.005504852994425495
      }
    },
    {
      "type": "Feature",
      "geometry": {
        "type": "Point",
        "coordinates": [
          14.121808,
          40.8070705
        ]
      },
      "properties": {
        "event_id": "AUTO_EV_59398",
        "energia": 4,
        "lisa_cluster": "Low-Low (Coldspot)",
        "local_moran": 0.25880570300259137
      }
    },
    {
      "type": "Feature",
      "geometry": {
        "type": "Point",
        "coordinates": [
          14.08740525,
          40.78898525
        ]
      },
      "properties": {
        "event_id": "AUTO_EV_59399",
        "energia": 4,
        "lisa_cluster": "Low-Low (Coldspot)",
        "local_moran": 0.08601606948848975
      }
    },
    {
      "type": "Feature",
      "geometry": {
        "type": "Point",
        "coordinates": [
          14.12687325,
          40.79968125
        ]
      },
      "properties": {
        "event_id": "AUTO_EV_59400",
        "energia": 4,
        "lisa_cluster": "Low-Low (Coldspot)",
        "local_moran": 0.29842397595753906
      }
    },
    {
      "type": "Feature",
      "geometry": {
        "type": "Point",
        "coordinates": [
          14.13374675,
          40.796246749999995
        ]
      },
      "properties": {
        "event_id": "AUTO_EV_59401",
        "energia": 4,
        "lisa_cluster": "Low-Low (Coldspot)",
        "local_moran": 0.16500311462185696
      }
    },
    {
      "type": "Feature",
      "geometry": {
        "type": "Point",
        "coordinates": [
          14.1195792,
          40.8063334
        ]
      },
      "properties": {
        "event_id": "AUTO_EV_59402",
        "energia": 5,
        "lisa_cluster": "Low-High (Outlier)",
        "local_moran": -0.03317491421396852
      }
    },
    {
      "type": "Feature",
      "geometry": {
        "type": "Point",
        "coordinates": [
          14.074147,
          40.791116
        ]
      },
      "properties": {
        "event_id": "AUTO_EV_59403",
        "energia": 4,
        "lisa_cluster": "Low-Low (Coldspot)",
        "local_moran": 0.29844784842517535
      }
    },
    {
      "type": "Feature",
      "geometry": {
        "type": "Point",
        "coordinates": [
          14.124029,
          40.82739166666667
        ]
      },
      "properties": {
        "event_id": "AUTO_EV_59404",
        "energia": 3,
        "lisa_cluster": "Low-High (Outlier)",
        "local_moran": -0.60250296624692
      }
    },
    {
      "type": "Feature",
      "geometry": {
        "type": "Point",
        "coordinates": [
          14.152679666666666,
          40.826136
        ]
      },
      "properties": {
        "event_id": "AUTO_EV_59405",
        "energia": 3,
        "lisa_cluster": "Low-Low (Coldspot)",
        "local_moran": 0.22368252513749065
      }
    },
    {
      "type": "Feature",
      "geometry": {
        "type": "Point",
        "coordinates": [
          14.144994,
          40.810485
        ]
      },
      "properties": {
        "event_id": "AUTO_EV_59406",
        "energia": 4,
        "lisa_cluster": "Low-Low (Coldspot)",
        "local_moran": 0.2897665614413837
      }
    },
    {
      "type": "Feature",
      "geometry": {
        "type": "Point",
        "coordinates": [
          14.1296968,
          40.8165362
        ]
      },
      "properties": {
        "event_id": "AUTO_EV_59407",
        "energia": 5,
        "lisa_cluster": "Low-High (Outlier)",
        "local_moran": -0.056545392376642876
      }
    },
    {
      "type": "Feature",
      "geometry": {
        "type": "Point",
        "coordinates": [
          14.160233714285713,
          40.82130114285714
        ]
      },
      "properties": {
        "event_id": "AUTO_EV_59408",
        "energia": 7,
        "lisa_cluster": "High-Low (Outlier)",
        "local_moran": -0.2926928784695264
      }
    },
    {
      "type": "Feature",
      "geometry": {
        "type": "Point",
        "coordinates": [
          14.10854275,
          40.80256775
        ]
      },
      "properties": {
        "event_id": "AUTO_EV_59409",
        "energia": 4,
        "lisa_cluster": "Low-High (Outlier)",
        "local_moran": -0.045301231903879594
      }
    },
    {
      "type": "Feature",
      "geometry": {
        "type": "Point",
        "coordinates": [
          14.137163000000001,
          40.826701400000005
        ]
      },
      "properties": {
        "event_id": "AUTO_EV_59410",
        "energia": 5,
        "lisa_cluster": "Low-Low (Coldspot)",
        "local_moran": 0.016987353676950534
      }
    },
    {
      "type": "Feature",
      "geometry": {
        "type": "Point",
        "coordinates": [
          14.121877799999998,
          40.8190862
        ]
      },
      "properties": {
        "event_id": "AUTO_EV_59411",
        "energia": 5,
        "lisa_cluster": "Low-High (Outlier)",
        "local_moran": -0.130011185263488
      }
    },
    {
      "type": "Feature",
      "geometry": {
        "type": "Point",
        "coordinates": [
          14.088471,
          40.79497575
        ]
      },
      "properties": {
        "event_id": "AUTO_EV_59412",
        "energia": 4,
        "lisa_cluster": "Low-Low (Coldspot)",
        "local_moran": 0.06244971169653637
      }
    },
    {
      "type": "Feature",
      "geometry": {
        "type": "Point",
        "coordinates": [
          14.130083571428571,
          40.81132171428572
        ]
      },
      "properties": {
        "event_id": "AUTO_EV_59413",
        "energia": 7,
        "lisa_cluster": "High-High (Hotspot)",
        "local_moran": 0.20146317259663588
      }
    },
    {
      "type": "Feature",
      "geometry": {
        "type": "Point",
        "coordinates": [
          14.152328666666667,
          40.810247333333336
        ]
      },
      "properties": {
        "event_id": "AUTO_EV_59414",
        "energia": 3,
        "lisa_cluster": "Low-Low (Coldspot)",
        "local_moran": 0.9244806406524824
      }
    },
    {
      "type": "Feature",
      "geometry": {
        "type": "Point",
        "coordinates": [
          14.1013754,
          40.797161800000005
        ]
      },
      "properties": {
        "event_id": "AUTO_EV_59415",
        "energia": 5,
        "lisa_cluster": "Low-High (Outlier)",
        "local_moran": -0.0031670385293248765
      }
    },
    {
      "type": "Feature",
      "geometry": {
        "type": "Point",
        "coordinates": [
          14.1531,
          40.82902425
        ]
      },
      "properties": {
        "event_id": "AUTO_EV_59416",
        "energia": 4,
        "lisa_cluster": "Low-Low (Coldspot)",
        "local_moran": 0.14976460642164047
      }
    },
    {
      "type": "Feature",
      "geometry": {
        "type": "Point",
        "coordinates": [
          14.116303857142857,
          40.817299428571424
        ]
      },
      "properties": {
        "event_id": "AUTO_EV_59417",
        "energia": 7,
        "lisa_cluster": "High-High (Hotspot)",
        "local_moran": 0.596787714328541
      }
    },
    {
      "type": "Feature",
      "geometry": {
        "type": "Point",
        "coordinates": [
          14.1675364,
          40.828111
        ]
      },
      "properties": {
        "event_id": "AUTO_EV_59418",
        "energia": 5,
        "lisa_cluster": "Low-Low (Coldspot)",
        "local_moran": 0.06474892806820681
      }
    },
    {
      "type": "Feature",
      "geometry": {
        "type": "Point",
        "coordinates": [
          14.1541505,
          40.811426749999995
        ]
      },
      "properties": {
        "event_id": "AUTO_EV_59419",
        "energia": 4,
        "lisa_cluster": "Low-Low (Coldspot)",
        "local_moran": 0.29822803360418454
      }
    },
    {
      "type": "Feature",
      "geometry": {
        "type": "Point",
        "coordinates": [
          14.149507999999999,
          40.81663825
        ]
      },
      "properties": {
        "event_id": "AUTO_EV_59420",
        "energia": 4,
        "lisa_cluster": "Low-Low (Coldspot)",
        "local_moran": 0.11798883286108502
      }
    },
    {
      "type": "Feature",
      "geometry": {
        "type": "Point",
        "coordinates": [
          14.1422506,
          40.813777800000004
        ]
      },
      "properties": {
        "event_id": "AUTO_EV_59421",
        "energia": 5,
        "lisa_cluster": "Low-Low (Coldspot)",
        "local_moran": 0.01743419406313723
      }
    },
    {
      "type": "Feature",
      "geometry": {
        "type": "Point",
        "coordinates": [
          14.140421,
          40.8163216
        ]
      },
      "properties": {
        "event_id": "AUTO_EV_59422",
        "energia": 5,
        "lisa_cluster": "Low-Low (Coldspot)",
        "local_moran": 0.0060701779070705085
      }
    },
    {
      "type": "Feature",
      "geometry": {
        "type": "Point",
        "coordinates": [
          14.123750333333334,
          40.80844716666667
        ]
      },
      "properties": {
        "event_id": "AUTO_EV_59423",
        "energia": 6,
        "lisa_cluster": "High-High (Hotspot)",
        "local_moran": 0.07817049249107368
      }
    },
    {
      "type": "Feature",
      "geometry": {
        "type": "Point",
        "coordinates": [
          14.134732249999999,
          40.8208595
        ]
      },
      "properties": {
        "event_id": "AUTO_EV_59424",
        "energia": 4,
        "lisa_cluster": "Low-High (Outlier)",
        "local_moran": -0.13648089712767647
      }
    },
    {
      "type": "Feature",
      "geometry": {
        "type": "Point",
        "coordinates": [
          14.14975875,
          40.81270175
        ]
      },
      "properties": {
        "event_id": "AUTO_EV_59425",
        "energia": 4,
        "lisa_cluster": "Low-Low (Coldspot)",
        "local_moran": 0.2953130811761571
      }
    },
    {
      "type": "Feature",
      "geometry": {
        "type": "Point",
        "coordinates": [
          14.1033454,
          40.7989714
        ]
      },
      "properties": {
        "event_id": "AUTO_EV_59426",
        "energia": 5,
        "lisa_cluster": "Low-Low (Coldspot)",
        "local_moran": 0.014831390680232764
      }
    },
    {
      "type": "Feature",
      "geometry": {
        "type": "Point",
        "coordinates": [
          14.136894666666668,
          40.835918666666664
        ]
      },
      "properties": {
        "event_id": "AUTO_EV_59427",
        "energia": 3,
        "lisa_cluster": "Low-Low (Coldspot)",
        "local_moran": 0.3453441178887944
      }
    },
    {
      "type": "Feature",
      "geometry": {
        "type": "Point",
        "coordinates": [
          14.0760672,
          40.8087358
        ]
      },
      "properties": {
        "event_id": "AUTO_EV_59428",
        "energia": 5,
        "lisa_cluster": "Low-Low (Coldspot)",
        "local_moran": 0.019062905651191592
      }
    },
    {
      "type": "Feature",
      "geometry": {
        "type": "Point",
        "coordinates": [
          14.105862166666666,
          40.80266766666667
        ]
      },
      "properties": {
        "event_id": "AUTO_EV_59429",
        "energia": 6,
        "lisa_cluster": "High-High (Hotspot)",
        "local_moran": 0.039875706260209726
      }
    },
    {
      "type": "Feature",
      "geometry": {
        "type": "Point",
        "coordinates": [
          14.104349666666666,
          40.81958816666667
        ]
      },
      "properties": {
        "event_id": "AUTO_EV_59430",
        "energia": 6,
        "lisa_cluster": "High-High (Hotspot)",
        "local_moran": 0.09759921706141819
      }
    },
    {
      "type": "Feature",
      "geometry": {
        "type": "Point",
        "coordinates": [
          14.152328666666667,
          40.810247333333336
        ]
      },
      "properties": {
        "event_id": "AUTO_EV_59431",
        "energia": 3,
        "lisa_cluster": "Low-Low (Coldspot)",
        "local_moran": 0.9244806406524823
      }
    },
    {
      "type": "Feature",
      "geometry": {
        "type": "Point",
        "coordinates": [
          14.135265333333335,
          40.80323966666666
        ]
      },
      "properties": {
        "event_id": "AUTO_EV_59432",
        "energia": 3,
        "lisa_cluster": "Low-Low (Coldspot)",
        "local_moran": 0.20274364947052942
      }
    },
    {
      "type": "Feature",
      "geometry": {
        "type": "Point",
        "coordinates": [
          14.127856999999999,
          40.83158875
        ]
      },
      "properties": {
        "event_id": "AUTO_EV_59433",
        "energia": 4,
        "lisa_cluster": "Low-High (Outlier)",
        "local_moran": -0.18161325390868444
      }
    },
    {
      "type": "Feature",
      "geometry": {
        "type": "Point",
        "coordinates": [
          14.147274,
          40.800435
        ]
      },
      "properties": {
        "event_id": "AUTO_EV_59434",
        "energia": 4,
        "lisa_cluster": "Low-Low (Coldspot)",
        "local_moran": 0.21827138619808265
      }
    },
    {
      "type": "Feature",
      "geometry": {
        "type": "Point",
        "coordinates": [
          14.099658833333335,
          40.78364116666666
        ]
      },
      "properties": {
        "event_id": "AUTO_EV_59435",
        "energia": 6,
        "lisa_cluster": "High-Low (Outlier)",
        "local_moran": -0.17152787664371053
      }
    },
    {
      "type": "Feature",
      "geometry": {
        "type": "Point",
        "coordinates": [
          14.086939333333333,
          40.799061
        ]
      },
      "properties": {
        "event_id": "AUTO_EV_59436",
        "energia": 6,
        "lisa_cluster": "High-Low (Outlier)",
        "local_moran": -0.01963392641821102
      }
    },
    {
      "type": "Feature",
      "geometry": {
        "type": "Point",
        "coordinates": [
          14.13628525,
          40.825148
        ]
      },
      "properties": {
        "event_id": "AUTO_EV_59437",
        "energia": 4,
        "lisa_cluster": "Low-High (Outlier)",
        "local_moran": -0.07424901259127943
      }
    },
    {
      "type": "Feature",
      "geometry": {
        "type": "Point",
        "coordinates": [
          14.081384600000002,
          40.8115254
        ]
      },
      "properties": {
        "event_id": "AUTO_EV_59438",
        "energia": 5,
        "lisa_cluster": "Low-Low (Coldspot)",
        "local_moran": 0.010589233137361959
      }
    },
    {
      "type": "Feature",
      "geometry": {
        "type": "Point",
        "coordinates": [
          14.099285166666666,
          40.80427566666667
        ]
      },
      "properties": {
        "event_id": "AUTO_EV_59439",
        "energia": 6,
        "lisa_cluster": "High-High (Hotspot)",
        "local_moran": 0.03808698156221206
      }
    },
    {
      "type": "Feature",
      "geometry": {
        "type": "Point",
        "coordinates": [
          14.075709,
          40.7959438
        ]
      },
      "properties": {
        "event_id": "AUTO_EV_59440",
        "energia": 5,
        "lisa_cluster": "Low-Low (Coldspot)",
        "local_moran": 0.025430667536931535
      }
    },
    {
      "type": "Feature",
      "geometry": {
        "type": "Point",
        "coordinates": [
          14.088094571428572,
          40.802925
        ]
      },
      "properties": {
        "event_id": "AUTO_EV_59441",
        "energia": 7,
        "lisa_cluster": "High-High (Hotspot)",
        "local_moran": 0.01270558853466004
      }
    },
    {
      "type": "Feature",
      "geometry": {
        "type": "Point",
        "coordinates": [
          14.0720355,
          40.786694250000004
        ]
      },
      "properties": {
        "event_id": "AUTO_EV_59442",
        "energia": 4,
        "lisa_cluster": "Low-Low (Coldspot)",
        "local_moran": 0.30050989192048155
      }
    },
    {
      "type": "Feature",
      "geometry": {
        "type": "Point",
        "coordinates": [
          14.115856749999999,
          40.80540675
        ]
      },
      "properties": {
        "event_id": "AUTO_EV_59443",
        "energia": 4,
        "lisa_cluster": "Low-Low (Coldspot)",
        "local_moran": 0.2963379620859073
      }
    },
    {
      "type": "Feature",
      "geometry": {
        "type": "Point",
        "coordinates": [
          14.139952,
          40.801024999999996
        ]
      },
      "properties": {
        "event_id": "AUTO_EV_59444",
        "energia": 5,
        "lisa_cluster": "Low-Low (Coldspot)",
        "local_moran": 0.017583473596492743
      }
    },
    {
      "type": "Feature",
      "geometry": {
        "type": "Point",
        "coordinates": [
          14.142006599999998,
          40.8137622
        ]
      },
      "properties": {
        "event_id": "AUTO_EV_59445",
        "energia": 5,
        "lisa_cluster": "Low-Low (Coldspot)",
        "local_moran": 0.020098376625489224
      }
    },
    {
      "type": "Feature",
      "geometry": {
        "type": "Point",
        "coordinates": [
          14.108881400000001,
          40.7992888
        ]
      },
      "properties": {
        "event_id": "AUTO_EV_59446",
        "energia": 5,
        "lisa_cluster": "Low-High (Outlier)",
        "local_moran": -0.010723708502072398
      }
    },
    {
      "type": "Feature",
      "geometry": {
        "type": "Point",
        "coordinates": [
          14.100864000000001,
          40.797371600000005
        ]
      },
      "properties": {
        "event_id": "AUTO_EV_59447",
        "energia": 5,
        "lisa_cluster": "Low-Low (Coldspot)",
        "local_moran": 0.015456045751267114
      }
    },
    {
      "type": "Feature",
      "geometry": {
        "type": "Point",
        "coordinates": [
          14.1225512,
          40.8102148
        ]
      },
      "properties": {
        "event_id": "AUTO_EV_59448",
        "energia": 5,
        "lisa_cluster": "Low-High (Outlier)",
        "local_moran": -0.04795712089561919
      }
    },
    {
      "type": "Feature",
      "geometry": {
        "type": "Point",
        "coordinates": [
          14.1269325,
          40.81179316666667
        ]
      },
      "properties": {
        "event_id": "AUTO_EV_59449",
        "energia": 6,
        "lisa_cluster": "High-High (Hotspot)",
        "local_moran": 0.08415390347911678
      }
    },
    {
      "type": "Feature",
      "geometry": {
        "type": "Point",
        "coordinates": [
          14.065349333333335,
          40.774182
        ]
      },
      "properties": {
        "event_id": "AUTO_EV_59450",
        "energia": 3,
        "lisa_cluster": "Low-Low (Coldspot)",
        "local_moran": 0.4583092620879112
      }
    },
    {
      "type": "Feature",
      "geometry": {
        "type": "Point",
        "coordinates": [
          14.086765666666667,
          40.799964
        ]
      },
      "properties": {
        "event_id": "AUTO_EV_59451",
        "energia": 6,
        "lisa_cluster": "High-Low (Outlier)",
        "local_moran": -0.014239716523116073
      }
    },
    {
      "type": "Feature",
      "geometry": {
        "type": "Point",
        "coordinates": [
          14.10020275,
          40.794241
        ]
      },
      "properties": {
        "event_id": "AUTO_EV_59452",
        "energia": 4,
        "lisa_cluster": "Low-Low (Coldspot)",
        "local_moran": 0.29472954143518115
      }
    },
    {
      "type": "Feature",
      "geometry": {
        "type": "Point",
        "coordinates": [
          14.146138666666666,
          40.817196
        ]
      },
      "properties": {
        "event_id": "AUTO_EV_59453",
        "energia": 3,
        "lisa_cluster": "Low-Low (Coldspot)",
        "local_moran": 0.18967753770648904
      }
    },
    {
      "type": "Feature",
      "geometry": {
        "type": "Point",
        "coordinates": [
          14.0873715,
          40.81262125
        ]
      },
      "properties": {
        "event_id": "AUTO_EV_59454",
        "energia": 4,
        "lisa_cluster": "Low-Low (Coldspot)",
        "local_moran": 0.012404286972712036
      }
    },
    {
      "type": "Feature",
      "geometry": {
        "type": "Point",
        "coordinates": [
          14.11639525,
          40.7938505
        ]
      },
      "properties": {
        "event_id": "AUTO_EV_59455",
        "energia": 4,
        "lisa_cluster": "Low-Low (Coldspot)",
        "local_moran": 0.08032847670514824
      }
    },
    {
      "type": "Feature",
      "geometry": {
        "type": "Point",
        "coordinates": [
          14.1240889,
          40.818174600000006
        ]
      },
      "properties": {
        "event_id": "AUTO_EV_59456",
        "energia": 20,
        "lisa_cluster": "High-High (Hotspot)",
        "local_moran": 37.51766150463463
      }
    },
    {
      "type": "Feature",
      "geometry": {
        "type": "Point",
        "coordinates": [
          14.117095055555556,
          40.817716222222224
        ]
      },
      "properties": {
        "event_id": "AUTO_EV_59457",
        "energia": 18,
        "lisa_cluster": "High-High (Hotspot)",
        "local_moran": 26.255515530133863
      }
    },
    {
      "type": "Feature",
      "geometry": {
        "type": "Point",
        "coordinates": [
          14.122973625,
          40.812983625
        ]
      },
      "properties": {
        "event_id": "AUTO_EV_59458",
        "energia": 16,
        "lisa_cluster": "High-High (Hotspot)",
        "local_moran": 2.4850330473227147
      }
    },
    {
      "type": "Feature",
      "geometry": {
        "type": "Point",
        "coordinates": [
          14.115085066666667,
          40.8119776
        ]
      },
      "properties": {
        "event_id": "AUTO_EV_59459",
        "energia": 15,
        "lisa_cluster": "High-High (Hotspot)",
        "local_moran": 2.2760862120145084
      }
    },
    {
      "type": "Feature",
      "geometry": {
        "type": "Point",
        "coordinates": [
          14.136011636363635,
          40.82152545454546
        ]
      },
      "properties": {
        "event_id": "AUTO_EV_59460",
        "energia": 11,
        "lisa_cluster": "High-High (Hotspot)",
        "local_moran": 0.3959734168313755
      }
    },
    {
      "type": "Feature",
      "geometry": {
        "type": "Point",
        "coordinates": [
          14.099689249999999,
          40.8051515
        ]
      },
      "properties": {
        "event_id": "AUTO_EV_59461",
        "energia": 8,
        "lisa_cluster": "High-High (Hotspot)",
        "local_moran": 0.10776884075728912
      }
    },
    {
      "type": "Feature",
      "geometry": {
        "type": "Point",
        "coordinates": [
          14.10503125,
          40.815252
        ]
      },
      "properties": {
        "event_id": "AUTO_EV_59462",
        "energia": 8,
        "lisa_cluster": "High-High (Hotspot)",
        "local_moran": 0.4418971550174412
      }
    },
    {
      "type": "Feature",
      "geometry": {
        "type": "Point",
        "coordinates": [
          14.115425571428572,
          40.80180528571429
        ]
      },
      "properties": {
        "event_id": "AUTO_EV_59463",
        "energia": 7,
        "lisa_cluster": "High-High (Hotspot)",
        "local_moran": 0.026721282089425574
      }
    },
    {
      "type": "Feature",
      "geometry": {
        "type": "Point",
        "coordinates": [
          14.08454025,
          40.796283375
        ]
      },
      "properties": {
        "event_id": "AUTO_EV_59464",
        "energia": 8,
        "lisa_cluster": "High-Low (Outlier)",
        "local_moran": -0.1394517458438671
      }
    },
    {
      "type": "Feature",
      "geometry": {
        "type": "Point",
        "coordinates": [
          14.124848,
          40.808911625
        ]
      },
      "properties": {
        "event_id": "AUTO_EV_59465",
        "energia": 8,
        "lisa_cluster": "High-High (Hotspot)",
        "local_moran": 0.30736944903169383
      }
    },
    {
      "type": "Feature",
      "geometry": {
        "type": "Point",
        "coordinates": [
          14.113825,
          40.80651733333334
        ]
      },
      "properties": {
        "event_id": "AUTO_EV_59466",
        "energia": 6,
        "lisa_cluster": "High-High (Hotspot)",
        "local_moran": 0.06998801651019394
      }
    },
    {
      "type": "Feature",
      "geometry": {
        "type": "Point",
        "coordinates": [
          14.097078999999999,
          40.81284914285715
        ]
      },
      "properties": {
        "event_id": "AUTO_EV_59467",
        "energia": 7,
        "lisa_cluster": "High-High (Hotspot)",
        "local_moran": 0.12625499364566775
      }
    },
    {
      "type": "Feature",
      "geometry": {
        "type": "Point",
        "coordinates": [
          14.093426875,
          40.793435625
        ]
      },
      "properties": {
        "event_id": "AUTO_EV_59468",
        "energia": 8,
        "lisa_cluster": "High-Low (Outlier)",
        "local_moran": -0.10093233974724894
      }
    },
    {
      "type": "Feature",
      "geometry": {
        "type": "Point",
        "coordinates": [
          14.11766,
          40.804804999999995
        ]
      },
      "properties": {
        "event_id": "AUTO_EV_59469",
        "energia": 6,
        "lisa_cluster": "High-High (Hotspot)",
        "local_moran": 0.06346450615073176
      }
    },
    {
      "type": "Feature",
      "geometry": {
        "type": "Point",
        "coordinates": [
          14.156771833333332,
          40.81444233333333
        ]
      },
      "properties": {
        "event_id": "AUTO_EV_59470",
        "energia": 6,
        "lisa_cluster": "High-Low (Outlier)",
        "local_moran": -0.10168659536125238
      }
    },
    {
      "type": "Feature",
      "geometry": {
        "type": "Point",
        "coordinates": [
          14.0998318,
          40.7968232
        ]
      },
      "properties": {
        "event_id": "AUTO_EV_59471",
        "energia": 5,
        "lisa_cluster": "Low-High (Outlier)",
        "local_moran": -0.004692137892860282
      }
    },
    {
      "type": "Feature",
      "geometry": {
        "type": "Point",
        "coordinates": [
          14.124991399999999,
          40.8085992
        ]
      },
      "properties": {
        "event_id": "AUTO_EV_59472",
        "energia": 5,
        "lisa_cluster": "Low-High (Outlier)",
        "local_moran": -0.03729718538506937
      }
    },
    {
      "type": "Feature",
      "geometry": {
        "type": "Point",
        "coordinates": [
          14.12932375,
          40.8178
        ]
      },
      "properties": {
        "event_id": "AUTO_EV_59473",
        "energia": 4,
        "lisa_cluster": "Low-High (Outlier)",
        "local_moran": -0.24695528779912596
      }
    },
    {
      "type": "Feature",
      "geometry": {
        "type": "Point",
        "coordinates": [
          14.1409,
          40.800949
        ]
      },
      "properties": {
        "event_id": "AUTO_EV_59474",
        "energia": 4,
        "lisa_cluster": "Low-Low (Coldspot)",
        "local_moran": 0.2963506607331511
      }
    },
    {
      "type": "Feature",
      "geometry": {
        "type": "Point",
        "coordinates": [
          14.148533800000001,
          40.807027
        ]
      },
      "properties": {
        "event_id": "AUTO_EV_59475",
        "energia": 5,
        "lisa_cluster": "Low-Low (Coldspot)",
        "local_moran": 0.037802724099112915
      }
    },
    {
      "type": "Feature",
      "geometry": {
        "type": "Point",
        "coordinates": [
          14.134146,
          40.80173875
        ]
      },
      "properties": {
        "event_id": "AUTO_EV_59476",
        "energia": 4,
        "lisa_cluster": "Low-Low (Coldspot)",
        "local_moran": 0.30022297267807063
      }
    },
    {
      "type": "Feature",
      "geometry": {
        "type": "Point",
        "coordinates": [
          14.08640125,
          40.801659
        ]
      },
      "properties": {
        "event_id": "AUTO_EV_59477",
        "energia": 4,
        "lisa_cluster": "Low-Low (Coldspot)",
        "local_moran": 0.0031712248256893848
      }
    },
    {
      "type": "Feature",
      "geometry": {
        "type": "Point",
        "coordinates": [
          14.120170428571429,
          40.80175342857143
        ]
      },
      "properties": {
        "event_id": "AUTO_EV_59478",
        "energia": 7,
        "lisa_cluster": "High-Low (Outlier)",
        "local_moran": -0.0006878339600845755
      }
    },
    {
      "type": "Feature",
      "geometry": {
        "type": "Point",
        "coordinates": [
          14.135022166666666,
          40.811513999999995
        ]
      },
      "properties": {
        "event_id": "AUTO_EV_59479",
        "energia": 6,
        "lisa_cluster": "High-High (Hotspot)",
        "local_moran": 0.022678568350864303
      }
    },
    {
      "type": "Feature",
      "geometry": {
        "type": "Point",
        "coordinates": [
          14.119984857142857,
          40.809363714285716
        ]
      },
      "properties": {
        "event_id": "AUTO_EV_59480",
        "energia": 7,
        "lisa_cluster": "High-High (Hotspot)",
        "local_moran": 0.22862108349920027
      }
    },
    {
      "type": "Feature",
      "geometry": {
        "type": "Point",
        "coordinates": [
          14.098889333333332,
          40.80257433333333
        ]
      },
      "properties": {
        "event_id": "AUTO_EV_59481",
        "energia": 6,
        "lisa_cluster": "High-High (Hotspot)",
        "local_moran": 0.024868750973602163
      }
    },
    {
      "type": "Feature",
      "geometry": {
        "type": "Point",
        "coordinates": [
          14.095071333333332,
          40.7943365
        ]
      },
      "properties": {
        "event_id": "AUTO_EV_59482",
        "energia": 6,
        "lisa_cluster": "High-High (Hotspot)",
        "local_moran": 0.0755188928433843
      }
    },
    {
      "type": "Feature",
      "geometry": {
        "type": "Point",
        "coordinates": [
          14.1025594,
          40.7908222
        ]
      },
      "properties": {
        "event_id": "AUTO_EV_59483",
        "energia": 5,
        "lisa_cluster": "Low-Low (Coldspot)",
        "local_moran": 0.021989212841943783
      }
    },
    {
      "type": "Feature",
      "geometry": {
        "type": "Point",
        "coordinates": [
          14.1172888,
          40.8141388
        ]
      },
      "properties": {
        "event_id": "AUTO_EV_59484",
        "energia": 5,
        "lisa_cluster": "Low-Low (Coldspot)",
        "local_moran": 0.006497738036395763
      }
    },
    {
      "type": "Feature",
      "geometry": {
        "type": "Point",
        "coordinates": [
          14.160654749999999,
          40.831118000000004
        ]
      },
      "properties": {
        "event_id": "AUTO_EV_59485",
        "energia": 4,
        "lisa_cluster": "Low-Low (Coldspot)",
        "local_moran": 0.18003779827203567
      }
    },
    {
      "type": "Feature",
      "geometry": {
        "type": "Point",
        "coordinates": [
          14.146422142857144,
          40.80776814285714
        ]
      },
      "properties": {
        "event_id": "AUTO_EV_59486",
        "energia": 7,
        "lisa_cluster": "High-Low (Outlier)",
        "local_moran": -0.1826218272132444
      }
    },
    {
      "type": "Feature",
      "geometry": {
        "type": "Point",
        "coordinates": [
          14.080364714285713,
          40.80053171428572
        ]
      },
      "properties": {
        "event_id": "AUTO_EV_59487",
        "energia": 7,
        "lisa_cluster": "High-Low (Outlier)",
        "local_moran": -0.0783182398892429
      }
    },
    {
      "type": "Feature",
      "geometry": {
        "type": "Point",
        "coordinates": [
          14.086673333333332,
          40.807332333333335
        ]
      },
      "properties": {
        "event_id": "AUTO_EV_59488",
        "energia": 3,
        "lisa_cluster": "Low-Low (Coldspot)",
        "local_moran": 0.08105628509707478
      }
    },
    {
      "type": "Feature",
      "geometry": {
        "type": "Point",
        "coordinates": [
          14.118012199999999,
          40.799588799999995
        ]
      },
      "properties": {
        "event_id": "AUTO_EV_59489",
        "energia": 5,
        "lisa_cluster": "Low-Low (Coldspot)",
        "local_moran": 0.015989702325604982
      }
    },
    {
      "type": "Feature",
      "geometry": {
        "type": "Point",
        "coordinates": [
          14.090316999999999,
          40.79563475
        ]
      },
      "properties": {
        "event_id": "AUTO_EV_59490",
        "energia": 4,
        "lisa_cluster": "Low-Low (Coldspot)",
        "local_moran": 0.0435065285430306
      }
    },
    {
      "type": "Feature",
      "geometry": {
        "type": "Point",
        "coordinates": [
          14.14634925,
          40.820203
        ]
      },
      "properties": {
        "event_id": "AUTO_EV_59491",
        "energia": 4,
        "lisa_cluster": "Low-Low (Coldspot)",
        "local_moran": 0.06451917553686398
      }
    },
    {
      "type": "Feature",
      "geometry": {
        "type": "Point",
        "coordinates": [
          14.091976333333333,
          40.79781083333334
        ]
      },
      "properties": {
        "event_id": "AUTO_EV_59492",
        "energia": 6,
        "lisa_cluster": "High-High (Hotspot)",
        "local_moran": 0.07485837763973689
      }
    },
    {
      "type": "Feature",
      "geometry": {
        "type": "Point",
        "coordinates": [
          14.107668799999999,
          40.8040176
        ]
      },
      "properties": {
        "event_id": "AUTO_EV_59493",
        "energia": 5,
        "lisa_cluster": "Low-High (Outlier)",
        "local_moran": -0.021646248487505283
      }
    },
    {
      "type": "Feature",
      "geometry": {
        "type": "Point",
        "coordinates": [
          14.106927333333333,
          40.800139
        ]
      },
      "properties": {
        "event_id": "AUTO_EV_59494",
        "energia": 6,
        "lisa_cluster": "High-High (Hotspot)",
        "local_moran": 0.0220385747332592
      }
    },
    {
      "type": "Feature",
      "geometry": {
        "type": "Point",
        "coordinates": [
          14.139786,
          40.820069875
        ]
      },
      "properties": {
        "event_id": "AUTO_EV_59495",
        "energia": 8,
        "lisa_cluster": "High-Low (Outlier)",
        "local_moran": -0.030066356394566514
      }
    },
    {
      "type": "Feature",
      "geometry": {
        "type": "Point",
        "coordinates": [
          14.106552,
          40.80630333333333
        ]
      },
      "properties": {
        "event_id": "AUTO_EV_59496",
        "energia": 6,
        "lisa_cluster": "High-High (Hotspot)",
        "local_moran": 0.06384263807102841
      }
    },
    {
      "type": "Feature",
      "geometry": {
        "type": "Point",
        "coordinates": [
          14.081522999999999,
          40.79771866666667
        ]
      },
      "properties": {
        "event_id": "AUTO_EV_59497",
        "energia": 6,
        "lisa_cluster": "High-Low (Outlier)",
        "local_moran": -0.03011484553513075
      }
    },
    {
      "type": "Feature",
      "geometry": {
        "type": "Point",
        "coordinates": [
          14.100450333333335,
          40.80026222222222
        ]
      },
      "properties": {
        "event_id": "AUTO_EV_59498",
        "energia": 9,
        "lisa_cluster": "High-High (Hotspot)",
        "local_moran": 0.10859831330138604
      }
    },
    {
      "type": "Feature",
      "geometry": {
        "type": "Point",
        "coordinates": [
          14.1445155,
          40.808884
        ]
      },
      "properties": {
        "event_id": "AUTO_EV_59499",
        "energia": 4,
        "lisa_cluster": "Low-Low (Coldspot)",
        "local_moran": 0.29620041925697016
      }
    },
    {
      "type": "Feature",
      "geometry": {
        "type": "Point",
        "coordinates": [
          14.1374958,
          40.8211518
        ]
      },
      "properties": {
        "event_id": "AUTO_EV_59500",
        "energia": 5,
        "lisa_cluster": "Low-High (Outlier)",
        "local_moran": -0.01744800611933706
      }
    },
    {
      "type": "Feature",
      "geometry": {
        "type": "Point",
        "coordinates": [
          14.090063,
          40.7921386
        ]
      },
      "properties": {
        "event_id": "AUTO_EV_59501",
        "energia": 5,
        "lisa_cluster": "Low-Low (Coldspot)",
        "local_moran": 0.017435235316744707
      }
    },
    {
      "type": "Feature",
      "geometry": {
        "type": "Point",
        "coordinates": [
          14.127037999999999,
          40.82358925
        ]
      },
      "properties": {
        "event_id": "AUTO_EV_59502",
        "energia": 4,
        "lisa_cluster": "Low-High (Outlier)",
        "local_moran": -0.3223591933381951
      }
    },
    {
      "type": "Feature",
      "geometry": {
        "type": "Point",
        "coordinates": [
          14.15267825,
          40.80674275
        ]
      },
      "properties": {
        "event_id": "AUTO_EV_59503",
        "energia": 4,
        "lisa_cluster": "Low-Low (Coldspot)",
        "local_moran": 0.29871030045147523
      }
    },
    {
      "type": "Feature",
      "geometry": {
        "type": "Point",
        "coordinates": [
          14.0829425,
          40.80013183333333
        ]
      },
      "properties": {
        "event_id": "AUTO_EV_59504",
        "energia": 6,
        "lisa_cluster": "High-High (Hotspot)",
        "local_moran": 0.0758543087607193
      }
    },
    {
      "type": "Feature",
      "geometry": {
        "type": "Point",
        "coordinates": [
          14.1103026,
          40.8096412
        ]
      },
      "properties": {
        "event_id": "AUTO_EV_59505",
        "energia": 5,
        "lisa_cluster": "Low-High (Outlier)",
        "local_moran": -0.05851877684198432
      }
    },
    {
      "type": "Feature",
      "geometry": {
        "type": "Point",
        "coordinates": [
          14.1024674,
          40.7935284
        ]
      },
      "properties": {
        "event_id": "AUTO_EV_59506",
        "energia": 5,
        "lisa_cluster": "Low-Low (Coldspot)",
        "local_moran": 0.01691873303753683
      }
    },
    {
      "type": "Feature",
      "geometry": {
        "type": "Point",
        "coordinates": [
          14.0947238,
          40.81501
        ]
      },
      "properties": {
        "event_id": "AUTO_EV_59507",
        "energia": 5,
        "lisa_cluster": "Low-High (Outlier)",
        "local_moran": -0.013252478116891503
      }
    },
    {
      "type": "Feature",
      "geometry": {
        "type": "Point",
        "coordinates": [
          14.1202775,
          40.8074635
        ]
      },
      "properties": {
        "event_id": "AUTO_EV_59508",
        "energia": 8,
        "lisa_cluster": "High-High (Hotspot)",
        "local_moran": 0.2350775307645573
      }
    },
    {
      "type": "Feature",
      "geometry": {
        "type": "Point",
        "coordinates": [
          14.082958166666666,
          40.79501866666667
        ]
      },
      "properties": {
        "event_id": "AUTO_EV_59509",
        "energia": 6,
        "lisa_cluster": "High-Low (Outlier)",
        "local_moran": -0.03269833976984307
      }
    },
    {
      "type": "Feature",
      "geometry": {
        "type": "Point",
        "coordinates": [
          14.10266,
          40.794658999999996
        ]
      },
      "properties": {
        "event_id": "AUTO_EV_59510",
        "energia": 4,
        "lisa_cluster": "Low-Low (Coldspot)",
        "local_moran": 0.28220937177705174
      }
    },
    {
      "type": "Feature",
      "geometry": {
        "type": "Point",
        "coordinates": [
          14.104331166666666,
          40.801146833333334
        ]
      },
      "properties": {
        "event_id": "AUTO_EV_59511",
        "energia": 6,
        "lisa_cluster": "High-High (Hotspot)",
        "local_moran": 0.07698037345502293
      }
    },
    {
      "type": "Feature",
      "geometry": {
        "type": "Point",
        "coordinates": [
          14.115357571428572,
          40.80785742857143
        ]
      },
      "properties": {
        "event_id": "AUTO_EV_59512",
        "energia": 7,
        "lisa_cluster": "High-High (Hotspot)",
        "local_moran": 0.26134544758072203
      }
    },
    {
      "type": "Feature",
      "geometry": {
        "type": "Point",
        "coordinates": [
          14.094921,
          40.79971475
        ]
      },
      "properties": {
        "event_id": "AUTO_EV_59513",
        "energia": 4,
        "lisa_cluster": "Low-High (Outlier)",
        "local_moran": -0.008436688165582821
      }
    },
    {
      "type": "Feature",
      "geometry": {
        "type": "Point",
        "coordinates": [
          14.121591500000001,
          40.805155
        ]
      },
      "properties": {
        "event_id": "AUTO_EV_59514",
        "energia": 4,
        "lisa_cluster": "Low-High (Outlier)",
        "local_moran": -0.10473976255962571
      }
    },
    {
      "type": "Feature",
      "geometry": {
        "type": "Point",
        "coordinates": [
          14.141661749999999,
          40.81246825
        ]
      },
      "properties": {
        "event_id": "AUTO_EV_59515",
        "energia": 4,
        "lisa_cluster": "Low-Low (Coldspot)",
        "local_moran": 0.29408882315560536
      }
    },
    {
      "type": "Feature",
      "geometry": {
        "type": "Point",
        "coordinates": [
          14.121714428571428,
          40.81123042857143
        ]
      },
      "properties": {
        "event_id": "AUTO_EV_59516",
        "energia": 7,
        "lisa_cluster": "High-High (Hotspot)",
        "local_moran": 0.2879809404125694
      }
    },
    {
      "type": "Feature",
      "geometry": {
        "type": "Point",
        "coordinates": [
          14.118615599999998,
          40.796672799999996
        ]
      },
      "properties": {
        "event_id": "AUTO_EV_59517",
        "energia": 5,
        "lisa_cluster": "Low-Low (Coldspot)",
        "local_moran": 0.013707312979443175
      }
    },
    {
      "type": "Feature",
      "geometry": {
        "type": "Point",
        "coordinates": [
          14.139577399999999,
          40.822209199999996
        ]
      },
      "properties": {
        "event_id": "AUTO_EV_59518",
        "energia": 5,
        "lisa_cluster": "Low-High (Outlier)",
        "local_moran": -0.012560551492176412
      }
    },
    {
      "type": "Feature",
      "geometry": {
        "type": "Point",
        "coordinates": [
          14.091952800000001,
          40.792526800000005
        ]
      },
      "properties": {
        "event_id": "AUTO_EV_59519",
        "energia": 5,
        "lisa_cluster": "Low-Low (Coldspot)",
        "local_moran": 0.017033474104904713
      }
    },
    {
      "type": "Feature",
      "geometry": {
        "type": "Point",
        "coordinates": [
          14.10806425,
          40.80096675
        ]
      },
      "properties": {
        "event_id": "AUTO_EV_59520",
        "energia": 4,
        "lisa_cluster": "Low-High (Outlier)",
        "local_moran": -0.053622639578204956
      }
    },
    {
      "type": "Feature",
      "geometry": {
        "type": "Point",
        "coordinates": [
          14.150072999999999,
          40.82798175
        ]
      },
      "properties": {
        "event_id": "AUTO_EV_59521",
        "energia": 4,
        "lisa_cluster": "Low-Low (Coldspot)",
        "local_moran": 0.13895393901237552
      }
    },
    {
      "type": "Feature",
      "geometry": {
        "type": "Point",
        "coordinates": [
          14.0677886,
          40.809241400000005
        ]
      },
      "properties": {
        "event_id": "AUTO_EV_59522",
        "energia": 5,
        "lisa_cluster": "Low-Low (Coldspot)",
        "local_moran": 0.03496088490300735
      }
    },
    {
      "type": "Feature",
      "geometry": {
        "type": "Point",
        "coordinates": [
          14.10694225,
          40.822855000000004
        ]
      },
      "properties": {
        "event_id": "AUTO_EV_59523",
        "energia": 4,
        "lisa_cluster": "Low-Low (Coldspot)",
        "local_moran": 0.2963372203231735
      }
    },
    {
      "type": "Feature",
      "geometry": {
        "type": "Point",
        "coordinates": [
          14.123092600000001,
          40.8053134
        ]
      },
      "properties": {
        "event_id": "AUTO_EV_59524",
        "energia": 5,
        "lisa_cluster": "Low-High (Outlier)",
        "local_moran": -0.025793097590797738
      }
    },
    {
      "type": "Feature",
      "geometry": {
        "type": "Point",
        "coordinates": [
          14.101567750000001,
          40.78969925
        ]
      },
      "properties": {
        "event_id": "AUTO_EV_59525",
        "energia": 4,
        "lisa_cluster": "Low-Low (Coldspot)",
        "local_moran": 0.2983207939816106
      }
    },
    {
      "type": "Feature",
      "geometry": {
        "type": "Point",
        "coordinates": [
          14.143416,
          40.8171885
        ]
      },
      "properties": {
        "event_id": "AUTO_EV_59526",
        "energia": 4,
        "lisa_cluster": "Low-Low (Coldspot)",
        "local_moran": 0.057858908430887715
      }
    },
    {
      "type": "Feature",
      "geometry": {
        "type": "Point",
        "coordinates": [
          14.1409,
          40.800949
        ]
      },
      "properties": {
        "event_id": "AUTO_EV_59527",
        "energia": 4,
        "lisa_cluster": "Low-Low (Coldspot)",
        "local_moran": 0.2963506607331511
      }
    },
    {
      "type": "Feature",
      "geometry": {
        "type": "Point",
        "coordinates": [
          14.084515999999999,
          40.8014502
        ]
      },
      "properties": {
        "event_id": "AUTO_EV_59528",
        "energia": 5,
        "lisa_cluster": "Low-Low (Coldspot)",
        "local_moran": 0.008637130965080259
      }
    },
    {
      "type": "Feature",
      "geometry": {
        "type": "Point",
        "coordinates": [
          14.1073025,
          40.7894475
        ]
      },
      "properties": {
        "event_id": "AUTO_EV_59529",
        "energia": 4,
        "lisa_cluster": "Low-Low (Coldspot)",
        "local_moran": 0.0973478202323408
      }
    },
    {
      "type": "Feature",
      "geometry": {
        "type": "Point",
        "coordinates": [
          14.1185245,
          40.802534875
        ]
      },
      "properties": {
        "event_id": "AUTO_EV_59530",
        "energia": 8,
        "lisa_cluster": "High-High (Hotspot)",
        "local_moran": 0.05162699482164016
      }
    },
    {
      "type": "Feature",
      "geometry": {
        "type": "Point",
        "coordinates": [
          14.149943666666667,
          40.812417
        ]
      },
      "properties": {
        "event_id": "AUTO_EV_59531",
        "energia": 3,
        "lisa_cluster": "Low-Low (Coldspot)",
        "local_moran": 0.2858043690882077
      }
    },
    {
      "type": "Feature",
      "geometry": {
        "type": "Point",
        "coordinates": [
          14.0995965,
          40.79688525
        ]
      },
      "properties": {
        "event_id": "AUTO_EV_59532",
        "energia": 8,
        "lisa_cluster": "High-Low (Outlier)",
        "local_moran": -0.022255287210631053
      }
    },
    {
      "type": "Feature",
      "geometry": {
        "type": "Point",
        "coordinates": [
          14.085774800000001,
          40.8084008
        ]
      },
      "properties": {
        "event_id": "AUTO_EV_59533",
        "energia": 5,
        "lisa_cluster": "Low-Low (Coldspot)",
        "local_moran": 0.01679559013508406
      }
    },
    {
      "type": "Feature",
      "geometry": {
        "type": "Point",
        "coordinates": [
          14.115740800000001,
          40.8149686
        ]
      },
      "properties": {
        "event_id": "AUTO_EV_59534",
        "energia": 5,
        "lisa_cluster": "Low-High (Outlier)",
        "local_moran": -0.11126806649786336
      }
    },
    {
      "type": "Feature",
      "geometry": {
        "type": "Point",
        "coordinates": [
          14.1634055,
          40.81424525
        ]
      },
      "properties": {
        "event_id": "AUTO_EV_59535",
        "energia": 4,
        "lisa_cluster": "Low-Low (Coldspot)",
        "local_moran": 0.26307297142668545
      }
    },
    {
      "type": "Feature",
      "geometry": {
        "type": "Point",
        "coordinates": [
          14.1135604,
          40.8078366
        ]
      },
      "properties": {
        "event_id": "AUTO_EV_59536",
        "energia": 5,
        "lisa_cluster": "Low-High (Outlier)",
        "local_moran": -0.05047959455890366
      }
    },
    {
      "type": "Feature",
      "geometry": {
        "type": "Point",
        "coordinates": [
          14.095297333333333,
          40.803467833333336
        ]
      },
      "properties": {
        "event_id": "AUTO_EV_59537",
        "energia": 6,
        "lisa_cluster": "High-High (Hotspot)",
        "local_moran": 0.017714758721654653
      }
    },
    {
      "type": "Feature",
      "geometry": {
        "type": "Point",
        "coordinates": [
          14.096299666666667,
          40.79307166666667
        ]
      },
      "properties": {
        "event_id": "AUTO_EV_59538",
        "energia": 6,
        "lisa_cluster": "High-Low (Outlier)",
        "local_moran": -0.01412236639532178
      }
    },
    {
      "type": "Feature",
      "geometry": {
        "type": "Point",
        "coordinates": [
          14.134388999999999,
          40.81041075
        ]
      },
      "properties": {
        "event_id": "AUTO_EV_59539",
        "energia": 4,
        "lisa_cluster": "Low-Low (Coldspot)",
        "local_moran": 0.2970664931531681
      }
    },
    {
      "type": "Feature",
      "geometry": {
        "type": "Point",
        "coordinates": [
          14.135567,
          40.82030533333333
        ]
      },
      "properties": {
        "event_id": "AUTO_EV_59540",
        "energia": 6,
        "lisa_cluster": "High-High (Hotspot)",
        "local_moran": 0.059723075816946684
      }
    },
    {
      "type": "Feature",
      "geometry": {
        "type": "Point",
        "coordinates": [
          14.0776605,
          40.79166925
        ]
      },
      "properties": {
        "event_id": "AUTO_EV_59541",
        "energia": 4,
        "lisa_cluster": "Low-Low (Coldspot)",
        "local_moran": 0.2973387931389316
      }
    },
    {
      "type": "Feature",
      "geometry": {
        "type": "Point",
        "coordinates": [
          14.113387666666668,
          40.793212000000004
        ]
      },
      "properties": {
        "event_id": "AUTO_EV_59542",
        "energia": 3,
        "lisa_cluster": "Low-Low (Coldspot)",
        "local_moran": 0.14001844509444084
      }
    },
    {
      "type": "Feature",
      "geometry": {
        "type": "Point",
        "coordinates": [
          14.058138,
          40.78908725
        ]
      },
      "properties": {
        "event_id": "AUTO_EV_59543",
        "energia": 4,
        "lisa_cluster": "Low-Low (Coldspot)",
        "local_moran": 0.3014388944729606
      }
    },
    {
      "type": "Feature",
      "geometry": {
        "type": "Point",
        "coordinates": [
          14.132581400000001,
          40.816816
        ]
      },
      "properties": {
        "event_id": "AUTO_EV_59544",
        "energia": 5,
        "lisa_cluster": "Low-High (Outlier)",
        "local_moran": -0.03605956233496262
      }
    },
    {
      "type": "Feature",
      "geometry": {
        "type": "Point",
        "coordinates": [
          14.11677,
          40.82361875
        ]
      },
      "properties": {
        "event_id": "AUTO_EV_59545",
        "energia": 4,
        "lisa_cluster": "Low-Low (Coldspot)",
        "local_moran": 0.2690085570219946
      }
    },
    {
      "type": "Feature",
      "geometry": {
        "type": "Point",
        "coordinates": [
          14.108185857142857,
          40.80569042857143
        ]
      },
      "properties": {
        "event_id": "AUTO_EV_59546",
        "energia": 7,
        "lisa_cluster": "High-High (Hotspot)",
        "local_moran": 0.15222037292878618
      }
    },
    {
      "type": "Feature",
      "geometry": {
        "type": "Point",
        "coordinates": [
          14.13863025,
          40.8166335
        ]
      },
      "properties": {
        "event_id": "AUTO_EV_59547",
        "energia": 4,
        "lisa_cluster": "Low-High (Outlier)",
        "local_moran": -0.046154266167012674
      }
    },
    {
      "type": "Feature",
      "geometry": {
        "type": "Point",
        "coordinates": [
          14.098325,
          40.79831016666667
        ]
      },
      "properties": {
        "event_id": "AUTO_EV_59548",
        "energia": 6,
        "lisa_cluster": "High-High (Hotspot)",
        "local_moran": 0.010270932038149745
      }
    },
    {
      "type": "Feature",
      "geometry": {
        "type": "Point",
        "coordinates": [
          14.113317166666667,
          40.79883783333333
        ]
      },
      "properties": {
        "event_id": "AUTO_EV_59549",
        "energia": 6,
        "lisa_cluster": "High-High (Hotspot)",
        "local_moran": 0.0007274527446097868
      }
    },
    {
      "type": "Feature",
      "geometry": {
        "type": "Point",
        "coordinates": [
          14.097444999999999,
          40.7979596
        ]
      },
      "properties": {
        "event_id": "AUTO_EV_59550",
        "energia": 5,
        "lisa_cluster": "Low-High (Outlier)",
        "local_moran": -0.0015924858831496437
      }
    },
    {
      "type": "Feature",
      "geometry": {
        "type": "Point",
        "coordinates": [
          14.127460166666665,
          40.801573999999995
        ]
      },
      "properties": {
        "event_id": "AUTO_EV_59551",
        "energia": 6,
        "lisa_cluster": "High-Low (Outlier)",
        "local_moran": -0.036184788202910906
      }
    },
    {
      "type": "Feature",
      "geometry": {
        "type": "Point",
        "coordinates": [
          14.105424714285714,
          40.79771828571428
        ]
      },
      "properties": {
        "event_id": "AUTO_EV_59552",
        "energia": 7,
        "lisa_cluster": "High-High (Hotspot)",
        "local_moran": 0.02082512457916248
      }
    },
    {
      "type": "Feature",
      "geometry": {
        "type": "Point",
        "coordinates": [
          14.10197775,
          40.800916
        ]
      },
      "properties": {
        "event_id": "AUTO_EV_59553",
        "energia": 4,
        "lisa_cluster": "Low-High (Outlier)",
        "local_moran": -0.04608893161496808
      }
    },
    {
      "type": "Feature",
      "geometry": {
        "type": "Point",
        "coordinates": [
          14.121808,
          40.8070705
        ]
      },
      "properties": {
        "event_id": "AUTO_EV_59554",
        "energia": 4,
        "lisa_cluster": "Low-Low (Coldspot)",
        "local_moran": 0.25880570300259126
      }
    },
    {
      "type": "Feature",
      "geometry": {
        "type": "Point",
        "coordinates": [
          14.104857999999998,
          40.803575
        ]
      },
      "properties": {
        "event_id": "AUTO_EV_59555",
        "energia": 5,
        "lisa_cluster": "Low-High (Outlier)",
        "local_moran": -0.01754864530330867
      }
    },
    {
      "type": "Feature",
      "geometry": {
        "type": "Point",
        "coordinates": [
          14.092464,
          40.8064355
        ]
      },
      "properties": {
        "event_id": "AUTO_EV_59556",
        "energia": 4,
        "lisa_cluster": "Low-Low (Coldspot)",
        "local_moran": 0.2759617734188801
      }
    },
    {
      "type": "Feature",
      "geometry": {
        "type": "Point",
        "coordinates": [
          14.0691545,
          40.78336175
        ]
      },
      "properties": {
        "event_id": "AUTO_EV_59557",
        "energia": 4,
        "lisa_cluster": "Low-Low (Coldspot)",
        "local_moran": 0.30111341290712423
      }
    },
    {
      "type": "Feature",
      "geometry": {
        "type": "Point",
        "coordinates": [
          14.120196,
          40.79972825
        ]
      },
      "properties": {
        "event_id": "AUTO_EV_59558",
        "energia": 4,
        "lisa_cluster": "Low-Low (Coldspot)",
        "local_moran": 0.02258856372508758
      }
    },
    {
      "type": "Feature",
      "geometry": {
        "type": "Point",
        "coordinates": [
          14.120317,
          40.8022548
        ]
      },
      "properties": {
        "event_id": "AUTO_EV_59559",
        "energia": 5,
        "lisa_cluster": "Low-High (Outlier)",
        "local_moran": -0.004850568192924133
      }
    },
    {
      "type": "Feature",
      "geometry": {
        "type": "Point",
        "coordinates": [
          14.117631750000001,
          40.812081750000004
        ]
      },
      "properties": {
        "event_id": "AUTO_EV_59560",
        "energia": 4,
        "lisa_cluster": "Low-Low (Coldspot)",
        "local_moran": 0.2410321583451684
      }
    },
    {
      "type": "Feature",
      "geometry": {
        "type": "Point",
        "coordinates": [
          14.1119996,
          40.7910052
        ]
      },
      "properties": {
        "event_id": "AUTO_EV_59561",
        "energia": 5,
        "lisa_cluster": "Low-Low (Coldspot)",
        "local_moran": 0.017413226881487175
      }
    },
    {
      "type": "Feature",
      "geometry": {
        "type": "Point",
        "coordinates": [
          14.127810666666667,
          40.805413333333334
        ]
      },
      "properties": {
        "event_id": "AUTO_EV_59562",
        "energia": 9,
        "lisa_cluster": "High-High (Hotspot)",
        "local_moran": 0.16169668728780634
      }
    },
    {
      "type": "Feature",
      "geometry": {
        "type": "Point",
        "coordinates": [
          14.108461199999999,
          40.808247800000004
        ]
      },
      "properties": {
        "event_id": "AUTO_EV_59563",
        "energia": 5,
        "lisa_cluster": "Low-Low (Coldspot)",
        "local_moran": 0.012292246226034203
      }
    },
    {
      "type": "Feature",
      "geometry": {
        "type": "Point",
        "coordinates": [
          14.18649175,
          40.821875
        ]
      },
      "properties": {
        "event_id": "AUTO_EV_59564",
        "energia": 4,
        "lisa_cluster": "Low-Low (Coldspot)",
        "local_moran": 0.34636907844136094
      }
    },
    {
      "type": "Feature",
      "geometry": {
        "type": "Point",
        "coordinates": [
          14.1202464,
          40.8075488
        ]
      },
      "properties": {
        "event_id": "AUTO_EV_59565",
        "energia": 5,
        "lisa_cluster": "Low-Low (Coldspot)",
        "local_moran": 0.010417784423363762
      }
    },
    {
      "type": "Feature",
      "geometry": {
        "type": "Point",
        "coordinates": [
          14.10233725,
          40.812861
        ]
      },
      "properties": {
        "event_id": "AUTO_EV_59566",
        "energia": 4,
        "lisa_cluster": "Low-Low (Coldspot)",
        "local_moran": 0.269044409945773
      }
    },
    {
      "type": "Feature",
      "geometry": {
        "type": "Point",
        "coordinates": [
          14.13383325,
          40.814327750000004
        ]
      },
      "properties": {
        "event_id": "AUTO_EV_59567",
        "energia": 4,
        "lisa_cluster": "Low-Low (Coldspot)",
        "local_moran": 0.26885873597467014
      }
    },
    {
      "type": "Feature",
      "geometry": {
        "type": "Point",
        "coordinates": [
          14.1198844,
          40.8113686
        ]
      },
      "properties": {
        "event_id": "AUTO_EV_59568",
        "energia": 5,
        "lisa_cluster": "Low-High (Outlier)",
        "local_moran": -0.05926647242784537
      }
    },
    {
      "type": "Feature",
      "geometry": {
        "type": "Point",
        "coordinates": [
          14.1154575,
          40.79991475
        ]
      },
      "properties": {
        "event_id": "AUTO_EV_59569",
        "energia": 4,
        "lisa_cluster": "Low-Low (Coldspot)",
        "local_moran": 0.27862236461211404
      }
    },
    {
      "type": "Feature",
      "geometry": {
        "type": "Point",
        "coordinates": [
          14.09907375,
          40.800005750000004
        ]
      },
      "properties": {
        "event_id": "AUTO_EV_59570",
        "energia": 4,
        "lisa_cluster": "Low-High (Outlier)",
        "local_moran": -0.013955106787428482
      }
    },
    {
      "type": "Feature",
      "geometry": {
        "type": "Point",
        "coordinates": [
          14.079441800000001,
          40.7856388
        ]
      },
      "properties": {
        "event_id": "AUTO_EV_59571",
        "energia": 5,
        "lisa_cluster": "Low-Low (Coldspot)",
        "local_moran": 0.04119804988572659
      }
    },
    {
      "type": "Feature",
      "geometry": {
        "type": "Point",
        "coordinates": [
          14.1318938,
          40.8020304
        ]
      },
      "properties": {
        "event_id": "AUTO_EV_59572",
        "energia": 5,
        "lisa_cluster": "Low-Low (Coldspot)",
        "local_moran": 0.021329850076026634
      }
    },
    {
      "type": "Feature",
      "geometry": {
        "type": "Point",
        "coordinates": [
          14.09995975,
          40.785569
        ]
      },
      "properties": {
        "event_id": "AUTO_EV_59573",
        "energia": 4,
        "lisa_cluster": "Low-Low (Coldspot)",
        "local_moran": 0.2998837782574682
      }
    },
    {
      "type": "Feature",
      "geometry": {
        "type": "Point",
        "coordinates": [
          14.1283455,
          40.804365250000004
        ]
      },
      "properties": {
        "event_id": "AUTO_EV_59574",
        "energia": 4,
        "lisa_cluster": "Low-Low (Coldspot)",
        "local_moran": 0.27490338829645755
      }
    },
    {
      "type": "Feature",
      "geometry": {
        "type": "Point",
        "coordinates": [
          14.1237682,
          40.821396400000005
        ]
      },
      "properties": {
        "event_id": "AUTO_EV_59575",
        "energia": 5,
        "lisa_cluster": "Low-Low (Coldspot)",
        "local_moran": 0.008793024991772177
      }
    },
    {
      "type": "Feature",
      "geometry": {
        "type": "Point",
        "coordinates": [
          14.12898475,
          40.804103
        ]
      },
      "properties": {
        "event_id": "AUTO_EV_59576",
        "energia": 4,
        "lisa_cluster": "Low-Low (Coldspot)",
        "local_moran": 0.27686731470990883
      }
    },
    {
      "type": "Feature",
      "geometry": {
        "type": "Point",
        "coordinates": [
          14.103537,
          40.8104296
        ]
      },
      "properties": {
        "event_id": "AUTO_EV_59577",
        "energia": 5,
        "lisa_cluster": "Low-Low (Coldspot)",
        "local_moran": 0.011512810223650945
      }
    },
    {
      "type": "Feature",
      "geometry": {
        "type": "Point",
        "coordinates": [
          14.097759200000002,
          40.799728
        ]
      },
      "properties": {
        "event_id": "AUTO_EV_59578",
        "energia": 5,
        "lisa_cluster": "Low-High (Outlier)",
        "local_moran": -0.009360926520414523
      }
    },
    {
      "type": "Feature",
      "geometry": {
        "type": "Point",
        "coordinates": [
          14.0902636,
          40.788989400000006
        ]
      },
      "properties": {
        "event_id": "AUTO_EV_59579",
        "energia": 5,
        "lisa_cluster": "Low-Low (Coldspot)",
        "local_moran": 0.01724395582741851
      }
    },
    {
      "type": "Feature",
      "geometry": {
        "type": "Point",
        "coordinates": [
          14.06501925,
          40.77304425
        ]
      },
      "properties": {
        "event_id": "AUTO_EV_59580",
        "energia": 4,
        "lisa_cluster": "Low-Low (Coldspot)",
        "local_moran": 0.30199225446233924
      }
    },
    {
      "type": "Feature",
      "geometry": {
        "type": "Point",
        "coordinates": [
          14.1422506,
          40.813777800000004
        ]
      },
      "properties": {
        "event_id": "AUTO_EV_59581",
        "energia": 5,
        "lisa_cluster": "Low-Low (Coldspot)",
        "local_moran": 0.017434194063137235
      }
    },
    {
      "type": "Feature",
      "geometry": {
        "type": "Point",
        "coordinates": [
          14.149515749999999,
          40.80402975
        ]
      },
      "properties": {
        "event_id": "AUTO_EV_59582",
        "energia": 4,
        "lisa_cluster": "Low-Low (Coldspot)",
        "local_moran": 0.30060198558779466
      }
    },
    {
      "type": "Feature",
      "geometry": {
        "type": "Point",
        "coordinates": [
          14.05098475,
          40.784385
        ]
      },
      "properties": {
        "event_id": "AUTO_EV_59583",
        "energia": 4,
        "lisa_cluster": "Low-Low (Coldspot)",
        "local_moran": 0.2920947054187235
      }
    },
    {
      "type": "Feature",
      "geometry": {
        "type": "Point",
        "coordinates": [
          14.115856749999999,
          40.80540675
        ]
      },
      "properties": {
        "event_id": "AUTO_EV_59584",
        "energia": 4,
        "lisa_cluster": "Low-Low (Coldspot)",
        "local_moran": 0.29633796208590735
      }
    },
    {
      "type": "Feature",
      "geometry": {
        "type": "Point",
        "coordinates": [
          14.08304425,
          40.79357725
        ]
      },
      "properties": {
        "event_id": "AUTO_EV_59585",
        "energia": 4,
        "lisa_cluster": "Low-Low (Coldspot)",
        "local_moran": 0.2878969835124519
      }
    },
    {
      "type": "Feature",
      "geometry": {
        "type": "Point",
        "coordinates": [
          14.141008833333332,
          40.81887783333333
        ]
      },
      "properties": {
        "event_id": "AUTO_EV_59586",
        "energia": 6,
        "lisa_cluster": "High-Low (Outlier)",
        "local_moran": -0.004803802054204792
      }
    },
    {
      "type": "Feature",
      "geometry": {
        "type": "Point",
        "coordinates": [
          14.1251795,
          40.820842375
        ]
      },
      "properties": {
        "event_id": "AUTO_EV_59587",
        "energia": 8,
        "lisa_cluster": "High-High (Hotspot)",
        "local_moran": 0.8874793604654635
      }
    },
    {
      "type": "Feature",
      "geometry": {
        "type": "Point",
        "coordinates": [
          14.106784571428571,
          40.792266142857144
        ]
      },
      "properties": {
        "event_id": "AUTO_EV_59588",
        "energia": 7,
        "lisa_cluster": "High-Low (Outlier)",
        "local_moran": -0.08559209469623705
      }
    },
    {
      "type": "Feature",
      "geometry": {
        "type": "Point",
        "coordinates": [
          14.13372325,
          40.8039165
        ]
      },
      "properties": {
        "event_id": "AUTO_EV_59589",
        "energia": 4,
        "lisa_cluster": "Low-Low (Coldspot)",
        "local_moran": 0.2883508228867371
      }
    },
    {
      "type": "Feature",
      "geometry": {
        "type": "Point",
        "coordinates": [
          14.15830325,
          40.81171775
        ]
      },
      "properties": {
        "event_id": "AUTO_EV_59590",
        "energia": 4,
        "lisa_cluster": "Low-Low (Coldspot)",
        "local_moran": 0.2998593535241999
      }
    },
    {
      "type": "Feature",
      "geometry": {
        "type": "Point",
        "coordinates": [
          14.09707875,
          40.782236499999996
        ]
      },
      "properties": {
        "event_id": "AUTO_EV_59591",
        "energia": 4,
        "lisa_cluster": "Low-Low (Coldspot)",
        "local_moran": 0.30041708281090007
      }
    },
    {
      "type": "Feature",
      "geometry": {
        "type": "Point",
        "coordinates": [
          14.103893,
          40.79694875
        ]
      },
      "properties": {
        "event_id": "AUTO_EV_59592",
        "energia": 4,
        "lisa_cluster": "Low-High (Outlier)",
        "local_moran": -0.008212630620352738
      }
    },
    {
      "type": "Feature",
      "geometry": {
        "type": "Point",
        "coordinates": [
          14.134388999999999,
          40.81041075
        ]
      },
      "properties": {
        "event_id": "AUTO_EV_59593",
        "energia": 4,
        "lisa_cluster": "Low-Low (Coldspot)",
        "local_moran": 0.2970664931531682
      }
    },
    {
      "type": "Feature",
      "geometry": {
        "type": "Point",
        "coordinates": [
          14.141129799999998,
          40.8047722
        ]
      },
      "properties": {
        "event_id": "AUTO_EV_59594",
        "energia": 5,
        "lisa_cluster": "Low-Low (Coldspot)",
        "local_moran": 0.02925147774186797
      }
    },
    {
      "type": "Feature",
      "geometry": {
        "type": "Point",
        "coordinates": [
          14.12273025,
          40.80197225
        ]
      },
      "properties": {
        "event_id": "AUTO_EV_59595",
        "energia": 4,
        "lisa_cluster": "Low-High (Outlier)",
        "local_moran": -0.006737187132819911
      }
    },
    {
      "type": "Feature",
      "geometry": {
        "type": "Point",
        "coordinates": [
          14.0949595,
          40.79042325
        ]
      },
      "properties": {
        "event_id": "AUTO_EV_59596",
        "energia": 4,
        "lisa_cluster": "Low-Low (Coldspot)",
        "local_moran": 0.2896211273088599
      }
    },
    {
      "type": "Feature",
      "geometry": {
        "type": "Point",
        "coordinates": [
          14.108315,
          40.8003835
        ]
      },
      "properties": {
        "event_id": "AUTO_EV_59597",
        "energia": 6,
        "lisa_cluster": "High-High (Hotspot)",
        "local_moran": 0.01750241792798719
      }
    },
    {
      "type": "Feature",
      "geometry": {
        "type": "Point",
        "coordinates": [
          14.107186166666667,
          40.8042185
        ]
      },
      "properties": {
        "event_id": "AUTO_EV_59598",
        "energia": 6,
        "lisa_cluster": "High-High (Hotspot)",
        "local_moran": 0.04678783039605662
      }
    },
    {
      "type": "Feature",
      "geometry": {
        "type": "Point",
        "coordinates": [
          14.07200175,
          40.81033025
        ]
      },
      "properties": {
        "event_id": "AUTO_EV_59599",
        "energia": 4,
        "lisa_cluster": "Low-Low (Coldspot)",
        "local_moran": 0.1138176482252552
      }
    },
    {
      "type": "Feature",
      "geometry": {
        "type": "Point",
        "coordinates": [
          14.066331,
          40.794345750000005
        ]
      },
      "properties": {
        "event_id": "AUTO_EV_59600",
        "energia": 4,
        "lisa_cluster": "Low-Low (Coldspot)",
        "local_moran": 0.1623930921642988
      }
    },
    {
      "type": "Feature",
      "geometry": {
        "type": "Point",
        "coordinates": [
          14.14321425,
          40.830417999999995
        ]
      },
      "properties": {
        "event_id": "AUTO_EV_59601",
        "energia": 4,
        "lisa_cluster": "Low-Low (Coldspot)",
        "local_moran": 0.07940833487037566
      }
    },
    {
      "type": "Feature",
      "geometry": {
        "type": "Point",
        "coordinates": [
          14.0754108,
          40.803895
        ]
      },
      "properties": {
        "event_id": "AUTO_EV_59602",
        "energia": 5,
        "lisa_cluster": "Low-Low (Coldspot)",
        "local_moran": 0.02187605200482229
      }
    },
    {
      "type": "Feature",
      "geometry": {
        "type": "Point",
        "coordinates": [
          14.13065975,
          40.833834249999995
        ]
      },
      "properties": {
        "event_id": "AUTO_EV_59603",
        "energia": 4,
        "lisa_cluster": "Low-Low (Coldspot)",
        "local_moran": 0.08310107570907482
      }
    },
    {
      "type": "Feature",
      "geometry": {
        "type": "Point",
        "coordinates": [
          14.101567750000001,
          40.78969925
        ]
      },
      "properties": {
        "event_id": "AUTO_EV_59604",
        "energia": 4,
        "lisa_cluster": "Low-Low (Coldspot)",
        "local_moran": 0.29832079398161065
      }
    },
    {
      "type": "Feature",
      "geometry": {
        "type": "Point",
        "coordinates": [
          14.028753666666667,
          40.79077433333333
        ]
      },
      "properties": {
        "event_id": "AUTO_EV_59605",
        "energia": 3,
        "lisa_cluster": "Low-Low (Coldspot)",
        "local_moran": 0.9355469933354114
      }
    },
    {
      "type": "Feature",
      "geometry": {
        "type": "Point",
        "coordinates": [
          14.071677333333334,
          40.790985166666665
        ]
      },
      "properties": {
        "event_id": "AUTO_EV_59606",
        "energia": 6,
        "lisa_cluster": "High-Low (Outlier)",
        "local_moran": -0.07737713714441795
      }
    },
    {
      "type": "Feature",
      "geometry": {
        "type": "Point",
        "coordinates": [
          14.113066285714286,
          40.81679042857143
        ]
      },
      "properties": {
        "event_id": "AUTO_EV_59607",
        "energia": 7,
        "lisa_cluster": "High-High (Hotspot)",
        "local_moran": 0.45683685092783805
      }
    },
    {
      "type": "Feature",
      "geometry": {
        "type": "Point",
        "coordinates": [
          14.1087035,
          40.8007045
        ]
      },
      "properties": {
        "event_id": "AUTO_EV_59608",
        "energia": 4,
        "lisa_cluster": "Low-Low (Coldspot)",
        "local_moran": 0.25681619184352267
      }
    },
    {
      "type": "Feature",
      "geometry": {
        "type": "Point",
        "coordinates": [
          14.0783318,
          40.7888084
        ]
      },
      "properties": {
        "event_id": "AUTO_EV_59609",
        "energia": 5,
        "lisa_cluster": "Low-Low (Coldspot)",
        "local_moran": 0.031318460844714804
      }
    },
    {
      "type": "Feature",
      "geometry": {
        "type": "Point",
        "coordinates": [
          14.160489000000002,
          40.830801199999996
        ]
      },
      "properties": {
        "event_id": "AUTO_EV_59610",
        "energia": 5,
        "lisa_cluster": "Low-Low (Coldspot)",
        "local_moran": 0.05474697377686167
      }
    },
    {
      "type": "Feature",
      "geometry": {
        "type": "Point",
        "coordinates": [
          14.0931428,
          40.7983186
        ]
      },
      "properties": {
        "event_id": "AUTO_EV_59611",
        "energia": 5,
        "lisa_cluster": "Low-Low (Coldspot)",
        "local_moran": 0.0028708071462580846
      }
    },
    {
      "type": "Feature",
      "geometry": {
        "type": "Point",
        "coordinates": [
          14.11103525,
          40.8238705
        ]
      },
      "properties": {
        "event_id": "AUTO_EV_59612",
        "energia": 4,
        "lisa_cluster": "Low-High (Outlier)",
        "local_moran": -0.3099381186642704
      }
    },
    {
      "type": "Feature",
      "geometry": {
        "type": "Point",
        "coordinates": [
          14.128534833333333,
          40.806468833333334
        ]
      },
      "properties": {
        "event_id": "AUTO_EV_59613",
        "energia": 6,
        "lisa_cluster": "High-High (Hotspot)",
        "local_moran": 0.08113155941494485
      }
    },
    {
      "type": "Feature",
      "geometry": {
        "type": "Point",
        "coordinates": [
          14.09556025,
          40.7994525
        ]
      },
      "properties": {
        "event_id": "AUTO_EV_59614",
        "energia": 4,
        "lisa_cluster": "Low-High (Outlier)",
        "local_moran": -0.015498756062560093
      }
    },
    {
      "type": "Feature",
      "geometry": {
        "type": "Point",
        "coordinates": [
          14.1106416,
          40.8153798
        ]
      },
      "properties": {
        "event_id": "AUTO_EV_59615",
        "energia": 5,
        "lisa_cluster": "Low-High (Outlier)",
        "local_moran": -0.08931842454626836
      }
    },
    {
      "type": "Feature",
      "geometry": {
        "type": "Point",
        "coordinates": [
          14.11546525,
          40.78730625
        ]
      },
      "properties": {
        "event_id": "AUTO_EV_59616",
        "energia": 4,
        "lisa_cluster": "Low-Low (Coldspot)",
        "local_moran": 0.30113470638941514
      }
    },
    {
      "type": "Feature",
      "geometry": {
        "type": "Point",
        "coordinates": [
          14.138361666666666,
          40.80989233333333
        ]
      },
      "properties": {
        "event_id": "AUTO_EV_59617",
        "energia": 6,
        "lisa_cluster": "High-Low (Outlier)",
        "local_moran": -0.0324876503889931
      }
    },
    {
      "type": "Feature",
      "geometry": {
        "type": "Point",
        "coordinates": [
          14.140228333333333,
          40.80768283333333
        ]
      },
      "properties": {
        "event_id": "AUTO_EV_59618",
        "energia": 6,
        "lisa_cluster": "High-Low (Outlier)",
        "local_moran": -0.05198847003502096
      }
    },
    {
      "type": "Feature",
      "geometry": {
        "type": "Point",
        "coordinates": [
          14.097999166666668,
          40.7934865
        ]
      },
      "properties": {
        "event_id": "AUTO_EV_59619",
        "energia": 6,
        "lisa_cluster": "High-Low (Outlier)",
        "local_moran": -0.02126881910345548
      }
    },
    {
      "type": "Feature",
      "geometry": {
        "type": "Point",
        "coordinates": [
          14.12687325,
          40.79968125
        ]
      },
      "properties": {
        "event_id": "AUTO_EV_59620",
        "energia": 4,
        "lisa_cluster": "Low-Low (Coldspot)",
        "local_moran": 0.29842397595753917
      }
    },
    {
      "type": "Feature",
      "geometry": {
        "type": "Point",
        "coordinates": [
          14.16868725,
          40.8087715
        ]
      },
      "properties": {
        "event_id": "AUTO_EV_59621",
        "energia": 4,
        "lisa_cluster": "Low-Low (Coldspot)",
        "local_moran": 0.32874147459597536
      }
    },
    {
      "type": "Feature",
      "geometry": {
        "type": "Point",
        "coordinates": [
          14.11769925,
          40.803509500000004
        ]
      },
      "properties": {
        "event_id": "AUTO_EV_59622",
        "energia": 4,
        "lisa_cluster": "Low-High (Outlier)",
        "local_moran": -0.07149999809560756
      }
    },
    {
      "type": "Feature",
      "geometry": {
        "type": "Point",
        "coordinates": [
          14.1268655,
          40.81228975
        ]
      },
      "properties": {
        "event_id": "AUTO_EV_59623",
        "energia": 4,
        "lisa_cluster": "Low-Low (Coldspot)",
        "local_moran": 0.25191172728472133
      }
    },
    {
      "type": "Feature",
      "geometry": {
        "type": "Point",
        "coordinates": [
          14.096104,
          40.8058254
        ]
      },
      "properties": {
        "event_id": "AUTO_EV_59624",
        "energia": 5,
        "lisa_cluster": "Low-High (Outlier)",
        "local_moran": -0.012956763371245489
      }
    },
    {
      "type": "Feature",
      "geometry": {
        "type": "Point",
        "coordinates": [
          14.141332666666665,
          40.81930566666667
        ]
      },
      "properties": {
        "event_id": "AUTO_EV_59625",
        "energia": 6,
        "lisa_cluster": "High-High (Hotspot)",
        "local_moran": 0.009285022470783234
      }
    },
    {
      "type": "Feature",
      "geometry": {
        "type": "Point",
        "coordinates": [
          14.0958108,
          40.8095286
        ]
      },
      "properties": {
        "event_id": "AUTO_EV_59626",
        "energia": 5,
        "lisa_cluster": "Low-High (Outlier)",
        "local_moran": -0.011252157482937434
      }
    },
    {
      "type": "Feature",
      "geometry": {
        "type": "Point",
        "coordinates": [
          14.08729025,
          40.792367999999996
        ]
      },
      "properties": {
        "event_id": "AUTO_EV_59627",
        "energia": 4,
        "lisa_cluster": "Low-Low (Coldspot)",
        "local_moran": 0.28828769390034753
      }
    },
    {
      "type": "Feature",
      "geometry": {
        "type": "Point",
        "coordinates": [
          14.081937199999999,
          40.8081276
        ]
      },
      "properties": {
        "event_id": "AUTO_EV_59628",
        "energia": 5,
        "lisa_cluster": "Low-Low (Coldspot)",
        "local_moran": 0.011581863372360049
      }
    },
    {
      "type": "Feature",
      "geometry": {
        "type": "Point",
        "coordinates": [
          14.07161275,
          40.788872
        ]
      },
      "properties": {
        "event_id": "AUTO_EV_59629",
        "energia": 4,
        "lisa_cluster": "Low-Low (Coldspot)",
        "local_moran": 0.30061637447161765
      }
    },
    {
      "type": "Feature",
      "geometry": {
        "type": "Point",
        "coordinates": [
          14.1083714,
          40.802555
        ]
      },
      "properties": {
        "event_id": "AUTO_EV_59630",
        "energia": 5,
        "lisa_cluster": "Low-High (Outlier)",
        "local_moran": -0.009588524408075018
      }
    },
    {
      "type": "Feature",
      "geometry": {
        "type": "Point",
        "coordinates": [
          14.140384222222222,
          40.82052622222222
        ]
      },
      "properties": {
        "event_id": "AUTO_EV_59631",
        "energia": 9,
        "lisa_cluster": "High-Low (Outlier)",
        "local_moran": -0.055179384433756064
      }
    },
    {
      "type": "Feature",
      "geometry": {
        "type": "Point",
        "coordinates": [
          14.1092482,
          40.8337738
        ]
      },
      "properties": {
        "event_id": "AUTO_EV_59632",
        "energia": 5,
        "lisa_cluster": "Low-Low (Coldspot)",
        "local_moran": 0.03843064408144477
      }
    },
    {
      "type": "Feature",
      "geometry": {
        "type": "Point",
        "coordinates": [
          14.130249000000001,
          40.807787000000005
        ]
      },
      "properties": {
        "event_id": "AUTO_EV_59633",
        "energia": 7,
        "lisa_cluster": "High-High (Hotspot)",
        "local_moran": 0.09391690469619615
      }
    },
    {
      "type": "Feature",
      "geometry": {
        "type": "Point",
        "coordinates": [
          14.09137175,
          40.80147575
        ]
      },
      "properties": {
        "event_id": "AUTO_EV_59634",
        "energia": 4,
        "lisa_cluster": "Low-High (Outlier)",
        "local_moran": -0.006840914732374462
      }
    },
    {
      "type": "Feature",
      "geometry": {
        "type": "Point",
        "coordinates": [
          14.072405,
          40.810650800000005
        ]
      },
      "properties": {
        "event_id": "AUTO_EV_59635",
        "energia": 5,
        "lisa_cluster": "Low-Low (Coldspot)",
        "local_moran": 0.0312803332519546
      }
    },
    {
      "type": "Feature",
      "geometry": {
        "type": "Point",
        "coordinates": [
          14.1240889,
          40.818174600000006
        ]
      },
      "properties": {
        "event_id": "AUTO_EV_59636",
        "energia": 20,
        "lisa_cluster": "High-High (Hotspot)",
        "local_moran": 37.51766150463464
      }
    },
    {
      "type": "Feature",
      "geometry": {
        "type": "Point",
        "coordinates": [
          14.122241833333334,
          40.81683266666667
        ]
      },
      "properties": {
        "event_id": "AUTO_EV_59637",
        "energia": 18,
        "lisa_cluster": "High-High (Hotspot)",
        "local_moran": 5.650896241272178
      }
    },
    {
      "type": "Feature",
      "geometry": {
        "type": "Point",
        "coordinates": [
          14.11504688235294,
          40.815568705882356
        ]
      },
      "properties": {
        "event_id": "AUTO_EV_59638",
        "energia": 17,
        "lisa_cluster": "High-High (Hotspot)",
        "local_moran": 3.2891708292989876
      }
    },
    {
      "type": "Feature",
      "geometry": {
        "type": "Point",
        "coordinates": [
          14.116637214285715,
          40.809617214285716
        ]
      },
      "properties": {
        "event_id": "AUTO_EV_59639",
        "energia": 14,
        "lisa_cluster": "High-High (Hotspot)",
        "local_moran": 1.5513664303933616
      }
    },
    {
      "type": "Feature",
      "geometry": {
        "type": "Point",
        "coordinates": [
          14.109269866666667,
          40.8155402
        ]
      },
      "properties": {
        "event_id": "AUTO_EV_59640",
        "energia": 15,
        "lisa_cluster": "High-High (Hotspot)",
        "local_moran": 1.996511021979562
      }
    },
    {
      "type": "Feature",
      "geometry": {
        "type": "Point",
        "coordinates": [
          14.100993888888889,
          40.796539333333335
        ]
      },
      "properties": {
        "event_id": "AUTO_EV_59641",
        "energia": 9,
        "lisa_cluster": "High-Low (Outlier)",
        "local_moran": -0.02633267783399354
      }
    },
    {
      "type": "Feature",
      "geometry": {
        "type": "Point",
        "coordinates": [
          14.1276535,
          40.81084
        ]
      },
      "properties": {
        "event_id": "AUTO_EV_59642",
        "energia": 8,
        "lisa_cluster": "High-High (Hotspot)",
        "local_moran": 0.2951687257719991
      }
    },
    {
      "type": "Feature",
      "geometry": {
        "type": "Point",
        "coordinates": [
          14.0934425,
          40.795422
        ]
      },
      "properties": {
        "event_id": "AUTO_EV_59643",
        "energia": 8,
        "lisa_cluster": "High-Low (Outlier)",
        "local_moran": -0.03638868686751612
      }
    },
    {
      "type": "Feature",
      "geometry": {
        "type": "Point",
        "coordinates": [
          14.130793666666667,
          40.81450516666667
        ]
      },
      "properties": {
        "event_id": "AUTO_EV_59644",
        "energia": 6,
        "lisa_cluster": "High-High (Hotspot)",
        "local_moran": 0.09424722841027575
      }
    },
    {
      "type": "Feature",
      "geometry": {
        "type": "Point",
        "coordinates": [
          14.1036329,
          40.8016099
        ]
      },
      "properties": {
        "event_id": "AUTO_EV_59645",
        "energia": 10,
        "lisa_cluster": "High-High (Hotspot)",
        "local_moran": 0.13628436122113735
      }
    },
    {
      "type": "Feature",
      "geometry": {
        "type": "Point",
        "coordinates": [
          14.11532711111111,
          40.82595833333333
        ]
      },
      "properties": {
        "event_id": "AUTO_EV_59646",
        "energia": 9,
        "lisa_cluster": "High-High (Hotspot)",
        "local_moran": 0.9960950206830306
      }
    },
    {
      "type": "Feature",
      "geometry": {
        "type": "Point",
        "coordinates": [
          14.133401833333332,
          40.82049883333334
        ]
      },
      "properties": {
        "event_id": "AUTO_EV_59647",
        "energia": 6,
        "lisa_cluster": "High-High (Hotspot)",
        "local_moran": 0.08637716739184369
      }
    },
    {
      "type": "Feature",
      "geometry": {
        "type": "Point",
        "coordinates": [
          14.095942375,
          40.792667
        ]
      },
      "properties": {
        "event_id": "AUTO_EV_59648",
        "energia": 8,
        "lisa_cluster": "High-Low (Outlier)",
        "local_moran": -0.08894268543493639
      }
    },
    {
      "type": "Feature",
      "geometry": {
        "type": "Point",
        "coordinates": [
          14.0787895,
          40.7859045
        ]
      },
      "properties": {
        "event_id": "AUTO_EV_59649",
        "energia": 4,
        "lisa_cluster": "Low-Low (Coldspot)",
        "local_moran": 0.3005570866419919
      }
    },
    {
      "type": "Feature",
      "geometry": {
        "type": "Point",
        "coordinates": [
          14.101567750000001,
          40.78969925
        ]
      },
      "properties": {
        "event_id": "AUTO_EV_59650",
        "energia": 4,
        "lisa_cluster": "Low-Low (Coldspot)",
        "local_moran": 0.29832079398161065
      }
    },
    {
      "type": "Feature",
      "geometry": {
        "type": "Point",
        "coordinates": [
          14.0992055,
          40.789214
        ]
      },
      "properties": {
        "event_id": "AUTO_EV_59651",
        "energia": 4,
        "lisa_cluster": "Low-Low (Coldspot)",
        "local_moran": 0.0887033538946761
      }
    },
    {
      "type": "Feature",
      "geometry": {
        "type": "Point",
        "coordinates": [
          14.087298833333334,
          40.78871083333333
        ]
      },
      "properties": {
        "event_id": "AUTO_EV_59652",
        "energia": 6,
        "lisa_cluster": "High-Low (Outlier)",
        "local_moran": -0.06052515281829282
      }
    },
    {
      "type": "Feature",
      "geometry": {
        "type": "Point",
        "coordinates": [
          14.091652142857143,
          40.80638714285715
        ]
      },
      "properties": {
        "event_id": "AUTO_EV_59653",
        "energia": 7,
        "lisa_cluster": "High-High (Hotspot)",
        "local_moran": 0.00788262225019549
      }
    },
    {
      "type": "Feature",
      "geometry": {
        "type": "Point",
        "coordinates": [
          14.13372325,
          40.8039165
        ]
      },
      "properties": {
        "event_id": "AUTO_EV_59654",
        "energia": 4,
        "lisa_cluster": "Low-Low (Coldspot)",
        "local_moran": 0.28835082288673713
      }
    },
    {
      "type": "Feature",
      "geometry": {
        "type": "Point",
        "coordinates": [
          14.1022485,
          40.79314383333333
        ]
      },
      "properties": {
        "event_id": "AUTO_EV_59655",
        "energia": 6,
        "lisa_cluster": "High-Low (Outlier)",
        "local_moran": -0.03708145745303928
      }
    },
    {
      "type": "Feature",
      "geometry": {
        "type": "Point",
        "coordinates": [
          14.114948499999999,
          40.814684166666666
        ]
      },
      "properties": {
        "event_id": "AUTO_EV_59656",
        "energia": 6,
        "lisa_cluster": "High-High (Hotspot)",
        "local_moran": 0.19828799315658388
      }
    },
    {
      "type": "Feature",
      "geometry": {
        "type": "Point",
        "coordinates": [
          14.134204399999998,
          40.8134858
        ]
      },
      "properties": {
        "event_id": "AUTO_EV_59657",
        "energia": 5,
        "lisa_cluster": "Low-Low (Coldspot)",
        "local_moran": 0.014284587797541855
      }
    },
    {
      "type": "Feature",
      "geometry": {
        "type": "Point",
        "coordinates": [
          14.1326608,
          40.8131472
        ]
      },
      "properties": {
        "event_id": "AUTO_EV_59658",
        "energia": 5,
        "lisa_cluster": "Low-High (Outlier)",
        "local_moran": -0.022649595949364255
      }
    },
    {
      "type": "Feature",
      "geometry": {
        "type": "Point",
        "coordinates": [
          14.127086600000002,
          40.8115168
        ]
      },
      "properties": {
        "event_id": "AUTO_EV_59659",
        "energia": 5,
        "lisa_cluster": "Low-High (Outlier)",
        "local_moran": -0.03936682004102762
      }
    },
    {
      "type": "Feature",
      "geometry": {
        "type": "Point",
        "coordinates": [
          14.1207758,
          40.8039448
        ]
      },
      "properties": {
        "event_id": "AUTO_EV_59660",
        "energia": 5,
        "lisa_cluster": "Low-Low (Coldspot)",
        "local_moran": 0.013878239820263465
      }
    },
    {
      "type": "Feature",
      "geometry": {
        "type": "Point",
        "coordinates": [
          14.133933200000001,
          40.8025282
        ]
      },
      "properties": {
        "event_id": "AUTO_EV_59661",
        "energia": 5,
        "lisa_cluster": "Low-Low (Coldspot)",
        "local_moran": 0.018236597600136444
      }
    },
    {
      "type": "Feature",
      "geometry": {
        "type": "Point",
        "coordinates": [
          14.1070905,
          40.80982375
        ]
      },
      "properties": {
        "event_id": "AUTO_EV_59662",
        "energia": 4,
        "lisa_cluster": "Low-High (Outlier)",
        "local_moran": -0.173004070905535
      }
    },
    {
      "type": "Feature",
      "geometry": {
        "type": "Point",
        "coordinates": [
          14.117510666666666,
          40.7934185
        ]
      },
      "properties": {
        "event_id": "AUTO_EV_59663",
        "energia": 6,
        "lisa_cluster": "High-High (Hotspot)",
        "local_moran": 0.07651231020031948
      }
    },
    {
      "type": "Feature",
      "geometry": {
        "type": "Point",
        "coordinates": [
          14.131264999999999,
          40.79840625
        ]
      },
      "properties": {
        "event_id": "AUTO_EV_59664",
        "energia": 4,
        "lisa_cluster": "Low-Low (Coldspot)",
        "local_moran": 0.29803505036970473
      }
    },
    {
      "type": "Feature",
      "geometry": {
        "type": "Point",
        "coordinates": [
          14.085891166666668,
          40.785763
        ]
      },
      "properties": {
        "event_id": "AUTO_EV_59665",
        "energia": 6,
        "lisa_cluster": "High-Low (Outlier)",
        "local_moran": -0.07636080937954035
      }
    },
    {
      "type": "Feature",
      "geometry": {
        "type": "Point",
        "coordinates": [
          14.120248499999999,
          40.804131749999996
        ]
      },
      "properties": {
        "event_id": "AUTO_EV_59666",
        "energia": 4,
        "lisa_cluster": "Low-Low (Coldspot)",
        "local_moran": 0.29167524190072003
      }
    },
    {
      "type": "Feature",
      "geometry": {
        "type": "Point",
        "coordinates": [
          14.079241200000002,
          40.788788
        ]
      },
      "properties": {
        "event_id": "AUTO_EV_59667",
        "energia": 5,
        "lisa_cluster": "Low-Low (Coldspot)",
        "local_moran": 0.02994451784757457
      }
    },
    {
      "type": "Feature",
      "geometry": {
        "type": "Point",
        "coordinates": [
          14.149515749999999,
          40.80402975
        ]
      },
      "properties": {
        "event_id": "AUTO_EV_59668",
        "energia": 4,
        "lisa_cluster": "Low-Low (Coldspot)",
        "local_moran": 0.30060198558779466
      }
    },
    {
      "type": "Feature",
      "geometry": {
        "type": "Point",
        "coordinates": [
          14.147152666666665,
          40.81635216666667
        ]
      },
      "properties": {
        "event_id": "AUTO_EV_59669",
        "energia": 6,
        "lisa_cluster": "High-Low (Outlier)",
        "local_moran": -0.06241736325442894
      }
    },
    {
      "type": "Feature",
      "geometry": {
        "type": "Point",
        "coordinates": [
          14.1109685,
          40.792452
        ]
      },
      "properties": {
        "event_id": "AUTO_EV_59670",
        "energia": 4,
        "lisa_cluster": "Low-Low (Coldspot)",
        "local_moran": 0.0828876408637544
      }
    },
    {
      "type": "Feature",
      "geometry": {
        "type": "Point",
        "coordinates": [
          14.094478,
          40.79713566666667
        ]
      },
      "properties": {
        "event_id": "AUTO_EV_59671",
        "energia": 6,
        "lisa_cluster": "High-High (Hotspot)",
        "local_moran": 0.0015455184178605752
      }
    },
    {
      "type": "Feature",
      "geometry": {
        "type": "Point",
        "coordinates": [
          14.078909,
          40.78325975
        ]
      },
      "properties": {
        "event_id": "AUTO_EV_59672",
        "energia": 4,
        "lisa_cluster": "Low-Low (Coldspot)",
        "local_moran": 0.15550987454318235
      }
    },
    {
      "type": "Feature",
      "geometry": {
        "type": "Point",
        "coordinates": [
          14.133998199999999,
          40.8187308
        ]
      },
      "properties": {
        "event_id": "AUTO_EV_59673",
        "energia": 5,
        "lisa_cluster": "Low-High (Outlier)",
        "local_moran": -0.03136879179157467
      }
    },
    {
      "type": "Feature",
      "geometry": {
        "type": "Point",
        "coordinates": [
          14.099532000000002,
          40.80567116666666
        ]
      },
      "properties": {
        "event_id": "AUTO_EV_59674",
        "energia": 6,
        "lisa_cluster": "High-High (Hotspot)",
        "local_moran": 0.0424896012266871
      }
    },
    {
      "type": "Feature",
      "geometry": {
        "type": "Point",
        "coordinates": [
          14.09993725,
          40.8051215
        ]
      },
      "properties": {
        "event_id": "AUTO_EV_59675",
        "energia": 4,
        "lisa_cluster": "Low-Low (Coldspot)",
        "local_moran": 0.26319898954273424
      }
    },
    {
      "type": "Feature",
      "geometry": {
        "type": "Point",
        "coordinates": [
          14.1035144,
          40.804559
        ]
      },
      "properties": {
        "event_id": "AUTO_EV_59676",
        "energia": 5,
        "lisa_cluster": "Low-High (Outlier)",
        "local_moran": -0.021963279353191686
      }
    },
    {
      "type": "Feature",
      "geometry": {
        "type": "Point",
        "coordinates": [
          14.113346,
          40.795493
        ]
      },
      "properties": {
        "event_id": "AUTO_EV_59677",
        "energia": 4,
        "lisa_cluster": "Low-Low (Coldspot)",
        "local_moran": 0.2941452443620569
      }
    },
    {
      "type": "Feature",
      "geometry": {
        "type": "Point",
        "coordinates": [
          14.1445155,
          40.808884
        ]
      },
      "properties": {
        "event_id": "AUTO_EV_59678",
        "energia": 4,
        "lisa_cluster": "Low-Low (Coldspot)",
        "local_moran": 0.29620041925697016
      }
    },
    {
      "type": "Feature",
      "geometry": {
        "type": "Point",
        "coordinates": [
          14.120248499999999,
          40.804131749999996
        ]
      },
      "properties": {
        "event_id": "AUTO_EV_59679",
        "energia": 4,
        "lisa_cluster": "Low-Low (Coldspot)",
        "local_moran": 0.29167524190072
      }
    },
    {
      "type": "Feature",
      "geometry": {
        "type": "Point",
        "coordinates": [
          14.107193599999999,
          40.7988078
        ]
      },
      "properties": {
        "event_id": "AUTO_EV_59680",
        "energia": 5,
        "lisa_cluster": "Low-High (Outlier)",
        "local_moran": -0.007400079077278784
      }
    },
    {
      "type": "Feature",
      "geometry": {
        "type": "Point",
        "coordinates": [
          14.094217,
          40.78506866666667
        ]
      },
      "properties": {
        "event_id": "AUTO_EV_59681",
        "energia": 6,
        "lisa_cluster": "High-Low (Outlier)",
        "local_moran": -0.07539295066535796
      }
    },
    {
      "type": "Feature",
      "geometry": {
        "type": "Point",
        "coordinates": [
          14.129896142857143,
          40.808448428571424
        ]
      },
      "properties": {
        "event_id": "AUTO_EV_59682",
        "energia": 7,
        "lisa_cluster": "High-High (Hotspot)",
        "local_moran": 0.11271720891948826
      }
    },
    {
      "type": "Feature",
      "geometry": {
        "type": "Point",
        "coordinates": [
          14.091797,
          40.78771025
        ]
      },
      "properties": {
        "event_id": "AUTO_EV_59683",
        "energia": 4,
        "lisa_cluster": "Low-Low (Coldspot)",
        "local_moran": 0.2925834304844459
      }
    },
    {
      "type": "Feature",
      "geometry": {
        "type": "Point",
        "coordinates": [
          14.1267025,
          40.795307666666666
        ]
      },
      "properties": {
        "event_id": "AUTO_EV_59684",
        "energia": 6,
        "lisa_cluster": "High-High (Hotspot)",
        "local_moran": 0.07751115634473235
      }
    },
    {
      "type": "Feature",
      "geometry": {
        "type": "Point",
        "coordinates": [
          14.083869,
          40.787802666666664
        ]
      },
      "properties": {
        "event_id": "AUTO_EV_59685",
        "energia": 3,
        "lisa_cluster": "Low-Low (Coldspot)",
        "local_moran": 0.9021012149540839
      }
    },
    {
      "type": "Feature",
      "geometry": {
        "type": "Point",
        "coordinates": [
          14.116253857142857,
          40.796182428571434
        ]
      },
      "properties": {
        "event_id": "AUTO_EV_59686",
        "energia": 7,
        "lisa_cluster": "High-Low (Outlier)",
        "local_moran": -0.07293682938615366
      }
    },
    {
      "type": "Feature",
      "geometry": {
        "type": "Point",
        "coordinates": [
          14.148199166666666,
          40.81901666666667
        ]
      },
      "properties": {
        "event_id": "AUTO_EV_59687",
        "energia": 6,
        "lisa_cluster": "High-Low (Outlier)",
        "local_moran": -0.05122885816813605
      }
    },
    {
      "type": "Feature",
      "geometry": {
        "type": "Point",
        "coordinates": [
          14.134144599999999,
          40.8115542
        ]
      },
      "properties": {
        "event_id": "AUTO_EV_59688",
        "energia": 5,
        "lisa_cluster": "Low-High (Outlier)",
        "local_moran": -0.013195778201912905
      }
    },
    {
      "type": "Feature",
      "geometry": {
        "type": "Point",
        "coordinates": [
          14.134388999999999,
          40.81041075
        ]
      },
      "properties": {
        "event_id": "AUTO_EV_59689",
        "energia": 4,
        "lisa_cluster": "Low-Low (Coldspot)",
        "local_moran": 0.2970664931531682
      }
    },
    {
      "type": "Feature",
      "geometry": {
        "type": "Point",
        "coordinates": [
          14.126998,
          40.7988805
        ]
      },
      "properties": {
        "event_id": "AUTO_EV_59690",
        "energia": 4,
        "lisa_cluster": "Low-Low (Coldspot)",
        "local_moran": 0.298031891142059
      }
    },
    {
      "type": "Feature",
      "geometry": {
        "type": "Point",
        "coordinates": [
          14.08606225,
          40.787962
        ]
      },
      "properties": {
        "event_id": "AUTO_EV_59691",
        "energia": 4,
        "lisa_cluster": "Low-Low (Coldspot)",
        "local_moran": 0.2926093008602686
      }
    },
    {
      "type": "Feature",
      "geometry": {
        "type": "Point",
        "coordinates": [
          14.101129,
          40.805863333333335
        ]
      },
      "properties": {
        "event_id": "AUTO_EV_59692",
        "energia": 6,
        "lisa_cluster": "High-High (Hotspot)",
        "local_moran": 0.050444319208284676
      }
    },
    {
      "type": "Feature",
      "geometry": {
        "type": "Point",
        "coordinates": [
          14.11340477777778,
          40.802596666666666
        ]
      },
      "properties": {
        "event_id": "AUTO_EV_59693",
        "energia": 9,
        "lisa_cluster": "High-High (Hotspot)",
        "local_moran": 0.21322403230117418
      }
    },
    {
      "type": "Feature",
      "geometry": {
        "type": "Point",
        "coordinates": [
          14.119598,
          40.800197600000004
        ]
      },
      "properties": {
        "event_id": "AUTO_EV_59694",
        "energia": 5,
        "lisa_cluster": "Low-Low (Coldspot)",
        "local_moran": 0.0034196637452205713
      }
    },
    {
      "type": "Feature",
      "geometry": {
        "type": "Point",
        "coordinates": [
          14.10870875,
          40.8025485
        ]
      },
      "properties": {
        "event_id": "AUTO_EV_59695",
        "energia": 4,
        "lisa_cluster": "Low-High (Outlier)",
        "local_moran": -0.048492509976974706
      }
    },
    {
      "type": "Feature",
      "geometry": {
        "type": "Point",
        "coordinates": [
          14.084759499999999,
          40.806075166666666
        ]
      },
      "properties": {
        "event_id": "AUTO_EV_59696",
        "energia": 6,
        "lisa_cluster": "High-Low (Outlier)",
        "local_moran": -0.015087554975526192
      }
    },
    {
      "type": "Feature",
      "geometry": {
        "type": "Point",
        "coordinates": [
          14.082450333333334,
          40.78733916666667
        ]
      },
      "properties": {
        "event_id": "AUTO_EV_59697",
        "energia": 6,
        "lisa_cluster": "High-Low (Outlier)",
        "local_moran": -0.07413588528600851
      }
    },
    {
      "type": "Feature",
      "geometry": {
        "type": "Point",
        "coordinates": [
          14.057908,
          40.795523333333335
        ]
      },
      "properties": {
        "event_id": "AUTO_EV_59698",
        "energia": 3,
        "lisa_cluster": "Low-Low (Coldspot)",
        "local_moran": 0.3280784075889023
      }
    },
    {
      "type": "Feature",
      "geometry": {
        "type": "Point",
        "coordinates": [
          14.107227714285715,
          40.815320285714286
        ]
      },
      "properties": {
        "event_id": "AUTO_EV_59699",
        "energia": 7,
        "lisa_cluster": "High-High (Hotspot)",
        "local_moran": 0.3183166763069367
      }
    },
    {
      "type": "Feature",
      "geometry": {
        "type": "Point",
        "coordinates": [
          14.102222833333334,
          40.799338166666665
        ]
      },
      "properties": {
        "event_id": "AUTO_EV_59700",
        "energia": 6,
        "lisa_cluster": "High-High (Hotspot)",
        "local_moran": 0.017075536581863344
      }
    },
    {
      "type": "Feature",
      "geometry": {
        "type": "Point",
        "coordinates": [
          14.037095,
          40.7741695
        ]
      },
      "properties": {
        "event_id": "AUTO_EV_59701",
        "energia": 4,
        "lisa_cluster": "Low-Low (Coldspot)",
        "local_moran": 0.3018638600332601
      }
    },
    {
      "type": "Feature",
      "geometry": {
        "type": "Point",
        "coordinates": [
          14.0962762,
          40.797573
        ]
      },
      "properties": {
        "event_id": "AUTO_EV_59702",
        "energia": 5,
        "lisa_cluster": "Low-Low (Coldspot)",
        "local_moran": 0.0165062234718698
      }
    },
    {
      "type": "Feature",
      "geometry": {
        "type": "Point",
        "coordinates": [
          14.0993204,
          40.797033
        ]
      },
      "properties": {
        "event_id": "AUTO_EV_59703",
        "energia": 5,
        "lisa_cluster": "Low-High (Outlier)",
        "local_moran": -0.003042040997088036
      }
    },
    {
      "type": "Feature",
      "geometry": {
        "type": "Point",
        "coordinates": [
          14.148458999999999,
          40.815767199999996
        ]
      },
      "properties": {
        "event_id": "AUTO_EV_59704",
        "energia": 5,
        "lisa_cluster": "Low-Low (Coldspot)",
        "local_moran": 0.029526189821742696
      }
    },
    {
      "type": "Feature",
      "geometry": {
        "type": "Point",
        "coordinates": [
          14.101093,
          40.801945599999996
        ]
      },
      "properties": {
        "event_id": "AUTO_EV_59705",
        "energia": 5,
        "lisa_cluster": "Low-High (Outlier)",
        "local_moran": -0.011207817084005412
      }
    },
    {
      "type": "Feature",
      "geometry": {
        "type": "Point",
        "coordinates": [
          14.140727666666665,
          40.8040235
        ]
      },
      "properties": {
        "event_id": "AUTO_EV_59706",
        "energia": 6,
        "lisa_cluster": "High-Low (Outlier)",
        "local_moran": -0.0712560223298199
      }
    },
    {
      "type": "Feature",
      "geometry": {
        "type": "Point",
        "coordinates": [
          14.150974166666666,
          40.805550833333335
        ]
      },
      "properties": {
        "event_id": "AUTO_EV_59707",
        "energia": 6,
        "lisa_cluster": "High-High (Hotspot)",
        "local_moran": 0.07666208321876791
      }
    },
    {
      "type": "Feature",
      "geometry": {
        "type": "Point",
        "coordinates": [
          14.1410202,
          40.8119304
        ]
      },
      "properties": {
        "event_id": "AUTO_EV_59708",
        "energia": 5,
        "lisa_cluster": "Low-Low (Coldspot)",
        "local_moran": 0.017550482053552734
      }
    },
    {
      "type": "Feature",
      "geometry": {
        "type": "Point",
        "coordinates": [
          14.112542714285714,
          40.807137
        ]
      },
      "properties": {
        "event_id": "AUTO_EV_59709",
        "energia": 7,
        "lisa_cluster": "High-High (Hotspot)",
        "local_moran": 0.18553126938830727
      }
    },
    {
      "type": "Feature",
      "geometry": {
        "type": "Point",
        "coordinates": [
          14.116052,
          40.8114261
        ]
      },
      "properties": {
        "event_id": "AUTO_EV_59710",
        "energia": 10,
        "lisa_cluster": "High-High (Hotspot)",
        "local_moran": 1.154601894033038
      }
    },
    {
      "type": "Feature",
      "geometry": {
        "type": "Point",
        "coordinates": [
          14.160165999999998,
          40.80744
        ]
      },
      "properties": {
        "event_id": "AUTO_EV_59711",
        "energia": 6,
        "lisa_cluster": "High-Low (Outlier)",
        "local_moran": -0.12945759703030205
      }
    },
    {
      "type": "Feature",
      "geometry": {
        "type": "Point",
        "coordinates": [
          14.059159333333334,
          40.78113066666666
        ]
      },
      "properties": {
        "event_id": "AUTO_EV_59712",
        "energia": 3,
        "lisa_cluster": "Low-Low (Coldspot)",
        "local_moran": 0.9332294375613778
      }
    },
    {
      "type": "Feature",
      "geometry": {
        "type": "Point",
        "coordinates": [
          14.059154799999998,
          40.805267400000005
        ]
      },
      "properties": {
        "event_id": "AUTO_EV_59713",
        "energia": 5,
        "lisa_cluster": "Low-Low (Coldspot)",
        "local_moran": 0.049029853210335365
      }
    },
    {
      "type": "Feature",
      "geometry": {
        "type": "Point",
        "coordinates": [
          14.093659333333333,
          40.807948333333336
        ]
      },
      "properties": {
        "event_id": "AUTO_EV_59714",
        "energia": 6,
        "lisa_cluster": "High-High (Hotspot)",
        "local_moran": 0.03759745371082556
      }
    },
    {
      "type": "Feature",
      "geometry": {
        "type": "Point",
        "coordinates": [
          14.089496,
          40.82045425
        ]
      },
      "properties": {
        "event_id": "AUTO_EV_59715",
        "energia": 4,
        "lisa_cluster": "Low-Low (Coldspot)",
        "local_moran": 0.06732057115913057
      }
    },
    {
      "type": "Feature",
      "geometry": {
        "type": "Point",
        "coordinates": [
          14.123061799999999,
          40.812746600000004
        ]
      },
      "properties": {
        "event_id": "AUTO_EV_59716",
        "energia": 5,
        "lisa_cluster": "Low-High (Outlier)",
        "local_moran": -0.0894760796188397
      }
    },
    {
      "type": "Feature",
      "geometry": {
        "type": "Point",
        "coordinates": [
          14.0777625,
          40.799051
        ]
      },
      "properties": {
        "event_id": "AUTO_EV_59717",
        "energia": 4,
        "lisa_cluster": "Low-Low (Coldspot)",
        "local_moran": 0.05983116829667152
      }
    },
    {
      "type": "Feature",
      "geometry": {
        "type": "Point",
        "coordinates": [
          14.100741999999999,
          40.799874833333334
        ]
      },
      "properties": {
        "event_id": "AUTO_EV_59718",
        "energia": 6,
        "lisa_cluster": "High-High (Hotspot)",
        "local_moran": 0.02407482543158683
      }
    },
    {
      "type": "Feature",
      "geometry": {
        "type": "Point",
        "coordinates": [
          14.098449,
          40.797564333333334
        ]
      },
      "properties": {
        "event_id": "AUTO_EV_59719",
        "energia": 6,
        "lisa_cluster": "High-High (Hotspot)",
        "local_moran": 0.0034154090368071917
      }
    },
    {
      "type": "Feature",
      "geometry": {
        "type": "Point",
        "coordinates": [
          14.131487,
          40.80634325
        ]
      },
      "properties": {
        "event_id": "AUTO_EV_59720",
        "energia": 4,
        "lisa_cluster": "Low-Low (Coldspot)",
        "local_moran": 0.2755859577024835
      }
    },
    {
      "type": "Feature",
      "geometry": {
        "type": "Point",
        "coordinates": [
          14.13260025,
          40.812038
        ]
      },
      "properties": {
        "event_id": "AUTO_EV_59721",
        "energia": 4,
        "lisa_cluster": "Low-Low (Coldspot)",
        "local_moran": 0.2661750492174491
      }
    },
    {
      "type": "Feature",
      "geometry": {
        "type": "Point",
        "coordinates": [
          14.1373685,
          40.813454
        ]
      },
      "properties": {
        "event_id": "AUTO_EV_59722",
        "energia": 6,
        "lisa_cluster": "High-High (Hotspot)",
        "local_moran": 0.021328262485336317
      }
    },
    {
      "type": "Feature",
      "geometry": {
        "type": "Point",
        "coordinates": [
          14.0962762,
          40.797573
        ]
      },
      "properties": {
        "event_id": "AUTO_EV_59723",
        "energia": 5,
        "lisa_cluster": "Low-Low (Coldspot)",
        "local_moran": 0.0165062234718698
      }
    },
    {
      "type": "Feature",
      "geometry": {
        "type": "Point",
        "coordinates": [
          14.108486375,
          40.808929875000004
        ]
      },
      "properties": {
        "event_id": "AUTO_EV_59724",
        "energia": 8,
        "lisa_cluster": "High-High (Hotspot)",
        "local_moran": 0.3006609888922005
      }
    },
    {
      "type": "Feature",
      "geometry": {
        "type": "Point",
        "coordinates": [
          14.131713,
          40.80246066666667
        ]
      },
      "properties": {
        "event_id": "AUTO_EV_59725",
        "energia": 6,
        "lisa_cluster": "High-High (Hotspot)",
        "local_moran": 0.07414162506934976
      }
    },
    {
      "type": "Feature",
      "geometry": {
        "type": "Point",
        "coordinates": [
          14.108137,
          40.80833066666667
        ]
      },
      "properties": {
        "event_id": "AUTO_EV_59726",
        "energia": 6,
        "lisa_cluster": "High-High (Hotspot)",
        "local_moran": 0.06761901490148281
      }
    },
    {
      "type": "Feature",
      "geometry": {
        "type": "Point",
        "coordinates": [
          14.101567750000001,
          40.78969925
        ]
      },
      "properties": {
        "event_id": "AUTO_EV_59727",
        "energia": 4,
        "lisa_cluster": "Low-Low (Coldspot)",
        "local_moran": 0.29832079398161065
      }
    },
    {
      "type": "Feature",
      "geometry": {
        "type": "Point",
        "coordinates": [
          14.112389833333333,
          40.80921733333333
        ]
      },
      "properties": {
        "event_id": "AUTO_EV_59728",
        "energia": 6,
        "lisa_cluster": "High-High (Hotspot)",
        "local_moran": 0.1153502092943123
      }
    },
    {
      "type": "Feature",
      "geometry": {
        "type": "Point",
        "coordinates": [
          14.12687325,
          40.79968125
        ]
      },
      "properties": {
        "event_id": "AUTO_EV_59729",
        "energia": 4,
        "lisa_cluster": "Low-Low (Coldspot)",
        "local_moran": 0.29842397595753917
      }
    },
    {
      "type": "Feature",
      "geometry": {
        "type": "Point",
        "coordinates": [
          14.15133575,
          40.80637525
        ]
      },
      "properties": {
        "event_id": "AUTO_EV_59730",
        "energia": 4,
        "lisa_cluster": "Low-Low (Coldspot)",
        "local_moran": 0.2977281014770709
      }
    },
    {
      "type": "Feature",
      "geometry": {
        "type": "Point",
        "coordinates": [
          14.106756500000001,
          40.803164
        ]
      },
      "properties": {
        "event_id": "AUTO_EV_59731",
        "energia": 6,
        "lisa_cluster": "High-High (Hotspot)",
        "local_moran": 0.04207136208940032
      }
    },
    {
      "type": "Feature",
      "geometry": {
        "type": "Point",
        "coordinates": [
          14.0962762,
          40.797573
        ]
      },
      "properties": {
        "event_id": "AUTO_EV_59732",
        "energia": 5,
        "lisa_cluster": "Low-Low (Coldspot)",
        "local_moran": 0.0165062234718698
      }
    },
    {
      "type": "Feature",
      "geometry": {
        "type": "Point",
        "coordinates": [
          14.145286333333333,
          40.81754566666667
        ]
      },
      "properties": {
        "event_id": "AUTO_EV_59733",
        "energia": 3,
        "lisa_cluster": "Low-Low (Coldspot)",
        "local_moran": 0.8926318592309219
      }
    },
    {
      "type": "Feature",
      "geometry": {
        "type": "Point",
        "coordinates": [
          14.16231325,
          40.8092855
        ]
      },
      "properties": {
        "event_id": "AUTO_EV_59734",
        "energia": 4,
        "lisa_cluster": "Low-Low (Coldspot)",
        "local_moran": 0.2641907608583972
      }
    },
    {
      "type": "Feature",
      "geometry": {
        "type": "Point",
        "coordinates": [
          14.0945288,
          40.8061504
        ]
      },
      "properties": {
        "event_id": "AUTO_EV_59735",
        "energia": 5,
        "lisa_cluster": "Low-High (Outlier)",
        "local_moran": -0.011614415219893091
      }
    },
    {
      "type": "Feature",
      "geometry": {
        "type": "Point",
        "coordinates": [
          14.108285599999999,
          40.79517439999999
        ]
      },
      "properties": {
        "event_id": "AUTO_EV_59736",
        "energia": 5,
        "lisa_cluster": "Low-Low (Coldspot)",
        "local_moran": 0.007290671451578407
      }
    },
    {
      "type": "Feature",
      "geometry": {
        "type": "Point",
        "coordinates": [
          14.1207162,
          40.8100612
        ]
      },
      "properties": {
        "event_id": "AUTO_EV_59737",
        "energia": 5,
        "lisa_cluster": "Low-High (Outlier)",
        "local_moran": -0.022654524965541902
      }
    },
    {
      "type": "Feature",
      "geometry": {
        "type": "Point",
        "coordinates": [
          14.100442571428571,
          40.807679857142865
        ]
      },
      "properties": {
        "event_id": "AUTO_EV_59738",
        "energia": 7,
        "lisa_cluster": "High-High (Hotspot)",
        "local_moran": 0.12480913686322247
      }
    },
    {
      "type": "Feature",
      "geometry": {
        "type": "Point",
        "coordinates": [
          14.090123142857143,
          40.789337714285715
        ]
      },
      "properties": {
        "event_id": "AUTO_EV_59739",
        "energia": 7,
        "lisa_cluster": "High-Low (Outlier)",
        "local_moran": -0.14361636295883703
      }
    },
    {
      "type": "Feature",
      "geometry": {
        "type": "Point",
        "coordinates": [
          14.130991166666666,
          40.824316333333336
        ]
      },
      "properties": {
        "event_id": "AUTO_EV_59740",
        "energia": 6,
        "lisa_cluster": "High-High (Hotspot)",
        "local_moran": 0.13066963386869862
      }
    },
    {
      "type": "Feature",
      "geometry": {
        "type": "Point",
        "coordinates": [
          14.1283455,
          40.804365250000004
        ]
      },
      "properties": {
        "event_id": "AUTO_EV_59741",
        "energia": 4,
        "lisa_cluster": "Low-Low (Coldspot)",
        "local_moran": 0.27490338829645755
      }
    },
    {
      "type": "Feature",
      "geometry": {
        "type": "Point",
        "coordinates": [
          14.101154,
          40.809132999999996
        ]
      },
      "properties": {
        "event_id": "AUTO_EV_59742",
        "energia": 5,
        "lisa_cluster": "Low-High (Outlier)",
        "local_moran": -0.02214559212865172
      }
    },
    {
      "type": "Feature",
      "geometry": {
        "type": "Point",
        "coordinates": [
          14.1312946,
          40.8064216
        ]
      },
      "properties": {
        "event_id": "AUTO_EV_59743",
        "energia": 5,
        "lisa_cluster": "Low-High (Outlier)",
        "local_moran": -0.00011416521474664785
      }
    },
    {
      "type": "Feature",
      "geometry": {
        "type": "Point",
        "coordinates": [
          14.083869,
          40.787802666666664
        ]
      },
      "properties": {
        "event_id": "AUTO_EV_59744",
        "energia": 3,
        "lisa_cluster": "Low-Low (Coldspot)",
        "local_moran": 0.9021012149540842
      }
    },
    {
      "type": "Feature",
      "geometry": {
        "type": "Point",
        "coordinates": [
          14.073507750000001,
          40.79137825
        ]
      },
      "properties": {
        "event_id": "AUTO_EV_59745",
        "energia": 4,
        "lisa_cluster": "Low-Low (Coldspot)",
        "local_moran": 0.29534356898360664
      }
    },
    {
      "type": "Feature",
      "geometry": {
        "type": "Point",
        "coordinates": [
          14.143993666666667,
          40.8164765
        ]
      },
      "properties": {
        "event_id": "AUTO_EV_59746",
        "energia": 6,
        "lisa_cluster": "High-Low (Outlier)",
        "local_moran": -0.04226872864937645
      }
    },
    {
      "type": "Feature",
      "geometry": {
        "type": "Point",
        "coordinates": [
          14.114732166666668,
          40.805655
        ]
      },
      "properties": {
        "event_id": "AUTO_EV_59747",
        "energia": 6,
        "lisa_cluster": "High-High (Hotspot)",
        "local_moran": 0.05111508780823731
      }
    },
    {
      "type": "Feature",
      "geometry": {
        "type": "Point",
        "coordinates": [
          14.0749202,
          40.7952828
        ]
      },
      "properties": {
        "event_id": "AUTO_EV_59748",
        "energia": 5,
        "lisa_cluster": "Low-Low (Coldspot)",
        "local_moran": 0.02665902711777097
      }
    },
    {
      "type": "Feature",
      "geometry": {
        "type": "Point",
        "coordinates": [
          14.1200356,
          40.8020128
        ]
      },
      "properties": {
        "event_id": "AUTO_EV_59749",
        "energia": 5,
        "lisa_cluster": "Low-High (Outlier)",
        "local_moran": -0.005099185749988191
      }
    },
    {
      "type": "Feature",
      "geometry": {
        "type": "Point",
        "coordinates": [
          14.1376005,
          40.80718375
        ]
      },
      "properties": {
        "event_id": "AUTO_EV_59750",
        "energia": 4,
        "lisa_cluster": "Low-Low (Coldspot)",
        "local_moran": 0.2937102968509751
      }
    },
    {
      "type": "Feature",
      "geometry": {
        "type": "Point",
        "coordinates": [
          14.114279400000001,
          40.8098938
        ]
      },
      "properties": {
        "event_id": "AUTO_EV_59751",
        "energia": 5,
        "lisa_cluster": "Low-High (Outlier)",
        "local_moran": -0.06117308237354317
      }
    },
    {
      "type": "Feature",
      "geometry": {
        "type": "Point",
        "coordinates": [
          14.10833325,
          40.80728575
        ]
      },
      "properties": {
        "event_id": "AUTO_EV_59752",
        "energia": 4,
        "lisa_cluster": "Low-Low (Coldspot)",
        "local_moran": 0.2862493671792792
      }
    },
    {
      "type": "Feature",
      "geometry": {
        "type": "Point",
        "coordinates": [
          14.11934975,
          40.80156025
        ]
      },
      "properties": {
        "event_id": "AUTO_EV_59753",
        "energia": 4,
        "lisa_cluster": "Low-Low (Coldspot)",
        "local_moran": 0.288489320495516
      }
    },
    {
      "type": "Feature",
      "geometry": {
        "type": "Point",
        "coordinates": [
          14.096242333333334,
          40.80337566666667
        ]
      },
      "properties": {
        "event_id": "AUTO_EV_59754",
        "energia": 3,
        "lisa_cluster": "Low-Low (Coldspot)",
        "local_moran": 0.8477753201821541
      }
    },
    {
      "type": "Feature",
      "geometry": {
        "type": "Point",
        "coordinates": [
          14.115856749999999,
          40.80540675
        ]
      },
      "properties": {
        "event_id": "AUTO_EV_59755",
        "energia": 4,
        "lisa_cluster": "Low-Low (Coldspot)",
        "local_moran": 0.29633796208590735
      }
    },
    {
      "type": "Feature",
      "geometry": {
        "type": "Point",
        "coordinates": [
          14.1045945,
          40.792966
        ]
      },
      "properties": {
        "event_id": "AUTO_EV_59756",
        "energia": 4,
        "lisa_cluster": "Low-Low (Coldspot)",
        "local_moran": 0.2942697762860478
      }
    },
    {
      "type": "Feature",
      "geometry": {
        "type": "Point",
        "coordinates": [
          14.1107848,
          40.804778
        ]
      },
      "properties": {
        "event_id": "AUTO_EV_59757",
        "energia": 5,
        "lisa_cluster": "Low-High (Outlier)",
        "local_moran": -0.02586796963140045
      }
    },
    {
      "type": "Feature",
      "geometry": {
        "type": "Point",
        "coordinates": [
          14.105317833333332,
          40.795863833333335
        ]
      },
      "properties": {
        "event_id": "AUTO_EV_59758",
        "energia": 6,
        "lisa_cluster": "High-Low (Outlier)",
        "local_moran": -0.01165414583551195
      }
    },
    {
      "type": "Feature",
      "geometry": {
        "type": "Point",
        "coordinates": [
          14.11619575,
          40.819103750000004
        ]
      },
      "properties": {
        "event_id": "AUTO_EV_59759",
        "energia": 4,
        "lisa_cluster": "Low-High (Outlier)",
        "local_moran": -0.4289772064405657
      }
    },
    {
      "type": "Feature",
      "geometry": {
        "type": "Point",
        "coordinates": [
          14.1119996,
          40.7910052
        ]
      },
      "properties": {
        "event_id": "AUTO_EV_59760",
        "energia": 5,
        "lisa_cluster": "Low-Low (Coldspot)",
        "local_moran": 0.017413226881487172
      }
    },
    {
      "type": "Feature",
      "geometry": {
        "type": "Point",
        "coordinates": [
          14.119822,
          40.80574716666667
        ]
      },
      "properties": {
        "event_id": "AUTO_EV_59761",
        "energia": 6,
        "lisa_cluster": "High-High (Hotspot)",
        "local_moran": 0.06086418517404167
      }
    },
    {
      "type": "Feature",
      "geometry": {
        "type": "Point",
        "coordinates": [
          14.117184599999998,
          40.797974599999996
        ]
      },
      "properties": {
        "event_id": "AUTO_EV_59762",
        "energia": 5,
        "lisa_cluster": "Low-Low (Coldspot)",
        "local_moran": 0.0075003485550402
      }
    },
    {
      "type": "Feature",
      "geometry": {
        "type": "Point",
        "coordinates": [
          14.104687833333335,
          40.8092355
        ]
      },
      "properties": {
        "event_id": "AUTO_EV_59763",
        "energia": 6,
        "lisa_cluster": "High-High (Hotspot)",
        "local_moran": 0.07732390862456935
      }
    },
    {
      "type": "Feature",
      "geometry": {
        "type": "Point",
        "coordinates": [
          14.124049750000001,
          40.81066525
        ]
      },
      "properties": {
        "event_id": "AUTO_EV_59764",
        "energia": 4,
        "lisa_cluster": "Low-High (Outlier)",
        "local_moran": -0.1408427118101425
      }
    },
    {
      "type": "Feature",
      "geometry": {
        "type": "Point",
        "coordinates": [
          14.1093552,
          40.8120756
        ]
      },
      "properties": {
        "event_id": "AUTO_EV_59765",
        "energia": 5,
        "lisa_cluster": "Low-High (Outlier)",
        "local_moran": -0.05854793681578045
      }
    },
    {
      "type": "Feature",
      "geometry": {
        "type": "Point",
        "coordinates": [
          14.0902636,
          40.788989400000006
        ]
      },
      "properties": {
        "event_id": "AUTO_EV_59766",
        "energia": 5,
        "lisa_cluster": "Low-Low (Coldspot)",
        "local_moran": 0.01724395582741851
      }
    },
    {
      "type": "Feature",
      "geometry": {
        "type": "Point",
        "coordinates": [
          14.12223075,
          40.80489275
        ]
      },
      "properties": {
        "event_id": "AUTO_EV_59767",
        "energia": 4,
        "lisa_cluster": "Low-High (Outlier)",
        "local_moran": -0.09702089204885153
      }
    },
    {
      "type": "Feature",
      "geometry": {
        "type": "Point",
        "coordinates": [
          14.102147714285715,
          40.79786214285714
        ]
      },
      "properties": {
        "event_id": "AUTO_EV_59768",
        "energia": 7,
        "lisa_cluster": "High-High (Hotspot)",
        "local_moran": 0.021768911348644258
      }
    },
    {
      "type": "Feature",
      "geometry": {
        "type": "Point",
        "coordinates": [
          14.11934975,
          40.80156025
        ]
      },
      "properties": {
        "event_id": "AUTO_EV_59769",
        "energia": 4,
        "lisa_cluster": "Low-Low (Coldspot)",
        "local_moran": 0.288489320495516
      }
    },
    {
      "type": "Feature",
      "geometry": {
        "type": "Point",
        "coordinates": [
          14.1119758,
          40.81248359999999
        ]
      },
      "properties": {
        "event_id": "AUTO_EV_59770",
        "energia": 5,
        "lisa_cluster": "Low-High (Outlier)",
        "local_moran": -0.07171727507394401
      }
    },
    {
      "type": "Feature",
      "geometry": {
        "type": "Point",
        "coordinates": [
          14.143039166666666,
          40.818992333333334
        ]
      },
      "properties": {
        "event_id": "AUTO_EV_59771",
        "energia": 6,
        "lisa_cluster": "High-Low (Outlier)",
        "local_moran": -0.02038953230319065
      }
    },
    {
      "type": "Feature",
      "geometry": {
        "type": "Point",
        "coordinates": [
          14.0958158,
          40.8113766
        ]
      },
      "properties": {
        "event_id": "AUTO_EV_59772",
        "energia": 5,
        "lisa_cluster": "Low-Low (Coldspot)",
        "local_moran": 0.014992693461037074
      }
    },
    {
      "type": "Feature",
      "geometry": {
        "type": "Point",
        "coordinates": [
          14.141709166666667,
          40.80714616666666
        ]
      },
      "properties": {
        "event_id": "AUTO_EV_59773",
        "energia": 6,
        "lisa_cluster": "High-High (Hotspot)",
        "local_moran": 0.07316134123355174
      }
    },
    {
      "type": "Feature",
      "geometry": {
        "type": "Point",
        "coordinates": [
          14.1417392,
          40.813987600000004
        ]
      },
      "properties": {
        "event_id": "AUTO_EV_59774",
        "energia": 5,
        "lisa_cluster": "Low-Low (Coldspot)",
        "local_moran": 0.018972038852678848
      }
    },
    {
      "type": "Feature",
      "geometry": {
        "type": "Point",
        "coordinates": [
          14.123702999999999,
          40.80957675
        ]
      },
      "properties": {
        "event_id": "AUTO_EV_59775",
        "energia": 4,
        "lisa_cluster": "Low-High (Outlier)",
        "local_moran": -0.20469971413234134
      }
    },
    {
      "type": "Feature",
      "geometry": {
        "type": "Point",
        "coordinates": [
          14.143712333333333,
          40.81953
        ]
      },
      "properties": {
        "event_id": "AUTO_EV_59776",
        "energia": 6,
        "lisa_cluster": "High-Low (Outlier)",
        "local_moran": -0.018926432172280194
      }
    },
    {
      "type": "Feature",
      "geometry": {
        "type": "Point",
        "coordinates": [
          14.093777,
          40.787969399999994
        ]
      },
      "properties": {
        "event_id": "AUTO_EV_59777",
        "energia": 5,
        "lisa_cluster": "Low-Low (Coldspot)",
        "local_moran": 0.01756267481915551
      }
    },
    {
      "type": "Feature",
      "geometry": {
        "type": "Point",
        "coordinates": [
          14.0948452,
          40.7988748
        ]
      },
      "properties": {
        "event_id": "AUTO_EV_59778",
        "energia": 5,
        "lisa_cluster": "Low-Low (Coldspot)",
        "local_moran": 0.016400385003150234
      }
    },
    {
      "type": "Feature",
      "geometry": {
        "type": "Point",
        "coordinates": [
          14.116436,
          40.817962333333334
        ]
      },
      "properties": {
        "event_id": "AUTO_EV_59779",
        "energia": 6,
        "lisa_cluster": "High-High (Hotspot)",
        "local_moran": 0.2541558748669077
      }
    },
    {
      "type": "Feature",
      "geometry": {
        "type": "Point",
        "coordinates": [
          14.0871498,
          40.787673
        ]
      },
      "properties": {
        "event_id": "AUTO_EV_59780",
        "energia": 5,
        "lisa_cluster": "Low-Low (Coldspot)",
        "local_moran": 0.027956703501152348
      }
    },
    {
      "type": "Feature",
      "geometry": {
        "type": "Point",
        "coordinates": [
          14.113349857142856,
          40.81091085714286
        ]
      },
      "properties": {
        "event_id": "AUTO_EV_59781",
        "energia": 7,
        "lisa_cluster": "High-High (Hotspot)",
        "local_moran": 0.3523348768827017
      }
    },
    {
      "type": "Feature",
      "geometry": {
        "type": "Point",
        "coordinates": [
          14.13715425,
          40.81466375
        ]
      },
      "properties": {
        "event_id": "AUTO_EV_59782",
        "energia": 4,
        "lisa_cluster": "Low-High (Outlier)",
        "local_moran": -0.056607040881050764
      }
    },
    {
      "type": "Feature",
      "geometry": {
        "type": "Point",
        "coordinates": [
          14.1253206,
          40.803959400000004
        ]
      },
      "properties": {
        "event_id": "AUTO_EV_59783",
        "energia": 5,
        "lisa_cluster": "Low-Low (Coldspot)",
        "local_moran": 0.016744853466816267
      }
    },
    {
      "type": "Feature",
      "geometry": {
        "type": "Point",
        "coordinates": [
          14.126998,
          40.7988805
        ]
      },
      "properties": {
        "event_id": "AUTO_EV_59784",
        "energia": 4,
        "lisa_cluster": "Low-Low (Coldspot)",
        "local_moran": 0.29803189114205897
      }
    },
    {
      "type": "Feature",
      "geometry": {
        "type": "Point",
        "coordinates": [
          14.108514,
          40.79951857142857
        ]
      },
      "properties": {
        "event_id": "AUTO_EV_59785",
        "energia": 7,
        "lisa_cluster": "High-High (Hotspot)",
        "local_moran": 0.039135818077676784
      }
    },
    {
      "type": "Feature",
      "geometry": {
        "type": "Point",
        "coordinates": [
          14.13650825,
          40.802224
        ]
      },
      "properties": {
        "event_id": "AUTO_EV_59786",
        "energia": 4,
        "lisa_cluster": "Low-Low (Coldspot)",
        "local_moran": 0.29316068252180316
      }
    },
    {
      "type": "Feature",
      "geometry": {
        "type": "Point",
        "coordinates": [
          14.13186575,
          40.8074355
        ]
      },
      "properties": {
        "event_id": "AUTO_EV_59787",
        "energia": 4,
        "lisa_cluster": "Low-Low (Coldspot)",
        "local_moran": 0.2733992391595617
      }
    },
    {
      "type": "Feature",
      "geometry": {
        "type": "Point",
        "coordinates": [
          14.1047148,
          40.8141768
        ]
      },
      "properties": {
        "event_id": "AUTO_EV_59788",
        "energia": 5,
        "lisa_cluster": "Low-Low (Coldspot)",
        "local_moran": 0.01198972658860553
      }
    },
    {
      "type": "Feature",
      "geometry": {
        "type": "Point",
        "coordinates": [
          14.082532,
          40.7951935
        ]
      },
      "properties": {
        "event_id": "AUTO_EV_59789",
        "energia": 6,
        "lisa_cluster": "High-Low (Outlier)",
        "local_moran": -0.03034861396175909
      }
    },
    {
      "type": "Feature",
      "geometry": {
        "type": "Point",
        "coordinates": [
          14.097483285714286,
          40.79908571428571
        ]
      },
      "properties": {
        "event_id": "AUTO_EV_59790",
        "energia": 7,
        "lisa_cluster": "High-High (Hotspot)",
        "local_moran": 0.03886907870652947
      }
    },
    {
      "type": "Feature",
      "geometry": {
        "type": "Point",
        "coordinates": [
          14.12598325,
          40.80388
        ]
      },
      "properties": {
        "event_id": "AUTO_EV_59791",
        "energia": 4,
        "lisa_cluster": "Low-Low (Coldspot)",
        "local_moran": 0.2725002666862026
      }
    },
    {
      "type": "Feature",
      "geometry": {
        "type": "Point",
        "coordinates": [
          14.128998000000001,
          40.8111105
        ]
      },
      "properties": {
        "event_id": "AUTO_EV_59792",
        "energia": 6,
        "lisa_cluster": "High-High (Hotspot)",
        "local_moran": 0.08437888639746197
      }
    },
    {
      "type": "Feature",
      "geometry": {
        "type": "Point",
        "coordinates": [
          14.116170399999998,
          40.8155378
        ]
      },
      "properties": {
        "event_id": "AUTO_EV_59793",
        "energia": 5,
        "lisa_cluster": "Low-High (Outlier)",
        "local_moran": -0.11521895038978777
      }
    },
    {
      "type": "Feature",
      "geometry": {
        "type": "Point",
        "coordinates": [
          14.119350125,
          40.820738125
        ]
      },
      "properties": {
        "event_id": "AUTO_EV_59794",
        "energia": 8,
        "lisa_cluster": "High-High (Hotspot)",
        "local_moran": 0.9239526976311006
      }
    },
    {
      "type": "Feature",
      "geometry": {
        "type": "Point",
        "coordinates": [
          14.1253206,
          40.803959400000004
        ]
      },
      "properties": {
        "event_id": "AUTO_EV_59795",
        "energia": 5,
        "lisa_cluster": "Low-Low (Coldspot)",
        "local_moran": 0.016744853466816267
      }
    },
    {
      "type": "Feature",
      "geometry": {
        "type": "Point",
        "coordinates": [
          14.092820249999999,
          40.80969225
        ]
      },
      "properties": {
        "event_id": "AUTO_EV_59796",
        "energia": 4,
        "lisa_cluster": "Low-High (Outlier)",
        "local_moran": -0.023248057195987035
      }
    },
    {
      "type": "Feature",
      "geometry": {
        "type": "Point",
        "coordinates": [
          14.0787895,
          40.7859045
        ]
      },
      "properties": {
        "event_id": "AUTO_EV_59797",
        "energia": 4,
        "lisa_cluster": "Low-Low (Coldspot)",
        "local_moran": 0.3005570866419919
      }
    },
    {
      "type": "Feature",
      "geometry": {
        "type": "Point",
        "coordinates": [
          14.1354382,
          40.8141622
        ]
      },
      "properties": {
        "event_id": "AUTO_EV_59798",
        "energia": 5,
        "lisa_cluster": "Low-High (Outlier)",
        "local_moran": -0.01714181394952098
      }
    },
    {
      "type": "Feature",
      "geometry": {
        "type": "Point",
        "coordinates": [
          14.12524475,
          40.81194625
        ]
      },
      "properties": {
        "event_id": "AUTO_EV_59799",
        "energia": 4,
        "lisa_cluster": "Low-High (Outlier)",
        "local_moran": -0.22678828474999424
      }
    },
    {
      "type": "Feature",
      "geometry": {
        "type": "Point",
        "coordinates": [
          14.110485666666667,
          40.803832166666666
        ]
      },
      "properties": {
        "event_id": "AUTO_EV_59800",
        "energia": 6,
        "lisa_cluster": "High-High (Hotspot)",
        "local_moran": 0.05291776557685566
      }
    },
    {
      "type": "Feature",
      "geometry": {
        "type": "Point",
        "coordinates": [
          14.100864000000001,
          40.797371600000005
        ]
      },
      "properties": {
        "event_id": "AUTO_EV_59801",
        "energia": 5,
        "lisa_cluster": "Low-Low (Coldspot)",
        "local_moran": 0.015456045751267111
      }
    },
    {
      "type": "Feature",
      "geometry": {
        "type": "Point",
        "coordinates": [
          14.144108571428571,
          40.81220442857143
        ]
      },
      "properties": {
        "event_id": "AUTO_EV_59802",
        "energia": 7,
        "lisa_cluster": "High-Low (Outlier)",
        "local_moran": -0.125098329972288
      }
    },
    {
      "type": "Feature",
      "geometry": {
        "type": "Point",
        "coordinates": [
          14.09741775,
          40.795933500000004
        ]
      },
      "properties": {
        "event_id": "AUTO_EV_59803",
        "energia": 4,
        "lisa_cluster": "Low-Low (Coldspot)",
        "local_moran": 0.278628357251659
      }
    },
    {
      "type": "Feature",
      "geometry": {
        "type": "Point",
        "coordinates": [
          14.085609333333332,
          40.78721483333333
        ]
      },
      "properties": {
        "event_id": "AUTO_EV_59804",
        "energia": 6,
        "lisa_cluster": "High-Low (Outlier)",
        "local_moran": -0.0700645678067337
      }
    },
    {
      "type": "Feature",
      "geometry": {
        "type": "Point",
        "coordinates": [
          14.133499,
          40.8146095
        ]
      },
      "properties": {
        "event_id": "AUTO_EV_59805",
        "energia": 4,
        "lisa_cluster": "Low-High (Outlier)",
        "local_moran": -0.08250232998160237
      }
    },
    {
      "type": "Feature",
      "geometry": {
        "type": "Point",
        "coordinates": [
          14.124229666666666,
          40.817394666666665
        ]
      },
      "properties": {
        "event_id": "AUTO_EV_59806",
        "energia": 3,
        "lisa_cluster": "Low-Low (Coldspot)",
        "local_moran": 0.7905352504584884
      }
    },
    {
      "type": "Feature",
      "geometry": {
        "type": "Point",
        "coordinates": [
          14.0948452,
          40.7988748
        ]
      },
      "properties": {
        "event_id": "AUTO_EV_59807",
        "energia": 5,
        "lisa_cluster": "Low-Low (Coldspot)",
        "local_moran": 0.01640038500315023
      }
    },
    {
      "type": "Feature",
      "geometry": {
        "type": "Point",
        "coordinates": [
          14.118012199999999,
          40.799588799999995
        ]
      },
      "properties": {
        "event_id": "AUTO_EV_59808",
        "energia": 5,
        "lisa_cluster": "Low-Low (Coldspot)",
        "local_moran": 0.01598970232560499
      }
    },
    {
      "type": "Feature",
      "geometry": {
        "type": "Point",
        "coordinates": [
          14.112495000000001,
          40.79467116666667
        ]
      },
      "properties": {
        "event_id": "AUTO_EV_59809",
        "energia": 6,
        "lisa_cluster": "High-Low (Outlier)",
        "local_moran": -0.035956205168294696
      }
    },
    {
      "type": "Feature",
      "geometry": {
        "type": "Point",
        "coordinates": [
          14.139482000000001,
          40.806857
        ]
      },
      "properties": {
        "event_id": "AUTO_EV_59810",
        "energia": 3,
        "lisa_cluster": "Low-Low (Coldspot)",
        "local_moran": 0.18876698716585683
      }
    },
    {
      "type": "Feature",
      "geometry": {
        "type": "Point",
        "coordinates": [
          14.1184074,
          40.806852400000004
        ]
      },
      "properties": {
        "event_id": "AUTO_EV_59811",
        "energia": 5,
        "lisa_cluster": "Low-High (Outlier)",
        "local_moran": -0.03518319688944386
      }
    },
    {
      "type": "Feature",
      "geometry": {
        "type": "Point",
        "coordinates": [
          14.075682,
          40.8148526
        ]
      },
      "properties": {
        "event_id": "AUTO_EV_59812",
        "energia": 5,
        "lisa_cluster": "Low-Low (Coldspot)",
        "local_moran": 0.029407638893897067
      }
    },
    {
      "type": "Feature",
      "geometry": {
        "type": "Point",
        "coordinates": [
          14.0905925,
          40.798268125
        ]
      },
      "properties": {
        "event_id": "AUTO_EV_59813",
        "energia": 8,
        "lisa_cluster": "High-Low (Outlier)",
        "local_moran": -0.044478730275551756
      }
    },
    {
      "type": "Feature",
      "geometry": {
        "type": "Point",
        "coordinates": [
          14.093777,
          40.787969399999994
        ]
      },
      "properties": {
        "event_id": "AUTO_EV_59814",
        "energia": 5,
        "lisa_cluster": "Low-Low (Coldspot)",
        "local_moran": 0.017562674819155504
      }
    },
    {
      "type": "Feature",
      "geometry": {
        "type": "Point",
        "coordinates": [
          14.11491425,
          40.805202
        ]
      },
      "properties": {
        "event_id": "AUTO_EV_59815",
        "energia": 4,
        "lisa_cluster": "Low-High (Outlier)",
        "local_moran": -0.09357113839800753
      }
    },
    {
      "type": "Feature",
      "geometry": {
        "type": "Point",
        "coordinates": [
          14.1075708,
          40.7945924
        ]
      },
      "properties": {
        "event_id": "AUTO_EV_59816",
        "energia": 5,
        "lisa_cluster": "Low-Low (Coldspot)",
        "local_moran": 0.00853924621881223
      }
    },
    {
      "type": "Feature",
      "geometry": {
        "type": "Point",
        "coordinates": [
          14.088335833333334,
          40.81029483333334
        ]
      },
      "properties": {
        "event_id": "AUTO_EV_59817",
        "energia": 6,
        "lisa_cluster": "High-Low (Outlier)",
        "local_moran": -0.01541519253251782
      }
    },
    {
      "type": "Feature",
      "geometry": {
        "type": "Point",
        "coordinates": [
          14.124042,
          40.82327375
        ]
      },
      "properties": {
        "event_id": "AUTO_EV_59818",
        "energia": 4,
        "lisa_cluster": "Low-High (Outlier)",
        "local_moran": -0.3687443699696675
      }
    },
    {
      "type": "Feature",
      "geometry": {
        "type": "Point",
        "coordinates": [
          14.1317872,
          40.812347599999995
        ]
      },
      "properties": {
        "event_id": "AUTO_EV_59819",
        "energia": 5,
        "lisa_cluster": "Low-High (Outlier)",
        "local_moran": -0.03127160097284885
      }
    },
    {
      "type": "Feature",
      "geometry": {
        "type": "Point",
        "coordinates": [
          14.086032,
          40.8034552
        ]
      },
      "properties": {
        "event_id": "AUTO_EV_59820",
        "energia": 5,
        "lisa_cluster": "Low-Low (Coldspot)",
        "local_moran": 0.00035577862964615456
      }
    },
    {
      "type": "Feature",
      "geometry": {
        "type": "Point",
        "coordinates": [
          14.123840555555555,
          40.80975477777778
        ]
      },
      "properties": {
        "event_id": "AUTO_EV_59821",
        "energia": 9,
        "lisa_cluster": "High-High (Hotspot)",
        "local_moran": 0.4601937703799117
      }
    },
    {
      "type": "Feature",
      "geometry": {
        "type": "Point",
        "coordinates": [
          14.141567,
          40.81967425
        ]
      },
      "properties": {
        "event_id": "AUTO_EV_59822",
        "energia": 4,
        "lisa_cluster": "Low-High (Outlier)",
        "local_moran": -0.006195247336778246
      }
    },
    {
      "type": "Feature",
      "geometry": {
        "type": "Point",
        "coordinates": [
          14.1030375,
          40.815677666666666
        ]
      },
      "properties": {
        "event_id": "AUTO_EV_59823",
        "energia": 6,
        "lisa_cluster": "High-High (Hotspot)",
        "local_moran": 0.03856776427762393
      }
    },
    {
      "type": "Feature",
      "geometry": {
        "type": "Point",
        "coordinates": [
          14.100302166666665,
          40.7971165
        ]
      },
      "properties": {
        "event_id": "AUTO_EV_59824",
        "energia": 6,
        "lisa_cluster": "High-High (Hotspot)",
        "local_moran": 0.0023209632279651594
      }
    },
    {
      "type": "Feature",
      "geometry": {
        "type": "Point",
        "coordinates": [
          14.091976333333333,
          40.79781083333334
        ]
      },
      "properties": {
        "event_id": "AUTO_EV_59825",
        "energia": 6,
        "lisa_cluster": "High-High (Hotspot)",
        "local_moran": 0.07485837763973689
      }
    },
    {
      "type": "Feature",
      "geometry": {
        "type": "Point",
        "coordinates": [
          14.081801500000001,
          40.79611525
        ]
      },
      "properties": {
        "event_id": "AUTO_EV_59826",
        "energia": 4,
        "lisa_cluster": "Low-Low (Coldspot)",
        "local_moran": 0.04605673340728769
      }
    },
    {
      "type": "Feature",
      "geometry": {
        "type": "Point",
        "coordinates": [
          14.0968475,
          40.808300833333334
        ]
      },
      "properties": {
        "event_id": "AUTO_EV_59827",
        "energia": 6,
        "lisa_cluster": "High-High (Hotspot)",
        "local_moran": 0.030940578958975222
      }
    },
    {
      "type": "Feature",
      "geometry": {
        "type": "Point",
        "coordinates": [
          14.146303799999998,
          40.8176512
        ]
      },
      "properties": {
        "event_id": "AUTO_EV_59828",
        "energia": 5,
        "lisa_cluster": "Low-Low (Coldspot)",
        "local_moran": 0.029060140469857963
      }
    },
    {
      "type": "Feature",
      "geometry": {
        "type": "Point",
        "coordinates": [
          14.123397800000001,
          40.8103486
        ]
      },
      "properties": {
        "event_id": "AUTO_EV_59829",
        "energia": 5,
        "lisa_cluster": "Low-High (Outlier)",
        "local_moran": -0.04652465145258921
      }
    },
    {
      "type": "Feature",
      "geometry": {
        "type": "Point",
        "coordinates": [
          14.155140750000001,
          40.80900475
        ]
      },
      "properties": {
        "event_id": "AUTO_EV_59830",
        "energia": 4,
        "lisa_cluster": "Low-Low (Coldspot)",
        "local_moran": 0.2090056802084586
      }
    },
    {
      "type": "Feature",
      "geometry": {
        "type": "Point",
        "coordinates": [
          14.1339024,
          40.8099614
        ]
      },
      "properties": {
        "event_id": "AUTO_EV_59831",
        "energia": 5,
        "lisa_cluster": "Low-High (Outlier)",
        "local_moran": -0.005848580851922136
      }
    },
    {
      "type": "Feature",
      "geometry": {
        "type": "Point",
        "coordinates": [
          14.1164654,
          40.805017
        ]
      },
      "properties": {
        "event_id": "AUTO_EV_59832",
        "energia": 5,
        "lisa_cluster": "Low-High (Outlier)",
        "local_moran": -0.01529303842936543
      }
    },
    {
      "type": "Feature",
      "geometry": {
        "type": "Point",
        "coordinates": [
          14.1459646,
          40.809608600000004
        ]
      },
      "properties": {
        "event_id": "AUTO_EV_59833",
        "energia": 5,
        "lisa_cluster": "Low-Low (Coldspot)",
        "local_moran": 0.01781073527406852
      }
    },
    {
      "type": "Feature",
      "geometry": {
        "type": "Point",
        "coordinates": [
          14.11137425,
          40.8375675
        ]
      },
      "properties": {
        "event_id": "AUTO_EV_59834",
        "energia": 4,
        "lisa_cluster": "Low-Low (Coldspot)",
        "local_moran": 0.09078873334789743
      }
    },
    {
      "type": "Feature",
      "geometry": {
        "type": "Point",
        "coordinates": [
          14.1175946,
          40.8041356
        ]
      },
      "properties": {
        "event_id": "AUTO_EV_59835",
        "energia": 5,
        "lisa_cluster": "Low-High (Outlier)",
        "local_moran": -0.01996274117645779
      }
    },
    {
      "type": "Feature",
      "geometry": {
        "type": "Point",
        "coordinates": [
          14.1594535,
          40.8085635
        ]
      },
      "properties": {
        "event_id": "AUTO_EV_59836",
        "energia": 4,
        "lisa_cluster": "Low-Low (Coldspot)",
        "local_moran": 0.2143454956768893
      }
    },
    {
      "type": "Feature",
      "geometry": {
        "type": "Point",
        "coordinates": [
          14.089185,
          40.80048385714286
        ]
      },
      "properties": {
        "event_id": "AUTO_EV_59837",
        "energia": 7,
        "lisa_cluster": "High-Low (Outlier)",
        "local_moran": -0.008947339305917002
      }
    },
    {
      "type": "Feature",
      "geometry": {
        "type": "Point",
        "coordinates": [
          14.10849475,
          40.84080475
        ]
      },
      "properties": {
        "event_id": "AUTO_EV_59838",
        "energia": 4,
        "lisa_cluster": "Low-Low (Coldspot)",
        "local_moran": 0.19522751658167828
      }
    },
    {
      "type": "Feature",
      "geometry": {
        "type": "Point",
        "coordinates": [
          14.110237,
          40.814765
        ]
      },
      "properties": {
        "event_id": "AUTO_EV_59839",
        "energia": 6,
        "lisa_cluster": "High-High (Hotspot)",
        "local_moran": 0.20863879395278076
      }
    },
    {
      "type": "Feature",
      "geometry": {
        "type": "Point",
        "coordinates": [
          14.072014,
          40.804862400000005
        ]
      },
      "properties": {
        "event_id": "AUTO_EV_59840",
        "energia": 5,
        "lisa_cluster": "Low-Low (Coldspot)",
        "local_moran": 0.026631479097079094
      }
    },
    {
      "type": "Feature",
      "geometry": {
        "type": "Point",
        "coordinates": [
          14.0902636,
          40.788989400000006
        ]
      },
      "properties": {
        "event_id": "AUTO_EV_59841",
        "energia": 5,
        "lisa_cluster": "Low-Low (Coldspot)",
        "local_moran": 0.01724395582741851
      }
    },
    {
      "type": "Feature",
      "geometry": {
        "type": "Point",
        "coordinates": [
          14.12598257142857,
          40.81301742857143
        ]
      },
      "properties": {
        "event_id": "AUTO_EV_59842",
        "energia": 7,
        "lisa_cluster": "High-High (Hotspot)",
        "local_moran": 0.25309164721621635
      }
    },
    {
      "type": "Feature",
      "geometry": {
        "type": "Point",
        "coordinates": [
          14.07472975,
          40.8158875
        ]
      },
      "properties": {
        "event_id": "AUTO_EV_59843",
        "energia": 4,
        "lisa_cluster": "Low-Low (Coldspot)",
        "local_moran": 0.12488718000098624
      }
    },
    {
      "type": "Feature",
      "geometry": {
        "type": "Point",
        "coordinates": [
          14.16645875,
          40.82284075
        ]
      },
      "properties": {
        "event_id": "AUTO_EV_59844",
        "energia": 4,
        "lisa_cluster": "Low-Low (Coldspot)",
        "local_moran": 0.2650729945626636
      }
    },
    {
      "type": "Feature",
      "geometry": {
        "type": "Point",
        "coordinates": [
          14.131481166666667,
          40.81827716666667
        ]
      },
      "properties": {
        "event_id": "AUTO_EV_59845",
        "energia": 6,
        "lisa_cluster": "High-High (Hotspot)",
        "local_moran": 0.09921005495469361
      }
    },
    {
      "type": "Feature",
      "geometry": {
        "type": "Point",
        "coordinates": [
          14.1297465,
          40.815622250000004
        ]
      },
      "properties": {
        "event_id": "AUTO_EV_59846",
        "energia": 4,
        "lisa_cluster": "Low-High (Outlier)",
        "local_moran": -0.22701669328681878
      }
    },
    {
      "type": "Feature",
      "geometry": {
        "type": "Point",
        "coordinates": [
          14.123406800000001,
          40.807081800000006
        ]
      },
      "properties": {
        "event_id": "AUTO_EV_59847",
        "energia": 5,
        "lisa_cluster": "Low-High (Outlier)",
        "local_moran": -0.029135433286494195
      }
    },
    {
      "type": "Feature",
      "geometry": {
        "type": "Point",
        "coordinates": [
          14.0691545,
          40.78336175
        ]
      },
      "properties": {
        "event_id": "AUTO_EV_59848",
        "energia": 4,
        "lisa_cluster": "Low-Low (Coldspot)",
        "local_moran": 0.30111341290712423
      }
    },
    {
      "type": "Feature",
      "geometry": {
        "type": "Point",
        "coordinates": [
          14.064512,
          40.78857325
        ]
      },
      "properties": {
        "event_id": "AUTO_EV_59849",
        "energia": 4,
        "lisa_cluster": "Low-Low (Coldspot)",
        "local_moran": 0.2992165981468268
      }
    },
    {
      "type": "Feature",
      "geometry": {
        "type": "Point",
        "coordinates": [
          14.121762200000001,
          40.8057766
        ]
      },
      "properties": {
        "event_id": "AUTO_EV_59850",
        "energia": 5,
        "lisa_cluster": "Low-High (Outlier)",
        "local_moran": -0.026583132222227975
      }
    },
    {
      "type": "Feature",
      "geometry": {
        "type": "Point",
        "coordinates": [
          14.092687,
          40.7835115
        ]
      },
      "properties": {
        "event_id": "AUTO_EV_59851",
        "energia": 4,
        "lisa_cluster": "Low-Low (Coldspot)",
        "local_moran": 0.30083842802903327
      }
    },
    {
      "type": "Feature",
      "geometry": {
        "type": "Point",
        "coordinates": [
          14.138310571428573,
          40.81531328571429
        ]
      },
      "properties": {
        "event_id": "AUTO_EV_59852",
        "energia": 7,
        "lisa_cluster": "High-High (Hotspot)",
        "local_moran": 0.03809689067356349
      }
    },
    {
      "type": "Feature",
      "geometry": {
        "type": "Point",
        "coordinates": [
          14.07202775,
          40.79930275
        ]
      },
      "properties": {
        "event_id": "AUTO_EV_59853",
        "energia": 4,
        "lisa_cluster": "Low-Low (Coldspot)",
        "local_moran": 0.29517301459578055
      }
    },
    {
      "type": "Feature",
      "geometry": {
        "type": "Point",
        "coordinates": [
          14.125234,
          40.805745
        ]
      },
      "properties": {
        "event_id": "AUTO_EV_59854",
        "energia": 3,
        "lisa_cluster": "Low-High (Outlier)",
        "local_moran": -0.17920553587497282
      }
    },
    {
      "type": "Feature",
      "geometry": {
        "type": "Point",
        "coordinates": [
          14.09619275,
          40.79667325
        ]
      },
      "properties": {
        "event_id": "AUTO_EV_59855",
        "energia": 4,
        "lisa_cluster": "Low-Low (Coldspot)",
        "local_moran": 0.2930326338350579
      }
    },
    {
      "type": "Feature",
      "geometry": {
        "type": "Point",
        "coordinates": [
          14.1240889,
          40.818174600000006
        ]
      },
      "properties": {
        "event_id": "AUTO_EV_59856",
        "energia": 20,
        "lisa_cluster": "High-High (Hotspot)",
        "local_moran": 37.51766150463464
      }
    },
    {
      "type": "Feature",
      "geometry": {
        "type": "Point",
        "coordinates": [
          14.123284315789473,
          40.81700278947368
        ]
      },
      "properties": {
        "event_id": "AUTO_EV_59857",
        "energia": 19,
        "lisa_cluster": "High-High (Hotspot)",
        "local_moran": 30.080776259484843
      }
    },
    {
      "type": "Feature",
      "geometry": {
        "type": "Point",
        "coordinates": [
          14.120427888888889,
          40.817308499999996
        ]
      },
      "properties": {
        "event_id": "AUTO_EV_59858",
        "energia": 18,
        "lisa_cluster": "High-High (Hotspot)",
        "local_moran": 4.642063515579886
      }
    },
    {
      "type": "Feature",
      "geometry": {
        "type": "Point",
        "coordinates": [
          14.10373225,
          40.810522666666664
        ]
      },
      "properties": {
        "event_id": "AUTO_EV_59859",
        "energia": 12,
        "lisa_cluster": "High-High (Hotspot)",
        "local_moran": 0.5761603894916971
      }
    },
    {
      "type": "Feature",
      "geometry": {
        "type": "Point",
        "coordinates": [
          14.1263225,
          40.8171332
        ]
      },
      "properties": {
        "event_id": "AUTO_EV_59860",
        "energia": 10,
        "lisa_cluster": "High-High (Hotspot)",
        "local_moran": 1.6172808815028357
      }
    },
    {
      "type": "Feature",
      "geometry": {
        "type": "Point",
        "coordinates": [
          14.082844222222223,
          40.80278933333333
        ]
      },
      "properties": {
        "event_id": "AUTO_EV_59861",
        "energia": 9,
        "lisa_cluster": "High-Low (Outlier)",
        "local_moran": -0.10534539465349906
      }
    },
    {
      "type": "Feature",
      "geometry": {
        "type": "Point",
        "coordinates": [
          14.095397166666666,
          40.79916016666667
        ]
      },
      "properties": {
        "event_id": "AUTO_EV_59862",
        "energia": 6,
        "lisa_cluster": "High-Low (Outlier)",
        "local_moran": -0.001228365250036353
      }
    },
    {
      "type": "Feature",
      "geometry": {
        "type": "Point",
        "coordinates": [
          14.131479714285714,
          40.81222542857143
        ]
      },
      "properties": {
        "event_id": "AUTO_EV_59863",
        "energia": 7,
        "lisa_cluster": "High-High (Hotspot)",
        "local_moran": 0.46595708302889743
      }
    },
    {
      "type": "Feature",
      "geometry": {
        "type": "Point",
        "coordinates": [
          14.1171638,
          40.8067966
        ]
      },
      "properties": {
        "event_id": "AUTO_EV_59864",
        "energia": 5,
        "lisa_cluster": "Low-High (Outlier)",
        "local_moran": -0.03812486249541973
      }
    },
    {
      "type": "Feature",
      "geometry": {
        "type": "Point",
        "coordinates": [
          14.0939822,
          40.8070822
        ]
      },
      "properties": {
        "event_id": "AUTO_EV_59865",
        "energia": 5,
        "lisa_cluster": "Low-High (Outlier)",
        "local_moran": -0.009811675887000776
      }
    },
    {
      "type": "Feature",
      "geometry": {
        "type": "Point",
        "coordinates": [
          14.091966625,
          40.807607250000004
        ]
      },
      "properties": {
        "event_id": "AUTO_EV_59866",
        "energia": 8,
        "lisa_cluster": "High-High (Hotspot)",
        "local_moran": 0.03721916360370875
      }
    },
    {
      "type": "Feature",
      "geometry": {
        "type": "Point",
        "coordinates": [
          14.10833325,
          40.80728575
        ]
      },
      "properties": {
        "event_id": "AUTO_EV_59867",
        "energia": 4,
        "lisa_cluster": "Low-Low (Coldspot)",
        "local_moran": 0.28624936717927923
      }
    },
    {
      "type": "Feature",
      "geometry": {
        "type": "Point",
        "coordinates": [
          14.106832833333334,
          40.80047166666667
        ]
      },
      "properties": {
        "event_id": "AUTO_EV_59868",
        "energia": 6,
        "lisa_cluster": "High-High (Hotspot)",
        "local_moran": 0.02492444825970544
      }
    },
    {
      "type": "Feature",
      "geometry": {
        "type": "Point",
        "coordinates": [
          14.1390364,
          40.811132199999996
        ]
      },
      "properties": {
        "event_id": "AUTO_EV_59869",
        "energia": 5,
        "lisa_cluster": "Low-Low (Coldspot)",
        "local_moran": 0.015676324663249277
      }
    },
    {
      "type": "Feature",
      "geometry": {
        "type": "Point",
        "coordinates": [
          14.07709425,
          40.8041445
        ]
      },
      "properties": {
        "event_id": "AUTO_EV_59870",
        "energia": 4,
        "lisa_cluster": "Low-Low (Coldspot)",
        "local_moran": 0.09442787088606863
      }
    },
    {
      "type": "Feature",
      "geometry": {
        "type": "Point",
        "coordinates": [
          14.10457975,
          40.79991
        ]
      },
      "properties": {
        "event_id": "AUTO_EV_59871",
        "energia": 4,
        "lisa_cluster": "Low-High (Outlier)",
        "local_moran": -0.04665019573566076
      }
    },
    {
      "type": "Feature",
      "geometry": {
        "type": "Point",
        "coordinates": [
          14.1210405,
          40.819832
        ]
      },
      "properties": {
        "event_id": "AUTO_EV_59872",
        "energia": 4,
        "lisa_cluster": "Low-High (Outlier)",
        "local_moran": -0.5056938357246621
      }
    },
    {
      "type": "Feature",
      "geometry": {
        "type": "Point",
        "coordinates": [
          14.058138,
          40.78908725
        ]
      },
      "properties": {
        "event_id": "AUTO_EV_59873",
        "energia": 4,
        "lisa_cluster": "Low-Low (Coldspot)",
        "local_moran": 0.3014388944729607
      }
    },
    {
      "type": "Feature",
      "geometry": {
        "type": "Point",
        "coordinates": [
          14.113909666666666,
          40.817346
        ]
      },
      "properties": {
        "event_id": "AUTO_EV_59874",
        "energia": 3,
        "lisa_cluster": "Low-High (Outlier)",
        "local_moran": -0.671188026598432
      }
    },
    {
      "type": "Feature",
      "geometry": {
        "type": "Point",
        "coordinates": [
          14.1155535,
          40.80493975
        ]
      },
      "properties": {
        "event_id": "AUTO_EV_59875",
        "energia": 4,
        "lisa_cluster": "Low-High (Outlier)",
        "local_moran": -0.06090152647153204
      }
    },
    {
      "type": "Feature",
      "geometry": {
        "type": "Point",
        "coordinates": [
          14.115856749999999,
          40.80540675
        ]
      },
      "properties": {
        "event_id": "AUTO_EV_59876",
        "energia": 4,
        "lisa_cluster": "Low-Low (Coldspot)",
        "local_moran": 0.2963379620859073
      }
    },
    {
      "type": "Feature",
      "geometry": {
        "type": "Point",
        "coordinates": [
          14.098821333333333,
          40.79765316666667
        ]
      },
      "properties": {
        "event_id": "AUTO_EV_59877",
        "energia": 6,
        "lisa_cluster": "High-High (Hotspot)",
        "local_moran": 0.0021168939182422855
      }
    },
    {
      "type": "Feature",
      "geometry": {
        "type": "Point",
        "coordinates": [
          14.1037012,
          40.8167016
        ]
      },
      "properties": {
        "event_id": "AUTO_EV_59878",
        "energia": 5,
        "lisa_cluster": "Low-High (Outlier)",
        "local_moran": -0.04598331186528207
      }
    },
    {
      "type": "Feature",
      "geometry": {
        "type": "Point",
        "coordinates": [
          14.0943106,
          40.8029496
        ]
      },
      "properties": {
        "event_id": "AUTO_EV_59879",
        "energia": 5,
        "lisa_cluster": "Low-High (Outlier)",
        "local_moran": -0.005699394446566488
      }
    },
    {
      "type": "Feature",
      "geometry": {
        "type": "Point",
        "coordinates": [
          14.1332096,
          40.808692
        ]
      },
      "properties": {
        "event_id": "AUTO_EV_59880",
        "energia": 10,
        "lisa_cluster": "High-High (Hotspot)",
        "local_moran": 0.2553746543236183
      }
    },
    {
      "type": "Feature",
      "geometry": {
        "type": "Point",
        "coordinates": [
          14.095381249999999,
          40.81270475
        ]
      },
      "properties": {
        "event_id": "AUTO_EV_59881",
        "energia": 4,
        "lisa_cluster": "Low-Low (Coldspot)",
        "local_moran": 0.29012743503765
      }
    },
    {
      "type": "Feature",
      "geometry": {
        "type": "Point",
        "coordinates": [
          14.1389595,
          40.82274525
        ]
      },
      "properties": {
        "event_id": "AUTO_EV_59882",
        "energia": 4,
        "lisa_cluster": "Low-Low (Coldspot)",
        "local_moran": 0.012543567589200052
      }
    },
    {
      "type": "Feature",
      "geometry": {
        "type": "Point",
        "coordinates": [
          14.105964,
          40.796940666666664
        ]
      },
      "properties": {
        "event_id": "AUTO_EV_59883",
        "energia": 3,
        "lisa_cluster": "Low-Low (Coldspot)",
        "local_moran": 0.006734227861173167
      }
    },
    {
      "type": "Feature",
      "geometry": {
        "type": "Point",
        "coordinates": [
          14.1154575,
          40.79991475
        ]
      },
      "properties": {
        "event_id": "AUTO_EV_59884",
        "energia": 4,
        "lisa_cluster": "Low-Low (Coldspot)",
        "local_moran": 0.27862236461211404
      }
    },
    {
      "type": "Feature",
      "geometry": {
        "type": "Point",
        "coordinates": [
          14.1102105,
          40.8036995
        ]
      },
      "properties": {
        "event_id": "AUTO_EV_59885",
        "energia": 6,
        "lisa_cluster": "High-High (Hotspot)",
        "local_moran": 0.053481259834018656
      }
    },
    {
      "type": "Feature",
      "geometry": {
        "type": "Point",
        "coordinates": [
          14.0808755,
          40.78701566666667
        ]
      },
      "properties": {
        "event_id": "AUTO_EV_59886",
        "energia": 6,
        "lisa_cluster": "High-Low (Outlier)",
        "local_moran": -0.07327781000980924
      }
    },
    {
      "type": "Feature",
      "geometry": {
        "type": "Point",
        "coordinates": [
          14.150744666666666,
          40.815458666666665
        ]
      },
      "properties": {
        "event_id": "AUTO_EV_59887",
        "energia": 6,
        "lisa_cluster": "High-Low (Outlier)",
        "local_moran": -0.08331787430311216
      }
    },
    {
      "type": "Feature",
      "geometry": {
        "type": "Point",
        "coordinates": [
          14.127539166666667,
          40.81078516666667
        ]
      },
      "properties": {
        "event_id": "AUTO_EV_59888",
        "energia": 6,
        "lisa_cluster": "High-High (Hotspot)",
        "local_moran": 0.09089639230830113
      }
    },
    {
      "type": "Feature",
      "geometry": {
        "type": "Point",
        "coordinates": [
          14.109795833333335,
          40.79984683333333
        ]
      },
      "properties": {
        "event_id": "AUTO_EV_59889",
        "energia": 6,
        "lisa_cluster": "High-High (Hotspot)",
        "local_moran": 0.020094825388931193
      }
    },
    {
      "type": "Feature",
      "geometry": {
        "type": "Point",
        "coordinates": [
          14.137597166666666,
          40.81777966666667
        ]
      },
      "properties": {
        "event_id": "AUTO_EV_59890",
        "energia": 6,
        "lisa_cluster": "High-High (Hotspot)",
        "local_moran": 0.0370221196414491
      }
    },
    {
      "type": "Feature",
      "geometry": {
        "type": "Point",
        "coordinates": [
          14.1024674,
          40.7935284
        ]
      },
      "properties": {
        "event_id": "AUTO_EV_59891",
        "energia": 5,
        "lisa_cluster": "Low-Low (Coldspot)",
        "local_moran": 0.016918733037536837
      }
    },
    {
      "type": "Feature",
      "geometry": {
        "type": "Point",
        "coordinates": [
          14.120757000000001,
          40.810080600000006
        ]
      },
      "properties": {
        "event_id": "AUTO_EV_59892",
        "energia": 5,
        "lisa_cluster": "Low-High (Outlier)",
        "local_moran": -0.01977952942432914
      }
    },
    {
      "type": "Feature",
      "geometry": {
        "type": "Point",
        "coordinates": [
          14.154574499999999,
          40.82148
        ]
      },
      "properties": {
        "event_id": "AUTO_EV_59893",
        "energia": 4,
        "lisa_cluster": "Low-Low (Coldspot)",
        "local_moran": 0.13610651193088757
      }
    },
    {
      "type": "Feature",
      "geometry": {
        "type": "Point",
        "coordinates": [
          14.090906799999999,
          40.7968114
        ]
      },
      "properties": {
        "event_id": "AUTO_EV_59894",
        "energia": 5,
        "lisa_cluster": "Low-Low (Coldspot)",
        "local_moran": 0.01629653515211529
      }
    },
    {
      "type": "Feature",
      "geometry": {
        "type": "Point",
        "coordinates": [
          14.109272200000001,
          40.8001744
        ]
      },
      "properties": {
        "event_id": "AUTO_EV_59895",
        "energia": 5,
        "lisa_cluster": "Low-High (Outlier)",
        "local_moran": -0.00989894630844793
      }
    },
    {
      "type": "Feature",
      "geometry": {
        "type": "Point",
        "coordinates": [
          14.1379395,
          40.82088075
        ]
      },
      "properties": {
        "event_id": "AUTO_EV_59896",
        "energia": 4,
        "lisa_cluster": "Low-High (Outlier)",
        "local_moran": -0.06068467264839869
      }
    },
    {
      "type": "Feature",
      "geometry": {
        "type": "Point",
        "coordinates": [
          14.105884142857144,
          40.80330542857143
        ]
      },
      "properties": {
        "event_id": "AUTO_EV_59897",
        "energia": 7,
        "lisa_cluster": "High-High (Hotspot)",
        "local_moran": 0.09633647119042853
      }
    },
    {
      "type": "Feature",
      "geometry": {
        "type": "Point",
        "coordinates": [
          14.12205175,
          40.818145
        ]
      },
      "properties": {
        "event_id": "AUTO_EV_59898",
        "energia": 4,
        "lisa_cluster": "Low-Low (Coldspot)",
        "local_moran": 0.2137152935151488
      }
    },
    {
      "type": "Feature",
      "geometry": {
        "type": "Point",
        "coordinates": [
          14.13159675,
          40.8253675
        ]
      },
      "properties": {
        "event_id": "AUTO_EV_59899",
        "energia": 4,
        "lisa_cluster": "Low-High (Outlier)",
        "local_moran": -0.228511263907204
      }
    },
    {
      "type": "Feature",
      "geometry": {
        "type": "Point",
        "coordinates": [
          14.123889600000002,
          40.805261200000004
        ]
      },
      "properties": {
        "event_id": "AUTO_EV_59900",
        "energia": 5,
        "lisa_cluster": "Low-High (Outlier)",
        "local_moran": -0.025987188652310634
      }
    },
    {
      "type": "Feature",
      "geometry": {
        "type": "Point",
        "coordinates": [
          14.13364075,
          40.8141105
        ]
      },
      "properties": {
        "event_id": "AUTO_EV_59901",
        "energia": 4,
        "lisa_cluster": "Low-High (Outlier)",
        "local_moran": -0.062143406474615165
      }
    },
    {
      "type": "Feature",
      "geometry": {
        "type": "Point",
        "coordinates": [
          14.116259833333332,
          40.810440666666665
        ]
      },
      "properties": {
        "event_id": "AUTO_EV_59902",
        "energia": 6,
        "lisa_cluster": "High-High (Hotspot)",
        "local_moran": 0.15390570078016447
      }
    },
    {
      "type": "Feature",
      "geometry": {
        "type": "Point",
        "coordinates": [
          14.09777557142857,
          40.81336942857143
        ]
      },
      "properties": {
        "event_id": "AUTO_EV_59903",
        "energia": 7,
        "lisa_cluster": "High-High (Hotspot)",
        "local_moran": 0.11579484326725736
      }
    },
    {
      "type": "Feature",
      "geometry": {
        "type": "Point",
        "coordinates": [
          14.141848666666666,
          40.815757
        ]
      },
      "properties": {
        "event_id": "AUTO_EV_59904",
        "energia": 3,
        "lisa_cluster": "Low-Low (Coldspot)",
        "local_moran": 0.1003126976314057
      }
    },
    {
      "type": "Feature",
      "geometry": {
        "type": "Point",
        "coordinates": [
          14.110220285714286,
          40.80062157142857
        ]
      },
      "properties": {
        "event_id": "AUTO_EV_59905",
        "energia": 7,
        "lisa_cluster": "High-High (Hotspot)",
        "local_moran": 0.06106946424513945
      }
    },
    {
      "type": "Feature",
      "geometry": {
        "type": "Point",
        "coordinates": [
          14.138398999999998,
          40.816539999999996
        ]
      },
      "properties": {
        "event_id": "AUTO_EV_59906",
        "energia": 5,
        "lisa_cluster": "Low-High (Outlier)",
        "local_moran": -0.008069198312674645
      }
    },
    {
      "type": "Feature",
      "geometry": {
        "type": "Point",
        "coordinates": [
          14.1500205,
          40.8243395
        ]
      },
      "properties": {
        "event_id": "AUTO_EV_59907",
        "energia": 4,
        "lisa_cluster": "Low-Low (Coldspot)",
        "local_moran": 0.09415336058980019
      }
    },
    {
      "type": "Feature",
      "geometry": {
        "type": "Point",
        "coordinates": [
          14.122566,
          40.8047078
        ]
      },
      "properties": {
        "event_id": "AUTO_EV_59908",
        "energia": 5,
        "lisa_cluster": "Low-High (Outlier)",
        "local_moran": -0.02213005984123382
      }
    },
    {
      "type": "Feature",
      "geometry": {
        "type": "Point",
        "coordinates": [
          14.097414428571428,
          40.812881
        ]
      },
      "properties": {
        "event_id": "AUTO_EV_59909",
        "energia": 7,
        "lisa_cluster": "High-High (Hotspot)",
        "local_moran": 0.12832805961808
      }
    },
    {
      "type": "Feature",
      "geometry": {
        "type": "Point",
        "coordinates": [
          14.14405525,
          40.81692625
        ]
      },
      "properties": {
        "event_id": "AUTO_EV_59910",
        "energia": 4,
        "lisa_cluster": "Low-Low (Coldspot)",
        "local_moran": 0.06683984882258237
      }
    },
    {
      "type": "Feature",
      "geometry": {
        "type": "Point",
        "coordinates": [
          14.124141,
          40.818554166666665
        ]
      },
      "properties": {
        "event_id": "AUTO_EV_59911",
        "energia": 6,
        "lisa_cluster": "High-High (Hotspot)",
        "local_moran": 0.7211805793131709
      }
    },
    {
      "type": "Feature",
      "geometry": {
        "type": "Point",
        "coordinates": [
          14.117140000000001,
          40.82392085714286
        ]
      },
      "properties": {
        "event_id": "AUTO_EV_59912",
        "energia": 7,
        "lisa_cluster": "High-High (Hotspot)",
        "local_moran": 0.41765530308284415
      }
    },
    {
      "type": "Feature",
      "geometry": {
        "type": "Point",
        "coordinates": [
          14.131996749999999,
          40.81431375
        ]
      },
      "properties": {
        "event_id": "AUTO_EV_59913",
        "energia": 4,
        "lisa_cluster": "Low-High (Outlier)",
        "local_moran": -0.17341728232417133
      }
    },
    {
      "type": "Feature",
      "geometry": {
        "type": "Point",
        "coordinates": [
          14.1419124,
          40.81552
        ]
      },
      "properties": {
        "event_id": "AUTO_EV_59914",
        "energia": 5,
        "lisa_cluster": "Low-Low (Coldspot)",
        "local_moran": 0.020313536075889514
      }
    },
    {
      "type": "Feature",
      "geometry": {
        "type": "Point",
        "coordinates": [
          14.131264999999999,
          40.79840625
        ]
      },
      "properties": {
        "event_id": "AUTO_EV_59915",
        "energia": 4,
        "lisa_cluster": "Low-Low (Coldspot)",
        "local_moran": 0.29803505036970473
      }
    },
    {
      "type": "Feature",
      "geometry": {
        "type": "Point",
        "coordinates": [
          14.1198724,
          40.8053884
        ]
      },
      "properties": {
        "event_id": "AUTO_EV_59916",
        "energia": 5,
        "lisa_cluster": "Low-High (Outlier)",
        "local_moran": -0.027708651413452873
      }
    },
    {
      "type": "Feature",
      "geometry": {
        "type": "Point",
        "coordinates": [
          14.156975399999999,
          40.828652999999996
        ]
      },
      "properties": {
        "event_id": "AUTO_EV_59917",
        "energia": 5,
        "lisa_cluster": "Low-Low (Coldspot)",
        "local_moran": 0.03893113396145691
      }
    },
    {
      "type": "Feature",
      "geometry": {
        "type": "Point",
        "coordinates": [
          14.0771132,
          40.8044512
        ]
      },
      "properties": {
        "event_id": "AUTO_EV_59918",
        "energia": 5,
        "lisa_cluster": "Low-Low (Coldspot)",
        "local_moran": 0.02572142619852204
      }
    },
    {
      "type": "Feature",
      "geometry": {
        "type": "Point",
        "coordinates": [
          14.073404199999999,
          40.7932778
        ]
      },
      "properties": {
        "event_id": "AUTO_EV_59919",
        "energia": 5,
        "lisa_cluster": "Low-Low (Coldspot)",
        "local_moran": 0.028409335825444807
      }
    },
    {
      "type": "Feature",
      "geometry": {
        "type": "Point",
        "coordinates": [
          14.153547,
          40.8137025
        ]
      },
      "properties": {
        "event_id": "AUTO_EV_59920",
        "energia": 4,
        "lisa_cluster": "Low-Low (Coldspot)",
        "local_moran": 0.2969836930283383
      }
    },
    {
      "type": "Feature",
      "geometry": {
        "type": "Point",
        "coordinates": [
          14.094546142857142,
          40.797388142857145
        ]
      },
      "properties": {
        "event_id": "AUTO_EV_59921",
        "energia": 7,
        "lisa_cluster": "High-Low (Outlier)",
        "local_moran": -0.008164017208178949
      }
    },
    {
      "type": "Feature",
      "geometry": {
        "type": "Point",
        "coordinates": [
          14.146755142857144,
          40.821923285714284
        ]
      },
      "properties": {
        "event_id": "AUTO_EV_59922",
        "energia": 7,
        "lisa_cluster": "High-Low (Outlier)",
        "local_moran": -0.09647340318795145
      }
    },
    {
      "type": "Feature",
      "geometry": {
        "type": "Point",
        "coordinates": [
          14.099662799999999,
          40.807321200000004
        ]
      },
      "properties": {
        "event_id": "AUTO_EV_59923",
        "energia": 5,
        "lisa_cluster": "Low-High (Outlier)",
        "local_moran": -0.02216834076856383
      }
    },
    {
      "type": "Feature",
      "geometry": {
        "type": "Point",
        "coordinates": [
          14.132249833333333,
          40.807357333333336
        ]
      },
      "properties": {
        "event_id": "AUTO_EV_59924",
        "energia": 6,
        "lisa_cluster": "High-High (Hotspot)",
        "local_moran": 0.011804804371437844
      }
    },
    {
      "type": "Feature",
      "geometry": {
        "type": "Point",
        "coordinates": [
          14.083943,
          40.79614875
        ]
      },
      "properties": {
        "event_id": "AUTO_EV_59925",
        "energia": 4,
        "lisa_cluster": "Low-Low (Coldspot)",
        "local_moran": 0.2842577421190791
      }
    },
    {
      "type": "Feature",
      "geometry": {
        "type": "Point",
        "coordinates": [
          14.1064556,
          40.791083
        ]
      },
      "properties": {
        "event_id": "AUTO_EV_59926",
        "energia": 5,
        "lisa_cluster": "Low-Low (Coldspot)",
        "local_moran": 0.019231152663186916
      }
    },
    {
      "type": "Feature",
      "geometry": {
        "type": "Point",
        "coordinates": [
          14.094904166666666,
          40.79696083333334
        ]
      },
      "properties": {
        "event_id": "AUTO_EV_59927",
        "energia": 6,
        "lisa_cluster": "High-Low (Outlier)",
        "local_moran": -0.004158317496789509
      }
    },
    {
      "type": "Feature",
      "geometry": {
        "type": "Point",
        "coordinates": [
          14.08729025,
          40.792367999999996
        ]
      },
      "properties": {
        "event_id": "AUTO_EV_59928",
        "energia": 4,
        "lisa_cluster": "Low-Low (Coldspot)",
        "local_moran": 0.28828769390034764
      }
    },
    {
      "type": "Feature",
      "geometry": {
        "type": "Point",
        "coordinates": [
          14.1070504,
          40.809409599999995
        ]
      },
      "properties": {
        "event_id": "AUTO_EV_59929",
        "energia": 5,
        "lisa_cluster": "Low-High (Outlier)",
        "local_moran": -0.03870006519740475
      }
    },
    {
      "type": "Feature",
      "geometry": {
        "type": "Point",
        "coordinates": [
          14.142297333333332,
          40.81275266666666
        ]
      },
      "properties": {
        "event_id": "AUTO_EV_59930",
        "energia": 3,
        "lisa_cluster": "Low-Low (Coldspot)",
        "local_moran": 0.16916318139141606
      }
    },
    {
      "type": "Feature",
      "geometry": {
        "type": "Point",
        "coordinates": [
          14.077142666666667,
          40.803521333333336
        ]
      },
      "properties": {
        "event_id": "AUTO_EV_59931",
        "energia": 3,
        "lisa_cluster": "Low-Low (Coldspot)",
        "local_moran": 0.1424689518205532
      }
    },
    {
      "type": "Feature",
      "geometry": {
        "type": "Point",
        "coordinates": [
          14.129375166666668,
          40.810559833333336
        ]
      },
      "properties": {
        "event_id": "AUTO_EV_59932",
        "energia": 6,
        "lisa_cluster": "High-High (Hotspot)",
        "local_moran": 0.07464926694003927
      }
    },
    {
      "type": "Feature",
      "geometry": {
        "type": "Point",
        "coordinates": [
          14.091571,
          40.80063416666667
        ]
      },
      "properties": {
        "event_id": "AUTO_EV_59933",
        "energia": 6,
        "lisa_cluster": "High-High (Hotspot)",
        "local_moran": 0.0048515848792549665
      }
    },
    {
      "type": "Feature",
      "geometry": {
        "type": "Point",
        "coordinates": [
          14.083943,
          40.79614875
        ]
      },
      "properties": {
        "event_id": "AUTO_EV_59934",
        "energia": 4,
        "lisa_cluster": "Low-Low (Coldspot)",
        "local_moran": 0.2842577421190791
      }
    },
    {
      "type": "Feature",
      "geometry": {
        "type": "Point",
        "coordinates": [
          14.1261066,
          40.8121086
        ]
      },
      "properties": {
        "event_id": "AUTO_EV_59935",
        "energia": 5,
        "lisa_cluster": "Low-Low (Coldspot)",
        "local_moran": 0.01083847856088742
      }
    },
    {
      "type": "Feature",
      "geometry": {
        "type": "Point",
        "coordinates": [
          14.15131125,
          40.8306515
        ]
      },
      "properties": {
        "event_id": "AUTO_EV_59936",
        "energia": 4,
        "lisa_cluster": "Low-Low (Coldspot)",
        "local_moran": 0.1354883609707359
      }
    },
    {
      "type": "Feature",
      "geometry": {
        "type": "Point",
        "coordinates": [
          14.139434399999999,
          40.8113216
        ]
      },
      "properties": {
        "event_id": "AUTO_EV_59937",
        "energia": 5,
        "lisa_cluster": "Low-Low (Coldspot)",
        "local_moran": 0.015853118839287257
      }
    },
    {
      "type": "Feature",
      "geometry": {
        "type": "Point",
        "coordinates": [
          14.1484575,
          40.83423575
        ]
      },
      "properties": {
        "event_id": "AUTO_EV_59938",
        "energia": 4,
        "lisa_cluster": "Low-Low (Coldspot)",
        "local_moran": 0.30020502896014956
      }
    },
    {
      "type": "Feature",
      "geometry": {
        "type": "Point",
        "coordinates": [
          14.122118833333333,
          40.80208866666667
        ]
      },
      "properties": {
        "event_id": "AUTO_EV_59939",
        "energia": 6,
        "lisa_cluster": "High-High (Hotspot)",
        "local_moran": 0.0026806306848001656
      }
    },
    {
      "type": "Feature",
      "geometry": {
        "type": "Point",
        "coordinates": [
          14.1436768,
          40.809031
        ]
      },
      "properties": {
        "event_id": "AUTO_EV_59940",
        "energia": 5,
        "lisa_cluster": "Low-Low (Coldspot)",
        "local_moran": 0.017821910221619667
      }
    },
    {
      "type": "Feature",
      "geometry": {
        "type": "Point",
        "coordinates": [
          14.1325752,
          40.8269028
        ]
      },
      "properties": {
        "event_id": "AUTO_EV_59941",
        "energia": 5,
        "lisa_cluster": "Low-High (Outlier)",
        "local_moran": -0.04510494513264366
      }
    },
    {
      "type": "Feature",
      "geometry": {
        "type": "Point",
        "coordinates": [
          14.112210999999999,
          40.8000312
        ]
      },
      "properties": {
        "event_id": "AUTO_EV_59942",
        "energia": 5,
        "lisa_cluster": "Low-High (Outlier)",
        "local_moran": -0.00432897108961661
      }
    },
    {
      "type": "Feature",
      "geometry": {
        "type": "Point",
        "coordinates": [
          14.12015,
          40.834334999999996
        ]
      },
      "properties": {
        "event_id": "AUTO_EV_59943",
        "energia": 5,
        "lisa_cluster": "Low-Low (Coldspot)",
        "local_moran": 0.017216215644266675
      }
    },
    {
      "type": "Feature",
      "geometry": {
        "type": "Point",
        "coordinates": [
          14.0720355,
          40.786694250000004
        ]
      },
      "properties": {
        "event_id": "AUTO_EV_59944",
        "energia": 4,
        "lisa_cluster": "Low-Low (Coldspot)",
        "local_moran": 0.30050989192048155
      }
    },
    {
      "type": "Feature",
      "geometry": {
        "type": "Point",
        "coordinates": [
          14.1376005,
          40.80718375
        ]
      },
      "properties": {
        "event_id": "AUTO_EV_59945",
        "energia": 4,
        "lisa_cluster": "Low-Low (Coldspot)",
        "local_moran": 0.29371029685097505
      }
    },
    {
      "type": "Feature",
      "geometry": {
        "type": "Point",
        "coordinates": [
          14.11546525,
          40.78730625
        ]
      },
      "properties": {
        "event_id": "AUTO_EV_59946",
        "energia": 4,
        "lisa_cluster": "Low-Low (Coldspot)",
        "local_moran": 0.30113470638941514
      }
    },
    {
      "type": "Feature",
      "geometry": {
        "type": "Point",
        "coordinates": [
          14.128594999999999,
          40.8193626
        ]
      },
      "properties": {
        "event_id": "AUTO_EV_59947",
        "energia": 5,
        "lisa_cluster": "Low-High (Outlier)",
        "local_moran": -0.06968899568929168
      }
    },
    {
      "type": "Feature",
      "geometry": {
        "type": "Point",
        "coordinates": [
          14.106652400000002,
          40.8092202
        ]
      },
      "properties": {
        "event_id": "AUTO_EV_59948",
        "energia": 5,
        "lisa_cluster": "Low-High (Outlier)",
        "local_moran": -0.039777982500524486
      }
    },
    {
      "type": "Feature",
      "geometry": {
        "type": "Point",
        "coordinates": [
          14.128112250000001,
          40.80005975
        ]
      },
      "properties": {
        "event_id": "AUTO_EV_59949",
        "energia": 4,
        "lisa_cluster": "Low-Low (Coldspot)",
        "local_moran": 0.28979583595255864
      }
    },
    {
      "type": "Feature",
      "geometry": {
        "type": "Point",
        "coordinates": [
          14.09056775,
          40.79169825
        ]
      },
      "properties": {
        "event_id": "AUTO_EV_59950",
        "energia": 4,
        "lisa_cluster": "Low-Low (Coldspot)",
        "local_moran": 0.29894797273398427
      }
    },
    {
      "type": "Feature",
      "geometry": {
        "type": "Point",
        "coordinates": [
          14.116568571428571,
          40.803179285714286
        ]
      },
      "properties": {
        "event_id": "AUTO_EV_59951",
        "energia": 7,
        "lisa_cluster": "High-High (Hotspot)",
        "local_moran": 0.0777939341007154
      }
    },
    {
      "type": "Feature",
      "geometry": {
        "type": "Point",
        "coordinates": [
          14.09056775,
          40.79169825
        ]
      },
      "properties": {
        "event_id": "AUTO_EV_59952",
        "energia": 4,
        "lisa_cluster": "Low-Low (Coldspot)",
        "local_moran": 0.29894797273398427
      }
    },
    {
      "type": "Feature",
      "geometry": {
        "type": "Point",
        "coordinates": [
          14.111143,
          40.804383
        ]
      },
      "properties": {
        "event_id": "AUTO_EV_59953",
        "energia": 6,
        "lisa_cluster": "High-High (Hotspot)",
        "local_moran": 0.05039414081086603
      }
    },
    {
      "type": "Feature",
      "geometry": {
        "type": "Point",
        "coordinates": [
          14.107258999999999,
          40.800296833333334
        ]
      },
      "properties": {
        "event_id": "AUTO_EV_59954",
        "energia": 6,
        "lisa_cluster": "High-High (Hotspot)",
        "local_moran": 0.07482263105026948
      }
    },
    {
      "type": "Feature",
      "geometry": {
        "type": "Point",
        "coordinates": [
          14.109701,
          40.8016495
        ]
      },
      "properties": {
        "event_id": "AUTO_EV_59955",
        "energia": 8,
        "lisa_cluster": "High-High (Hotspot)",
        "local_moran": 0.13177913283959122
      }
    },
    {
      "type": "Feature",
      "geometry": {
        "type": "Point",
        "coordinates": [
          14.1103418,
          40.817075599999995
        ]
      },
      "properties": {
        "event_id": "AUTO_EV_59956",
        "energia": 5,
        "lisa_cluster": "Low-Low (Coldspot)",
        "local_moran": 0.010733827872649824
      }
    },
    {
      "type": "Feature",
      "geometry": {
        "type": "Point",
        "coordinates": [
          14.104331166666666,
          40.801146833333334
        ]
      },
      "properties": {
        "event_id": "AUTO_EV_59957",
        "energia": 6,
        "lisa_cluster": "High-High (Hotspot)",
        "local_moran": 0.0769803734550229
      }
    },
    {
      "type": "Feature",
      "geometry": {
        "type": "Point",
        "coordinates": [
          14.093459166666667,
          40.80429016666667
        ]
      },
      "properties": {
        "event_id": "AUTO_EV_59958",
        "energia": 6,
        "lisa_cluster": "High-High (Hotspot)",
        "local_moran": 0.014395076815260265
      }
    },
    {
      "type": "Feature",
      "geometry": {
        "type": "Point",
        "coordinates": [
          14.1361832,
          40.8097816
        ]
      },
      "properties": {
        "event_id": "AUTO_EV_59959",
        "energia": 5,
        "lisa_cluster": "Low-High (Outlier)",
        "local_moran": -0.004219909986173693
      }
    },
    {
      "type": "Feature",
      "geometry": {
        "type": "Point",
        "coordinates": [
          14.14663475,
          40.80069725
        ]
      },
      "properties": {
        "event_id": "AUTO_EV_59960",
        "energia": 4,
        "lisa_cluster": "Low-Low (Coldspot)",
        "local_moran": 0.2993699216003986
      }
    },
    {
      "type": "Feature",
      "geometry": {
        "type": "Point",
        "coordinates": [
          14.140014,
          40.815385750000004
        ]
      },
      "properties": {
        "event_id": "AUTO_EV_59961",
        "energia": 4,
        "lisa_cluster": "Low-Low (Coldspot)",
        "local_moran": 0.28128794885324987
      }
    },
    {
      "type": "Feature",
      "geometry": {
        "type": "Point",
        "coordinates": [
          14.092223999999998,
          40.8034844
        ]
      },
      "properties": {
        "event_id": "AUTO_EV_59962",
        "energia": 5,
        "lisa_cluster": "Low-High (Outlier)",
        "local_moran": -0.0037628462056281853
      }
    },
    {
      "type": "Feature",
      "geometry": {
        "type": "Point",
        "coordinates": [
          14.107694,
          40.807548
        ]
      },
      "properties": {
        "event_id": "AUTO_EV_59963",
        "energia": 4,
        "lisa_cluster": "Low-Low (Coldspot)",
        "local_moran": 0.25801894818035653
      }
    },
    {
      "type": "Feature",
      "geometry": {
        "type": "Point",
        "coordinates": [
          14.10983925,
          40.80764175
        ]
      },
      "properties": {
        "event_id": "AUTO_EV_59964",
        "energia": 4,
        "lisa_cluster": "Low-High (Outlier)",
        "local_moran": -0.15231467779645408
      }
    },
    {
      "type": "Feature",
      "geometry": {
        "type": "Point",
        "coordinates": [
          14.06387275,
          40.788835500000005
        ]
      },
      "properties": {
        "event_id": "AUTO_EV_59965",
        "energia": 4,
        "lisa_cluster": "Low-Low (Coldspot)",
        "local_moran": 0.2074066711922831
      }
    },
    {
      "type": "Feature",
      "geometry": {
        "type": "Point",
        "coordinates": [
          14.07985575,
          40.801891749999996
        ]
      },
      "properties": {
        "event_id": "AUTO_EV_59966",
        "energia": 4,
        "lisa_cluster": "Low-High (Outlier)",
        "local_moran": -0.030012237586429517
      }
    },
    {
      "type": "Feature",
      "geometry": {
        "type": "Point",
        "coordinates": [
          14.15478025,
          40.8199525
        ]
      },
      "properties": {
        "event_id": "AUTO_EV_59967",
        "energia": 4,
        "lisa_cluster": "Low-Low (Coldspot)",
        "local_moran": 0.14514982139103033
      }
    },
    {
      "type": "Feature",
      "geometry": {
        "type": "Point",
        "coordinates": [
          14.124933666666665,
          40.812897166666666
        ]
      },
      "properties": {
        "event_id": "AUTO_EV_59968",
        "energia": 6,
        "lisa_cluster": "High-High (Hotspot)",
        "local_moran": 0.1412129244059276
      }
    },
    {
      "type": "Feature",
      "geometry": {
        "type": "Point",
        "coordinates": [
          14.098191285714284,
          40.799302000000004
        ]
      },
      "properties": {
        "event_id": "AUTO_EV_59969",
        "energia": 7,
        "lisa_cluster": "High-High (Hotspot)",
        "local_moran": 0.04784073122855838
      }
    },
    {
      "type": "Feature",
      "geometry": {
        "type": "Point",
        "coordinates": [
          14.03955325,
          40.77967975
        ]
      },
      "properties": {
        "event_id": "AUTO_EV_59970",
        "energia": 4,
        "lisa_cluster": "Low-Low (Coldspot)",
        "local_moran": 0.4176865213438144
      }
    },
    {
      "type": "Feature",
      "geometry": {
        "type": "Point",
        "coordinates": [
          14.145337666666668,
          40.805157
        ]
      },
      "properties": {
        "event_id": "AUTO_EV_59971",
        "energia": 3,
        "lisa_cluster": "Low-Low (Coldspot)",
        "local_moran": 0.9077214690214369
      }
    },
    {
      "type": "Feature",
      "geometry": {
        "type": "Point",
        "coordinates": [
          14.1118942,
          40.7996386
        ]
      },
      "properties": {
        "event_id": "AUTO_EV_59972",
        "energia": 5,
        "lisa_cluster": "Low-High (Outlier)",
        "local_moran": -0.0011957481123888503
      }
    },
    {
      "type": "Feature",
      "geometry": {
        "type": "Point",
        "coordinates": [
          14.12598325,
          40.80388
        ]
      },
      "properties": {
        "event_id": "AUTO_EV_59973",
        "energia": 4,
        "lisa_cluster": "Low-Low (Coldspot)",
        "local_moran": 0.27250026668620253
      }
    },
    {
      "type": "Feature",
      "geometry": {
        "type": "Point",
        "coordinates": [
          14.1459646,
          40.809608600000004
        ]
      },
      "properties": {
        "event_id": "AUTO_EV_59974",
        "energia": 5,
        "lisa_cluster": "Low-Low (Coldspot)",
        "local_moran": 0.017810735274068522
      }
    },
    {
      "type": "Feature",
      "geometry": {
        "type": "Point",
        "coordinates": [
          14.14511625,
          40.817913250000004
        ]
      },
      "properties": {
        "event_id": "AUTO_EV_59975",
        "energia": 4,
        "lisa_cluster": "Low-Low (Coldspot)",
        "local_moran": 0.11654697933506156
      }
    },
    {
      "type": "Feature",
      "geometry": {
        "type": "Point",
        "coordinates": [
          14.139771,
          40.80671375
        ]
      },
      "properties": {
        "event_id": "AUTO_EV_59976",
        "energia": 4,
        "lisa_cluster": "Low-Low (Coldspot)",
        "local_moran": 0.28986578196781004
      }
    },
    {
      "type": "Feature",
      "geometry": {
        "type": "Point",
        "coordinates": [
          14.12295125,
          40.82488375
        ]
      },
      "properties": {
        "event_id": "AUTO_EV_59977",
        "energia": 4,
        "lisa_cluster": "Low-High (Outlier)",
        "local_moran": -0.3657678419102762
      }
    },
    {
      "type": "Feature",
      "geometry": {
        "type": "Point",
        "coordinates": [
          14.106027625,
          40.79810425
        ]
      },
      "properties": {
        "event_id": "AUTO_EV_59978",
        "energia": 8,
        "lisa_cluster": "High-High (Hotspot)",
        "local_moran": 0.029372659377568
      }
    },
    {
      "type": "Feature",
      "geometry": {
        "type": "Point",
        "coordinates": [
          14.08672925,
          40.80668725
        ]
      },
      "properties": {
        "event_id": "AUTO_EV_59979",
        "energia": 4,
        "lisa_cluster": "Low-Low (Coldspot)",
        "local_moran": 0.039300035732718334
      }
    },
    {
      "type": "Feature",
      "geometry": {
        "type": "Point",
        "coordinates": [
          14.1295675,
          40.8288745
        ]
      },
      "properties": {
        "event_id": "AUTO_EV_59980",
        "energia": 4,
        "lisa_cluster": "Low-Low (Coldspot)",
        "local_moran": 0.28594423574871825
      }
    },
    {
      "type": "Feature",
      "geometry": {
        "type": "Point",
        "coordinates": [
          14.132867166666665,
          40.811875666666666
        ]
      },
      "properties": {
        "event_id": "AUTO_EV_59981",
        "energia": 6,
        "lisa_cluster": "High-High (Hotspot)",
        "local_moran": 0.033114335197805295
      }
    },
    {
      "type": "Feature",
      "geometry": {
        "type": "Point",
        "coordinates": [
          14.146724833333332,
          40.8058935
        ]
      },
      "properties": {
        "event_id": "AUTO_EV_59982",
        "energia": 6,
        "lisa_cluster": "High-Low (Outlier)",
        "local_moran": -0.08380039602979991
      }
    },
    {
      "type": "Feature",
      "geometry": {
        "type": "Point",
        "coordinates": [
          14.094704,
          40.806267
        ]
      },
      "properties": {
        "event_id": "AUTO_EV_59983",
        "energia": 6,
        "lisa_cluster": "High-High (Hotspot)",
        "local_moran": 0.022078346878268502
      }
    },
    {
      "type": "Feature",
      "geometry": {
        "type": "Point",
        "coordinates": [
          14.15267825,
          40.80674275
        ]
      },
      "properties": {
        "event_id": "AUTO_EV_59984",
        "energia": 4,
        "lisa_cluster": "Low-Low (Coldspot)",
        "local_moran": 0.29871030045147523
      }
    },
    {
      "type": "Feature",
      "geometry": {
        "type": "Point",
        "coordinates": [
          14.06991825,
          40.79172375
        ]
      },
      "properties": {
        "event_id": "AUTO_EV_59985",
        "energia": 4,
        "lisa_cluster": "Low-Low (Coldspot)",
        "local_moran": 0.13541788689428477
      }
    },
    {
      "type": "Feature",
      "geometry": {
        "type": "Point",
        "coordinates": [
          14.12908075,
          40.809128
        ]
      },
      "properties": {
        "event_id": "AUTO_EV_59986",
        "energia": 4,
        "lisa_cluster": "Low-High (Outlier)",
        "local_moran": -0.12469653350638124
      }
    },
    {
      "type": "Feature",
      "geometry": {
        "type": "Point",
        "coordinates": [
          14.0970212,
          40.793192399999995
        ]
      },
      "properties": {
        "event_id": "AUTO_EV_59987",
        "energia": 5,
        "lisa_cluster": "Low-Low (Coldspot)",
        "local_moran": 0.00755662040246911
      }
    },
    {
      "type": "Feature",
      "geometry": {
        "type": "Point",
        "coordinates": [
          14.062899999999999,
          40.781231
        ]
      },
      "properties": {
        "event_id": "AUTO_EV_59988",
        "energia": 4,
        "lisa_cluster": "Low-Low (Coldspot)",
        "local_moran": 0.22514529919687012
      }
    },
    {
      "type": "Feature",
      "geometry": {
        "type": "Point",
        "coordinates": [
          14.126663333333333,
          40.801471
        ]
      },
      "properties": {
        "event_id": "AUTO_EV_59989",
        "energia": 6,
        "lisa_cluster": "High-Low (Outlier)",
        "local_moran": -0.030451710241801922
      }
    },
    {
      "type": "Feature",
      "geometry": {
        "type": "Point",
        "coordinates": [
          14.103070800000001,
          40.7906124
        ]
      },
      "properties": {
        "event_id": "AUTO_EV_59990",
        "energia": 5,
        "lisa_cluster": "Low-Low (Coldspot)",
        "local_moran": 0.02186378537877195
      }
    },
    {
      "type": "Feature",
      "geometry": {
        "type": "Point",
        "coordinates": [
          14.1527736,
          40.8217002
        ]
      },
      "properties": {
        "event_id": "AUTO_EV_59991",
        "energia": 5,
        "lisa_cluster": "Low-Low (Coldspot)",
        "local_moran": 0.02718908507368882
      }
    },
    {
      "type": "Feature",
      "geometry": {
        "type": "Point",
        "coordinates": [
          14.11677,
          40.82361875
        ]
      },
      "properties": {
        "event_id": "AUTO_EV_59992",
        "energia": 4,
        "lisa_cluster": "Low-Low (Coldspot)",
        "local_moran": 0.26900855702199455
      }
    },
    {
      "type": "Feature",
      "geometry": {
        "type": "Point",
        "coordinates": [
          14.073423,
          40.787142
        ]
      },
      "properties": {
        "event_id": "AUTO_EV_59993",
        "energia": 5,
        "lisa_cluster": "Low-Low (Coldspot)",
        "local_moran": 0.017873237177906478
      }
    },
    {
      "type": "Feature",
      "geometry": {
        "type": "Point",
        "coordinates": [
          14.13694375,
          40.82488225
        ]
      },
      "properties": {
        "event_id": "AUTO_EV_59994",
        "energia": 4,
        "lisa_cluster": "Low-High (Outlier)",
        "local_moran": -0.06818188051336951
      }
    },
    {
      "type": "Feature",
      "geometry": {
        "type": "Point",
        "coordinates": [
          14.0880236,
          40.791640799999996
        ]
      },
      "properties": {
        "event_id": "AUTO_EV_59995",
        "energia": 5,
        "lisa_cluster": "Low-Low (Coldspot)",
        "local_moran": 0.02387752438743773
      }
    },
    {
      "type": "Feature",
      "geometry": {
        "type": "Point",
        "coordinates": [
          14.115296749999999,
          40.801778
        ]
      },
      "properties": {
        "event_id": "AUTO_EV_59996",
        "energia": 4,
        "lisa_cluster": "Low-High (Outlier)",
        "local_moran": -0.0727703303477459
      }
    },
    {
      "type": "Feature",
      "geometry": {
        "type": "Point",
        "coordinates": [
          14.149664333333334,
          40.822014833333334
        ]
      },
      "properties": {
        "event_id": "AUTO_EV_59997",
        "energia": 6,
        "lisa_cluster": "High-Low (Outlier)",
        "local_moran": -0.043596124923831144
      }
    },
    {
      "type": "Feature",
      "geometry": {
        "type": "Point",
        "coordinates": [
          14.099320666666666,
          40.79399383333333
        ]
      },
      "properties": {
        "event_id": "AUTO_EV_59998",
        "energia": 6,
        "lisa_cluster": "High-High (Hotspot)",
        "local_moran": 0.07852406248518705
      }
    },
    {
      "type": "Feature",
      "geometry": {
        "type": "Point",
        "coordinates": [
          14.12589325,
          40.805341
        ]
      },
      "properties": {
        "event_id": "AUTO_EV_59999",
        "energia": 4,
        "lisa_cluster": "Low-High (Outlier)",
        "local_moran": -0.08002300888649869
      }
    },
    {
      "type": "Feature",
      "geometry": {
        "type": "Point",
        "coordinates": [
          14.119707600000002,
          40.7930394
        ]
      },
      "properties": {
        "event_id": "AUTO_EV_60000",
        "energia": 5,
        "lisa_cluster": "Low-Low (Coldspot)",
        "local_moran": 0.02607088938909028
      }
    },
    {
      "type": "Feature",
      "geometry": {
        "type": "Point",
        "coordinates": [
          14.15790775,
          40.81886275
        ]
      },
      "properties": {
        "event_id": "AUTO_EV_60001",
        "energia": 4,
        "lisa_cluster": "Low-Low (Coldspot)",
        "local_moran": 0.19804695041306664
      }
    },
    {
      "type": "Feature",
      "geometry": {
        "type": "Point",
        "coordinates": [
          14.09073875,
          40.817916249999996
        ]
      },
      "properties": {
        "event_id": "AUTO_EV_60002",
        "energia": 4,
        "lisa_cluster": "Low-Low (Coldspot)",
        "local_moran": 0.29389075684902943
      }
    },
    {
      "type": "Feature",
      "geometry": {
        "type": "Point",
        "coordinates": [
          14.0816705,
          40.789237
        ]
      },
      "properties": {
        "event_id": "AUTO_EV_60003",
        "energia": 4,
        "lisa_cluster": "Low-Low (Coldspot)",
        "local_moran": 0.29720426725612104
      }
    },
    {
      "type": "Feature",
      "geometry": {
        "type": "Point",
        "coordinates": [
          14.1376005,
          40.80718375
        ]
      },
      "properties": {
        "event_id": "AUTO_EV_60004",
        "energia": 4,
        "lisa_cluster": "Low-Low (Coldspot)",
        "local_moran": 0.293710296850975
      }
    },
    {
      "type": "Feature",
      "geometry": {
        "type": "Point",
        "coordinates": [
          14.124073999999998,
          40.8113932
        ]
      },
      "properties": {
        "event_id": "AUTO_EV_60005",
        "energia": 5,
        "lisa_cluster": "Low-High (Outlier)",
        "local_moran": -0.053033337503778
      }
    },
    {
      "type": "Feature",
      "geometry": {
        "type": "Point",
        "coordinates": [
          14.118603799999999,
          40.802228
        ]
      },
      "properties": {
        "event_id": "AUTO_EV_60006",
        "energia": 5,
        "lisa_cluster": "Low-High (Outlier)",
        "local_moran": -0.007560677242305994
      }
    },
    {
      "type": "Feature",
      "geometry": {
        "type": "Point",
        "coordinates": [
          14.150974166666666,
          40.805550833333335
        ]
      },
      "properties": {
        "event_id": "AUTO_EV_60007",
        "energia": 6,
        "lisa_cluster": "High-High (Hotspot)",
        "local_moran": 0.0766620832187679
      }
    },
    {
      "type": "Feature",
      "geometry": {
        "type": "Point",
        "coordinates": [
          14.1510638,
          40.8091974
        ]
      },
      "properties": {
        "event_id": "AUTO_EV_60008",
        "energia": 5,
        "lisa_cluster": "Low-Low (Coldspot)",
        "local_moran": 0.018134838329962925
      }
    },
    {
      "type": "Feature",
      "geometry": {
        "type": "Point",
        "coordinates": [
          14.1541505,
          40.811426749999995
        ]
      },
      "properties": {
        "event_id": "AUTO_EV_60009",
        "energia": 4,
        "lisa_cluster": "Low-Low (Coldspot)",
        "local_moran": 0.2982280336041846
      }
    },
    {
      "type": "Feature",
      "geometry": {
        "type": "Point",
        "coordinates": [
          14.0880185,
          40.7997505
        ]
      },
      "properties": {
        "event_id": "AUTO_EV_60010",
        "energia": 4,
        "lisa_cluster": "Low-Low (Coldspot)",
        "local_moran": 0.051785038480585716
      }
    },
    {
      "type": "Feature",
      "geometry": {
        "type": "Point",
        "coordinates": [
          14.145844199999999,
          40.8156068
        ]
      },
      "properties": {
        "event_id": "AUTO_EV_60011",
        "energia": 5,
        "lisa_cluster": "Low-Low (Coldspot)",
        "local_moran": 0.027042862512018474
      }
    },
    {
      "type": "Feature",
      "geometry": {
        "type": "Point",
        "coordinates": [
          14.10020275,
          40.794241
        ]
      },
      "properties": {
        "event_id": "AUTO_EV_60012",
        "energia": 4,
        "lisa_cluster": "Low-Low (Coldspot)",
        "local_moran": 0.29472954143518115
      }
    },
    {
      "type": "Feature",
      "geometry": {
        "type": "Point",
        "coordinates": [
          14.1445155,
          40.808884
        ]
      },
      "properties": {
        "event_id": "AUTO_EV_60013",
        "energia": 4,
        "lisa_cluster": "Low-Low (Coldspot)",
        "local_moran": 0.29620041925697016
      }
    },
    {
      "type": "Feature",
      "geometry": {
        "type": "Point",
        "coordinates": [
          14.110440875,
          40.803538125
        ]
      },
      "properties": {
        "event_id": "AUTO_EV_60014",
        "energia": 8,
        "lisa_cluster": "High-High (Hotspot)",
        "local_moran": 0.17786287238424703
      }
    },
    {
      "type": "Feature",
      "geometry": {
        "type": "Point",
        "coordinates": [
          14.117052571428571,
          40.815454714285714
        ]
      },
      "properties": {
        "event_id": "AUTO_EV_60015",
        "energia": 7,
        "lisa_cluster": "High-High (Hotspot)",
        "local_moran": 0.5740260386872089
      }
    },
    {
      "type": "Feature",
      "geometry": {
        "type": "Point",
        "coordinates": [
          14.1510562,
          40.8162278
        ]
      },
      "properties": {
        "event_id": "AUTO_EV_60016",
        "energia": 5,
        "lisa_cluster": "Low-Low (Coldspot)",
        "local_moran": 0.033394461022174055
      }
    },
    {
      "type": "Feature",
      "geometry": {
        "type": "Point",
        "coordinates": [
          14.108086333333333,
          40.796057833333336
        ]
      },
      "properties": {
        "event_id": "AUTO_EV_60017",
        "energia": 6,
        "lisa_cluster": "High-Low (Outlier)",
        "local_moran": -0.013906686667965712
      }
    },
    {
      "type": "Feature",
      "geometry": {
        "type": "Point",
        "coordinates": [
          14.144448,
          40.823006750000005
        ]
      },
      "properties": {
        "event_id": "AUTO_EV_60018",
        "energia": 4,
        "lisa_cluster": "Low-Low (Coldspot)",
        "local_moran": 0.03124146469845725
      }
    },
    {
      "type": "Feature",
      "geometry": {
        "type": "Point",
        "coordinates": [
          14.1510638,
          40.8091974
        ]
      },
      "properties": {
        "event_id": "AUTO_EV_60019",
        "energia": 5,
        "lisa_cluster": "Low-Low (Coldspot)",
        "local_moran": 0.018134838329962925
      }
    },
    {
      "type": "Feature",
      "geometry": {
        "type": "Point",
        "coordinates": [
          14.11457525,
          40.791505
        ]
      },
      "properties": {
        "event_id": "AUTO_EV_60020",
        "energia": 4,
        "lisa_cluster": "Low-Low (Coldspot)",
        "local_moran": 0.29467065804586484
      }
    },
    {
      "type": "Feature",
      "geometry": {
        "type": "Point",
        "coordinates": [
          14.111382999999998,
          40.81400433333334
        ]
      },
      "properties": {
        "event_id": "AUTO_EV_60021",
        "energia": 3,
        "lisa_cluster": "Low-High (Outlier)",
        "local_moran": -0.5779349810238796
      }
    },
    {
      "type": "Feature",
      "geometry": {
        "type": "Point",
        "coordinates": [
          14.103342000000001,
          40.801570000000005
        ]
      },
      "properties": {
        "event_id": "AUTO_EV_60022",
        "energia": 5,
        "lisa_cluster": "Low-Low (Coldspot)",
        "local_moran": 0.013762002701448757
      }
    },
    {
      "type": "Feature",
      "geometry": {
        "type": "Point",
        "coordinates": [
          14.112575999999999,
          40.806998
        ]
      },
      "properties": {
        "event_id": "AUTO_EV_60023",
        "energia": 5,
        "lisa_cluster": "Low-High (Outlier)",
        "local_moran": -0.04072576428508342
      }
    },
    {
      "type": "Feature",
      "geometry": {
        "type": "Point",
        "coordinates": [
          14.074147,
          40.791116
        ]
      },
      "properties": {
        "event_id": "AUTO_EV_60024",
        "energia": 4,
        "lisa_cluster": "Low-Low (Coldspot)",
        "local_moran": 0.2984478484251753
      }
    },
    {
      "type": "Feature",
      "geometry": {
        "type": "Point",
        "coordinates": [
          14.124229666666666,
          40.817394666666665
        ]
      },
      "properties": {
        "event_id": "AUTO_EV_60025",
        "energia": 3,
        "lisa_cluster": "Low-Low (Coldspot)",
        "local_moran": 0.7905352504584882
      }
    },
    {
      "type": "Feature",
      "geometry": {
        "type": "Point",
        "coordinates": [
          14.114638,
          40.8232104
        ]
      },
      "properties": {
        "event_id": "AUTO_EV_60026",
        "energia": 5,
        "lisa_cluster": "Low-High (Outlier)",
        "local_moran": -0.08877856729197087
      }
    },
    {
      "type": "Feature",
      "geometry": {
        "type": "Point",
        "coordinates": [
          14.128534833333333,
          40.806468833333334
        ]
      },
      "properties": {
        "event_id": "AUTO_EV_60027",
        "energia": 6,
        "lisa_cluster": "High-High (Hotspot)",
        "local_moran": 0.08113155941494485
      }
    },
    {
      "type": "Feature",
      "geometry": {
        "type": "Point",
        "coordinates": [
          14.1266225,
          40.80361775
        ]
      },
      "properties": {
        "event_id": "AUTO_EV_60028",
        "energia": 4,
        "lisa_cluster": "Low-High (Outlier)",
        "local_moran": -0.03561549135407569
      }
    },
    {
      "type": "Feature",
      "geometry": {
        "type": "Point",
        "coordinates": [
          14.058138,
          40.78908725
        ]
      },
      "properties": {
        "event_id": "AUTO_EV_60029",
        "energia": 4,
        "lisa_cluster": "Low-Low (Coldspot)",
        "local_moran": 0.3014388944729607
      }
    },
    {
      "type": "Feature",
      "geometry": {
        "type": "Point",
        "coordinates": [
          14.131424,
          40.798796333333335
        ]
      },
      "properties": {
        "event_id": "AUTO_EV_60030",
        "energia": 3,
        "lisa_cluster": "Low-Low (Coldspot)",
        "local_moran": 0.23670478161063052
      }
    },
    {
      "type": "Feature",
      "geometry": {
        "type": "Point",
        "coordinates": [
          14.165431250000001,
          40.81698375
        ]
      },
      "properties": {
        "event_id": "AUTO_EV_60031",
        "energia": 4,
        "lisa_cluster": "Low-Low (Coldspot)",
        "local_moran": 0.2635902655988637
      }
    },
    {
      "type": "Feature",
      "geometry": {
        "type": "Point",
        "coordinates": [
          14.080940000000002,
          40.803564400000006
        ]
      },
      "properties": {
        "event_id": "AUTO_EV_60032",
        "energia": 5,
        "lisa_cluster": "Low-Low (Coldspot)",
        "local_moran": 0.011623554956717965
      }
    },
    {
      "type": "Feature",
      "geometry": {
        "type": "Point",
        "coordinates": [
          14.125551666666667,
          40.81950366666667
        ]
      },
      "properties": {
        "event_id": "AUTO_EV_60033",
        "energia": 6,
        "lisa_cluster": "High-High (Hotspot)",
        "local_moran": 0.2720005758083588
      }
    },
    {
      "type": "Feature",
      "geometry": {
        "type": "Point",
        "coordinates": [
          14.1253206,
          40.803959400000004
        ]
      },
      "properties": {
        "event_id": "AUTO_EV_60034",
        "energia": 5,
        "lisa_cluster": "Low-Low (Coldspot)",
        "local_moran": 0.016744853466816267
      }
    },
    {
      "type": "Feature",
      "geometry": {
        "type": "Point",
        "coordinates": [
          14.125524833333332,
          40.80884533333333
        ]
      },
      "properties": {
        "event_id": "AUTO_EV_60035",
        "energia": 6,
        "lisa_cluster": "High-High (Hotspot)",
        "local_moran": 0.08187007867000236
      }
    },
    {
      "type": "Feature",
      "geometry": {
        "type": "Point",
        "coordinates": [
          14.140454333333333,
          40.81681416666667
        ]
      },
      "properties": {
        "event_id": "AUTO_EV_60036",
        "energia": 6,
        "lisa_cluster": "High-Low (Outlier)",
        "local_moran": -0.017823034869961604
      }
    },
    {
      "type": "Feature",
      "geometry": {
        "type": "Point",
        "coordinates": [
          14.1276782,
          40.814156000000004
        ]
      },
      "properties": {
        "event_id": "AUTO_EV_60037",
        "energia": 5,
        "lisa_cluster": "Low-High (Outlier)",
        "local_moran": -0.058001551302054755
      }
    },
    {
      "type": "Feature",
      "geometry": {
        "type": "Point",
        "coordinates": [
          14.06814325,
          40.78504875
        ]
      },
      "properties": {
        "event_id": "AUTO_EV_60038",
        "energia": 4,
        "lisa_cluster": "Low-Low (Coldspot)",
        "local_moran": 0.19543986589479048
      }
    },
    {
      "type": "Feature",
      "geometry": {
        "type": "Point",
        "coordinates": [
          14.08918025,
          40.79566025
        ]
      },
      "properties": {
        "event_id": "AUTO_EV_60039",
        "energia": 4,
        "lisa_cluster": "Low-Low (Coldspot)",
        "local_moran": 0.05405832321533578
      }
    },
    {
      "type": "Feature",
      "geometry": {
        "type": "Point",
        "coordinates": [
          14.091694500000001,
          40.79926266666667
        ]
      },
      "properties": {
        "event_id": "AUTO_EV_60040",
        "energia": 6,
        "lisa_cluster": "High-High (Hotspot)",
        "local_moran": 0.07550589408207227
      }
    },
    {
      "type": "Feature",
      "geometry": {
        "type": "Point",
        "coordinates": [
          14.103342000000001,
          40.801570000000005
        ]
      },
      "properties": {
        "event_id": "AUTO_EV_60041",
        "energia": 5,
        "lisa_cluster": "Low-Low (Coldspot)",
        "local_moran": 0.013762002701448754
      }
    },
    {
      "type": "Feature",
      "geometry": {
        "type": "Point",
        "coordinates": [
          14.096195333333334,
          40.79934433333333
        ]
      },
      "properties": {
        "event_id": "AUTO_EV_60042",
        "energia": 6,
        "lisa_cluster": "High-High (Hotspot)",
        "local_moran": 0.00762075958608138
      }
    },
    {
      "type": "Feature",
      "geometry": {
        "type": "Point",
        "coordinates": [
          14.133248428571429,
          40.80859742857143
        ]
      },
      "properties": {
        "event_id": "AUTO_EV_60043",
        "energia": 7,
        "lisa_cluster": "High-High (Hotspot)",
        "local_moran": 0.17998631947632818
      }
    },
    {
      "type": "Feature",
      "geometry": {
        "type": "Point",
        "coordinates": [
          14.08014225,
          40.78950975
        ]
      },
      "properties": {
        "event_id": "AUTO_EV_60044",
        "energia": 4,
        "lisa_cluster": "Low-Low (Coldspot)",
        "local_moran": 0.10679319013331035
      }
    },
    {
      "type": "Feature",
      "geometry": {
        "type": "Point",
        "coordinates": [
          14.0832506,
          40.792523
        ]
      },
      "properties": {
        "event_id": "AUTO_EV_60045",
        "energia": 5,
        "lisa_cluster": "Low-Low (Coldspot)",
        "local_moran": 0.019494952978050727
      }
    },
    {
      "type": "Feature",
      "geometry": {
        "type": "Point",
        "coordinates": [
          14.1312265,
          40.80769775
        ]
      },
      "properties": {
        "event_id": "AUTO_EV_60046",
        "energia": 4,
        "lisa_cluster": "Low-High (Outlier)",
        "local_moran": -0.05741596506444131
      }
    },
    {
      "type": "Feature",
      "geometry": {
        "type": "Point",
        "coordinates": [
          14.105711999999999,
          40.81253366666667
        ]
      },
      "properties": {
        "event_id": "AUTO_EV_60047",
        "energia": 3,
        "lisa_cluster": "Low-High (Outlier)",
        "local_moran": -0.4739531593611516
      }
    },
    {
      "type": "Feature",
      "geometry": {
        "type": "Point",
        "coordinates": [
          14.145286333333333,
          40.81754566666667
        ]
      },
      "properties": {
        "event_id": "AUTO_EV_60048",
        "energia": 3,
        "lisa_cluster": "Low-Low (Coldspot)",
        "local_moran": 0.8926318592309223
      }
    },
    {
      "type": "Feature",
      "geometry": {
        "type": "Point",
        "coordinates": [
          14.1241898,
          40.7983032
        ]
      },
      "properties": {
        "event_id": "AUTO_EV_60049",
        "energia": 5,
        "lisa_cluster": "Low-Low (Coldspot)",
        "local_moran": 0.01731521392517289
      }
    },
    {
      "type": "Feature",
      "geometry": {
        "type": "Point",
        "coordinates": [
          14.08379975,
          40.797288625
        ]
      },
      "properties": {
        "event_id": "AUTO_EV_60050",
        "energia": 8,
        "lisa_cluster": "High-Low (Outlier)",
        "local_moran": -0.11249905840626612
      }
    },
    {
      "type": "Feature",
      "geometry": {
        "type": "Point",
        "coordinates": [
          14.1394555,
          40.8152525
        ]
      },
      "properties": {
        "event_id": "AUTO_EV_60051",
        "energia": 4,
        "lisa_cluster": "Low-Low (Coldspot)",
        "local_moran": 0.02582099567822345
      }
    },
    {
      "type": "Feature",
      "geometry": {
        "type": "Point",
        "coordinates": [
          14.099320666666666,
          40.79399383333333
        ]
      },
      "properties": {
        "event_id": "AUTO_EV_60052",
        "energia": 6,
        "lisa_cluster": "High-High (Hotspot)",
        "local_moran": 0.07852406248518704
      }
    },
    {
      "type": "Feature",
      "geometry": {
        "type": "Point",
        "coordinates": [
          14.13650825,
          40.802224
        ]
      },
      "properties": {
        "event_id": "AUTO_EV_60053",
        "energia": 4,
        "lisa_cluster": "Low-Low (Coldspot)",
        "local_moran": 0.2931606825218032
      }
    },
    {
      "type": "Feature",
      "geometry": {
        "type": "Point",
        "coordinates": [
          14.079356200000001,
          40.800437
        ]
      },
      "properties": {
        "event_id": "AUTO_EV_60054",
        "energia": 5,
        "lisa_cluster": "Low-Low (Coldspot)",
        "local_moran": 0.01454473976449804
      }
    },
    {
      "type": "Feature",
      "geometry": {
        "type": "Point",
        "coordinates": [
          14.0641525,
          40.79563533333333
        ]
      },
      "properties": {
        "event_id": "AUTO_EV_60055",
        "energia": 6,
        "lisa_cluster": "High-Low (Outlier)",
        "local_moran": -0.09692625087872592
      }
    },
    {
      "type": "Feature",
      "geometry": {
        "type": "Point",
        "coordinates": [
          14.1612662,
          40.8173902
        ]
      },
      "properties": {
        "event_id": "AUTO_EV_60056",
        "energia": 5,
        "lisa_cluster": "Low-Low (Coldspot)",
        "local_moran": 0.058418754963014755
      }
    },
    {
      "type": "Feature",
      "geometry": {
        "type": "Point",
        "coordinates": [
          14.07955125,
          40.79742375
        ]
      },
      "properties": {
        "event_id": "AUTO_EV_60057",
        "energia": 4,
        "lisa_cluster": "Low-Low (Coldspot)",
        "local_moran": 0.2970743738207773
      }
    },
    {
      "type": "Feature",
      "geometry": {
        "type": "Point",
        "coordinates": [
          14.116379,
          40.813730666666665
        ]
      },
      "properties": {
        "event_id": "AUTO_EV_60058",
        "energia": 6,
        "lisa_cluster": "High-High (Hotspot)",
        "local_moran": 0.19680355128692478
      }
    },
    {
      "type": "Feature",
      "geometry": {
        "type": "Point",
        "coordinates": [
          14.115856749999999,
          40.80540675
        ]
      },
      "properties": {
        "event_id": "AUTO_EV_60059",
        "energia": 4,
        "lisa_cluster": "Low-Low (Coldspot)",
        "local_moran": 0.29633796208590735
      }
    },
    {
      "type": "Feature",
      "geometry": {
        "type": "Point",
        "coordinates": [
          14.08862725,
          40.813494500000004
        ]
      },
      "properties": {
        "event_id": "AUTO_EV_60060",
        "energia": 4,
        "lisa_cluster": "Low-Low (Coldspot)",
        "local_moran": 0.2961954175607508
      }
    },
    {
      "type": "Feature",
      "geometry": {
        "type": "Point",
        "coordinates": [
          14.1484575,
          40.83423575
        ]
      },
      "properties": {
        "event_id": "AUTO_EV_60061",
        "energia": 4,
        "lisa_cluster": "Low-Low (Coldspot)",
        "local_moran": 0.3002050289601495
      }
    },
    {
      "type": "Feature",
      "geometry": {
        "type": "Point",
        "coordinates": [
          14.1581665,
          40.833866
        ]
      },
      "properties": {
        "event_id": "AUTO_EV_60062",
        "energia": 4,
        "lisa_cluster": "Low-Low (Coldspot)",
        "local_moran": 0.20153145538495007
      }
    },
    {
      "type": "Feature",
      "geometry": {
        "type": "Point",
        "coordinates": [
          14.147734,
          40.815995
        ]
      },
      "properties": {
        "event_id": "AUTO_EV_60063",
        "energia": 5,
        "lisa_cluster": "Low-Low (Coldspot)",
        "local_moran": 0.027713701074528304
      }
    },
    {
      "type": "Feature",
      "geometry": {
        "type": "Point",
        "coordinates": [
          14.0829425,
          40.80013183333333
        ]
      },
      "properties": {
        "event_id": "AUTO_EV_60064",
        "energia": 6,
        "lisa_cluster": "High-High (Hotspot)",
        "local_moran": 0.0758543087607193
      }
    },
    {
      "type": "Feature",
      "geometry": {
        "type": "Point",
        "coordinates": [
          14.087076,
          40.807775750000005
        ]
      },
      "properties": {
        "event_id": "AUTO_EV_60065",
        "energia": 4,
        "lisa_cluster": "Low-Low (Coldspot)",
        "local_moran": 0.2852465839549435
      }
    },
    {
      "type": "Feature",
      "geometry": {
        "type": "Point",
        "coordinates": [
          14.104532,
          40.8073618
        ]
      },
      "properties": {
        "event_id": "AUTO_EV_60066",
        "energia": 5,
        "lisa_cluster": "Low-High (Outlier)",
        "local_moran": -0.032314864023863056
      }
    },
    {
      "type": "Feature",
      "geometry": {
        "type": "Point",
        "coordinates": [
          14.0942576,
          40.7951928
        ]
      },
      "properties": {
        "event_id": "AUTO_EV_60067",
        "energia": 5,
        "lisa_cluster": "Low-Low (Coldspot)",
        "local_moran": 0.016003348667321716
      }
    },
    {
      "type": "Feature",
      "geometry": {
        "type": "Point",
        "coordinates": [
          14.1240889,
          40.818174600000006
        ]
      },
      "properties": {
        "event_id": "AUTO_EV_60068",
        "energia": 20,
        "lisa_cluster": "High-High (Hotspot)",
        "local_moran": 37.51766150463464
      }
    },
    {
      "type": "Feature",
      "geometry": {
        "type": "Point",
        "coordinates": [
          14.1240889,
          40.818174600000006
        ]
      },
      "properties": {
        "event_id": "AUTO_EV_60069",
        "energia": 20,
        "lisa_cluster": "High-High (Hotspot)",
        "local_moran": 37.51766150463464
      }
    },
    {
      "type": "Feature",
      "geometry": {
        "type": "Point",
        "coordinates": [
          14.130659058823529,
          40.82268852941177
        ]
      },
      "properties": {
        "event_id": "AUTO_EV_60070",
        "energia": 17,
        "lisa_cluster": "High-High (Hotspot)",
        "local_moran": 2.172861678701018
      }
    },
    {
      "type": "Feature",
      "geometry": {
        "type": "Point",
        "coordinates": [
          14.113343357142856,
          40.81366392857143
        ]
      },
      "properties": {
        "event_id": "AUTO_EV_60071",
        "energia": 14,
        "lisa_cluster": "High-High (Hotspot)",
        "local_moran": 2.1389545597213155
      }
    },
    {
      "type": "Feature",
      "geometry": {
        "type": "Point",
        "coordinates": [
          14.130265153846153,
          40.816969615384615
        ]
      },
      "properties": {
        "event_id": "AUTO_EV_60072",
        "energia": 13,
        "lisa_cluster": "High-High (Hotspot)",
        "local_moran": 1.1790412591762403
      }
    },
    {
      "type": "Feature",
      "geometry": {
        "type": "Point",
        "coordinates": [
          14.125390909090909,
          40.81739945454546
        ]
      },
      "properties": {
        "event_id": "AUTO_EV_60073",
        "energia": 11,
        "lisa_cluster": "High-High (Hotspot)",
        "local_moran": 2.589096881539436
      }
    },
    {
      "type": "Feature",
      "geometry": {
        "type": "Point",
        "coordinates": [
          14.106393666666667,
          40.80210233333334
        ]
      },
      "properties": {
        "event_id": "AUTO_EV_60074",
        "energia": 9,
        "lisa_cluster": "High-High (Hotspot)",
        "local_moran": 0.1700654432296679
      }
    },
    {
      "type": "Feature",
      "geometry": {
        "type": "Point",
        "coordinates": [
          14.096493285714287,
          40.80868542857143
        ]
      },
      "properties": {
        "event_id": "AUTO_EV_60075",
        "energia": 7,
        "lisa_cluster": "High-Low (Outlier)",
        "local_moran": -0.025892032981363992
      }
    },
    {
      "type": "Feature",
      "geometry": {
        "type": "Point",
        "coordinates": [
          14.1341615,
          40.810950166666665
        ]
      },
      "properties": {
        "event_id": "AUTO_EV_60076",
        "energia": 6,
        "lisa_cluster": "High-High (Hotspot)",
        "local_moran": 0.011125983226885319
      }
    },
    {
      "type": "Feature",
      "geometry": {
        "type": "Point",
        "coordinates": [
          14.071777666666668,
          40.785986666666666
        ]
      },
      "properties": {
        "event_id": "AUTO_EV_60077",
        "energia": 6,
        "lisa_cluster": "High-Low (Outlier)",
        "local_moran": -0.10430070663942281
      }
    },
    {
      "type": "Feature",
      "geometry": {
        "type": "Point",
        "coordinates": [
          14.1090615,
          40.81466825
        ]
      },
      "properties": {
        "event_id": "AUTO_EV_60078",
        "energia": 4,
        "lisa_cluster": "Low-Low (Coldspot)",
        "local_moran": 0.2534429610999784
      }
    },
    {
      "type": "Feature",
      "geometry": {
        "type": "Point",
        "coordinates": [
          14.116893428571428,
          40.80189728571429
        ]
      },
      "properties": {
        "event_id": "AUTO_EV_60079",
        "energia": 7,
        "lisa_cluster": "High-High (Hotspot)",
        "local_moran": 0.04335213170192254
      }
    },
    {
      "type": "Feature",
      "geometry": {
        "type": "Point",
        "coordinates": [
          14.09692525,
          40.79491075
        ]
      },
      "properties": {
        "event_id": "AUTO_EV_60080",
        "energia": 4,
        "lisa_cluster": "Low-Low (Coldspot)",
        "local_moran": 0.008484729009753634
      }
    },
    {
      "type": "Feature",
      "geometry": {
        "type": "Point",
        "coordinates": [
          14.096542999999999,
          40.800634333333335
        ]
      },
      "properties": {
        "event_id": "AUTO_EV_60081",
        "energia": 6,
        "lisa_cluster": "High-High (Hotspot)",
        "local_moran": 0.013531499106554747
      }
    },
    {
      "type": "Feature",
      "geometry": {
        "type": "Point",
        "coordinates": [
          14.1230806,
          40.8066108
        ]
      },
      "properties": {
        "event_id": "AUTO_EV_60082",
        "energia": 5,
        "lisa_cluster": "Low-High (Outlier)",
        "local_moran": -0.028716183949807923
      }
    },
    {
      "type": "Feature",
      "geometry": {
        "type": "Point",
        "coordinates": [
          14.120952,
          40.81004766666667
        ]
      },
      "properties": {
        "event_id": "AUTO_EV_60083",
        "energia": 3,
        "lisa_cluster": "Low-Low (Coldspot)",
        "local_moran": 0.8607946227185003
      }
    },
    {
      "type": "Feature",
      "geometry": {
        "type": "Point",
        "coordinates": [
          14.115076400000001,
          40.8098416
        ]
      },
      "properties": {
        "event_id": "AUTO_EV_60084",
        "energia": 5,
        "lisa_cluster": "Low-Low (Coldspot)",
        "local_moran": 0.009452672128149073
      }
    },
    {
      "type": "Feature",
      "geometry": {
        "type": "Point",
        "coordinates": [
          14.1266694,
          40.8099688
        ]
      },
      "properties": {
        "event_id": "AUTO_EV_60085",
        "energia": 5,
        "lisa_cluster": "Low-High (Outlier)",
        "local_moran": -0.0381354049318339
      }
    },
    {
      "type": "Feature",
      "geometry": {
        "type": "Point",
        "coordinates": [
          14.0503455,
          40.78464725
        ]
      },
      "properties": {
        "event_id": "AUTO_EV_60086",
        "energia": 4,
        "lisa_cluster": "Low-Low (Coldspot)",
        "local_moran": 0.30156680962816473
      }
    },
    {
      "type": "Feature",
      "geometry": {
        "type": "Point",
        "coordinates": [
          14.157259199999999,
          40.806628
        ]
      },
      "properties": {
        "event_id": "AUTO_EV_60087",
        "energia": 5,
        "lisa_cluster": "Low-Low (Coldspot)",
        "local_moran": 0.05232625157561723
      }
    },
    {
      "type": "Feature",
      "geometry": {
        "type": "Point",
        "coordinates": [
          14.07667025,
          40.79409125
        ]
      },
      "properties": {
        "event_id": "AUTO_EV_60088",
        "energia": 4,
        "lisa_cluster": "Low-Low (Coldspot)",
        "local_moran": 0.29864605100197705
      }
    },
    {
      "type": "Feature",
      "geometry": {
        "type": "Point",
        "coordinates": [
          14.120248499999999,
          40.804131749999996
        ]
      },
      "properties": {
        "event_id": "AUTO_EV_60089",
        "energia": 4,
        "lisa_cluster": "Low-Low (Coldspot)",
        "local_moran": 0.29167524190072003
      }
    },
    {
      "type": "Feature",
      "geometry": {
        "type": "Point",
        "coordinates": [
          14.148202000000001,
          40.8111928
        ]
      },
      "properties": {
        "event_id": "AUTO_EV_60090",
        "energia": 5,
        "lisa_cluster": "Low-Low (Coldspot)",
        "local_moran": 0.03432204538633028
      }
    },
    {
      "type": "Feature",
      "geometry": {
        "type": "Point",
        "coordinates": [
          14.159828666666668,
          40.81688066666667
        ]
      },
      "properties": {
        "event_id": "AUTO_EV_60091",
        "energia": 3,
        "lisa_cluster": "Low-Low (Coldspot)",
        "local_moran": 0.9245479047406967
      }
    },
    {
      "type": "Feature",
      "geometry": {
        "type": "Point",
        "coordinates": [
          14.100776200000002,
          40.801553
        ]
      },
      "properties": {
        "event_id": "AUTO_EV_60092",
        "energia": 5,
        "lisa_cluster": "Low-Low (Coldspot)",
        "local_moran": 0.015803023291131382
      }
    },
    {
      "type": "Feature",
      "geometry": {
        "type": "Point",
        "coordinates": [
          14.0920296,
          40.7965468
        ]
      },
      "properties": {
        "event_id": "AUTO_EV_60093",
        "energia": 5,
        "lisa_cluster": "Low-Low (Coldspot)",
        "local_moran": 0.011501901502008418
      }
    },
    {
      "type": "Feature",
      "geometry": {
        "type": "Point",
        "coordinates": [
          14.090063,
          40.7921386
        ]
      },
      "properties": {
        "event_id": "AUTO_EV_60094",
        "energia": 5,
        "lisa_cluster": "Low-Low (Coldspot)",
        "local_moran": 0.017435235316744707
      }
    },
    {
      "type": "Feature",
      "geometry": {
        "type": "Point",
        "coordinates": [
          14.154667166666668,
          40.8287775
        ]
      },
      "properties": {
        "event_id": "AUTO_EV_60095",
        "energia": 6,
        "lisa_cluster": "High-Low (Outlier)",
        "local_moran": -0.08918590782444569
      }
    },
    {
      "type": "Feature",
      "geometry": {
        "type": "Point",
        "coordinates": [
          14.1267406,
          40.8092994
        ]
      },
      "properties": {
        "event_id": "AUTO_EV_60096",
        "energia": 5,
        "lisa_cluster": "Low-High (Outlier)",
        "local_moran": -0.035254623242084816
      }
    },
    {
      "type": "Feature",
      "geometry": {
        "type": "Point",
        "coordinates": [
          14.12027625,
          40.823119250000005
        ]
      },
      "properties": {
        "event_id": "AUTO_EV_60097",
        "energia": 4,
        "lisa_cluster": "Low-Low (Coldspot)",
        "local_moran": 0.26463728732341146
      }
    },
    {
      "type": "Feature",
      "geometry": {
        "type": "Point",
        "coordinates": [
          14.1187904,
          40.805672400000006
        ]
      },
      "properties": {
        "event_id": "AUTO_EV_60098",
        "energia": 5,
        "lisa_cluster": "Low-Low (Coldspot)",
        "local_moran": 0.014776355346098462
      }
    },
    {
      "type": "Feature",
      "geometry": {
        "type": "Point",
        "coordinates": [
          14.107506749999999,
          40.80027125
        ]
      },
      "properties": {
        "event_id": "AUTO_EV_60099",
        "energia": 4,
        "lisa_cluster": "Low-High (Outlier)",
        "local_moran": -0.054087645767690436
      }
    },
    {
      "type": "Feature",
      "geometry": {
        "type": "Point",
        "coordinates": [
          14.0606275,
          40.774319250000005
        ]
      },
      "properties": {
        "event_id": "AUTO_EV_60100",
        "energia": 4,
        "lisa_cluster": "Low-Low (Coldspot)",
        "local_moran": 0.3015964528214168
      }
    },
    {
      "type": "Feature",
      "geometry": {
        "type": "Point",
        "coordinates": [
          14.096242333333334,
          40.80337566666667
        ]
      },
      "properties": {
        "event_id": "AUTO_EV_60101",
        "energia": 3,
        "lisa_cluster": "Low-Low (Coldspot)",
        "local_moran": 0.8477753201821542
      }
    },
    {
      "type": "Feature",
      "geometry": {
        "type": "Point",
        "coordinates": [
          14.0948452,
          40.7988748
        ]
      },
      "properties": {
        "event_id": "AUTO_EV_60102",
        "energia": 5,
        "lisa_cluster": "Low-Low (Coldspot)",
        "local_moran": 0.016400385003150237
      }
    },
    {
      "type": "Feature",
      "geometry": {
        "type": "Point",
        "coordinates": [
          14.143781,
          40.8042815
        ]
      },
      "properties": {
        "event_id": "AUTO_EV_60103",
        "energia": 4,
        "lisa_cluster": "Low-Low (Coldspot)",
        "local_moran": 0.2956797155565052
      }
    },
    {
      "type": "Feature",
      "geometry": {
        "type": "Point",
        "coordinates": [
          14.11457525,
          40.791505
        ]
      },
      "properties": {
        "event_id": "AUTO_EV_60104",
        "energia": 4,
        "lisa_cluster": "Low-Low (Coldspot)",
        "local_moran": 0.29467065804586484
      }
    },
    {
      "type": "Feature",
      "geometry": {
        "type": "Point",
        "coordinates": [
          14.141709166666667,
          40.80714616666666
        ]
      },
      "properties": {
        "event_id": "AUTO_EV_60105",
        "energia": 6,
        "lisa_cluster": "High-High (Hotspot)",
        "local_moran": 0.07316134123355174
      }
    },
    {
      "type": "Feature",
      "geometry": {
        "type": "Point",
        "coordinates": [
          14.11178775,
          40.80478525
        ]
      },
      "properties": {
        "event_id": "AUTO_EV_60106",
        "energia": 4,
        "lisa_cluster": "Low-High (Outlier)",
        "local_moran": -0.11763142404118232
      }
    },
    {
      "type": "Feature",
      "geometry": {
        "type": "Point",
        "coordinates": [
          14.0814504,
          40.7935698
        ]
      },
      "properties": {
        "event_id": "AUTO_EV_60107",
        "energia": 5,
        "lisa_cluster": "Low-Low (Coldspot)",
        "local_moran": 0.017237284767826974
      }
    },
    {
      "type": "Feature",
      "geometry": {
        "type": "Point",
        "coordinates": [
          14.074147,
          40.791116
        ]
      },
      "properties": {
        "event_id": "AUTO_EV_60108",
        "energia": 4,
        "lisa_cluster": "Low-Low (Coldspot)",
        "local_moran": 0.29844784842517535
      }
    },
    {
      "type": "Feature",
      "geometry": {
        "type": "Point",
        "coordinates": [
          14.139945799999998,
          40.8111118
        ]
      },
      "properties": {
        "event_id": "AUTO_EV_60109",
        "energia": 5,
        "lisa_cluster": "Low-Low (Coldspot)",
        "local_moran": 0.0170971722934022
      }
    },
    {
      "type": "Feature",
      "geometry": {
        "type": "Point",
        "coordinates": [
          14.07161275,
          40.788872
        ]
      },
      "properties": {
        "event_id": "AUTO_EV_60110",
        "energia": 4,
        "lisa_cluster": "Low-Low (Coldspot)",
        "local_moran": 0.30061637447161765
      }
    },
    {
      "type": "Feature",
      "geometry": {
        "type": "Point",
        "coordinates": [
          14.166682999999999,
          40.807862
        ]
      },
      "properties": {
        "event_id": "AUTO_EV_60111",
        "energia": 3,
        "lisa_cluster": "Low-Low (Coldspot)",
        "local_moran": 0.5242944704183107
      }
    },
    {
      "type": "Feature",
      "geometry": {
        "type": "Point",
        "coordinates": [
          14.1331015,
          40.80929233333333
        ]
      },
      "properties": {
        "event_id": "AUTO_EV_60112",
        "energia": 6,
        "lisa_cluster": "High-High (Hotspot)",
        "local_moran": 0.03403961249532126
      }
    },
    {
      "type": "Feature",
      "geometry": {
        "type": "Point",
        "coordinates": [
          14.087061,
          40.803847000000005
        ]
      },
      "properties": {
        "event_id": "AUTO_EV_60113",
        "energia": 4,
        "lisa_cluster": "Low-High (Outlier)",
        "local_moran": -0.006504513126241969
      }
    },
    {
      "type": "Feature",
      "geometry": {
        "type": "Point",
        "coordinates": [
          14.1212684,
          40.8098708
        ]
      },
      "properties": {
        "event_id": "AUTO_EV_60114",
        "energia": 5,
        "lisa_cluster": "Low-High (Outlier)",
        "local_moran": -0.03222934572503462
      }
    },
    {
      "type": "Feature",
      "geometry": {
        "type": "Point",
        "coordinates": [
          14.1033364,
          40.8135788
        ]
      },
      "properties": {
        "event_id": "AUTO_EV_60115",
        "energia": 5,
        "lisa_cluster": "Low-High (Outlier)",
        "local_moran": -0.04311035810438408
      }
    },
    {
      "type": "Feature",
      "geometry": {
        "type": "Point",
        "coordinates": [
          14.107258999999999,
          40.800296833333334
        ]
      },
      "properties": {
        "event_id": "AUTO_EV_60116",
        "energia": 6,
        "lisa_cluster": "High-High (Hotspot)",
        "local_moran": 0.07482263105026948
      }
    },
    {
      "type": "Feature",
      "geometry": {
        "type": "Point",
        "coordinates": [
          14.08304425,
          40.79357725
        ]
      },
      "properties": {
        "event_id": "AUTO_EV_60117",
        "energia": 4,
        "lisa_cluster": "Low-Low (Coldspot)",
        "local_moran": 0.28789698351245174
      }
    },
    {
      "type": "Feature",
      "geometry": {
        "type": "Point",
        "coordinates": [
          14.144994,
          40.810485
        ]
      },
      "properties": {
        "event_id": "AUTO_EV_60118",
        "energia": 4,
        "lisa_cluster": "Low-Low (Coldspot)",
        "local_moran": 0.28976656144138363
      }
    },
    {
      "type": "Feature",
      "geometry": {
        "type": "Point",
        "coordinates": [
          14.108196428571429,
          40.801756857142855
        ]
      },
      "properties": {
        "event_id": "AUTO_EV_60119",
        "energia": 7,
        "lisa_cluster": "High-High (Hotspot)",
        "local_moran": 0.0627817636832196
      }
    },
    {
      "type": "Feature",
      "geometry": {
        "type": "Point",
        "coordinates": [
          14.0660014,
          40.796278799999996
        ]
      },
      "properties": {
        "event_id": "AUTO_EV_60120",
        "energia": 5,
        "lisa_cluster": "Low-Low (Coldspot)",
        "local_moran": 0.039405999598505825
      }
    },
    {
      "type": "Feature",
      "geometry": {
        "type": "Point",
        "coordinates": [
          14.0795825,
          40.8013965
        ]
      },
      "properties": {
        "event_id": "AUTO_EV_60121",
        "energia": 4,
        "lisa_cluster": "Low-Low (Coldspot)",
        "local_moran": 0.034824431344342224
      }
    },
    {
      "type": "Feature",
      "geometry": {
        "type": "Point",
        "coordinates": [
          14.1347195,
          40.80385125
        ]
      },
      "properties": {
        "event_id": "AUTO_EV_60122",
        "energia": 4,
        "lisa_cluster": "Low-Low (Coldspot)",
        "local_moran": 0.10432706883096544
      }
    },
    {
      "type": "Feature",
      "geometry": {
        "type": "Point",
        "coordinates": [
          14.10848,
          40.802112
        ]
      },
      "properties": {
        "event_id": "AUTO_EV_60123",
        "energia": 5,
        "lisa_cluster": "Low-High (Outlier)",
        "local_moran": -0.013083109218022013
      }
    },
    {
      "type": "Feature",
      "geometry": {
        "type": "Point",
        "coordinates": [
          14.06024,
          40.80081
        ]
      },
      "properties": {
        "event_id": "AUTO_EV_60124",
        "energia": 4,
        "lisa_cluster": "Low-Low (Coldspot)",
        "local_moran": 0.30090282271480023
      }
    },
    {
      "type": "Feature",
      "geometry": {
        "type": "Point",
        "coordinates": [
          14.074486,
          40.804813
        ]
      },
      "properties": {
        "event_id": "AUTO_EV_60125",
        "energia": 4,
        "lisa_cluster": "Low-Low (Coldspot)",
        "local_moran": 0.09227085716670562
      }
    },
    {
      "type": "Feature",
      "geometry": {
        "type": "Point",
        "coordinates": [
          14.090334200000001,
          40.8030962
        ]
      },
      "properties": {
        "event_id": "AUTO_EV_60126",
        "energia": 5,
        "lisa_cluster": "Low-High (Outlier)",
        "local_moran": -0.003027506547372974
      }
    },
    {
      "type": "Feature",
      "geometry": {
        "type": "Point",
        "coordinates": [
          14.12704425,
          40.82589925
        ]
      },
      "properties": {
        "event_id": "AUTO_EV_60127",
        "energia": 4,
        "lisa_cluster": "Low-High (Outlier)",
        "local_moran": -0.2967294512995629
      }
    },
    {
      "type": "Feature",
      "geometry": {
        "type": "Point",
        "coordinates": [
          14.130356999999998,
          40.820173833333335
        ]
      },
      "properties": {
        "event_id": "AUTO_EV_60128",
        "energia": 6,
        "lisa_cluster": "High-High (Hotspot)",
        "local_moran": 0.11446457875612712
      }
    },
    {
      "type": "Feature",
      "geometry": {
        "type": "Point",
        "coordinates": [
          14.11032925,
          40.79271425
        ]
      },
      "properties": {
        "event_id": "AUTO_EV_60129",
        "energia": 4,
        "lisa_cluster": "Low-Low (Coldspot)",
        "local_moran": 0.2908199473735649
      }
    },
    {
      "type": "Feature",
      "geometry": {
        "type": "Point",
        "coordinates": [
          14.125119999999999,
          40.8071086
        ]
      },
      "properties": {
        "event_id": "AUTO_EV_60130",
        "energia": 5,
        "lisa_cluster": "Low-High (Outlier)",
        "local_moran": -0.028406301045320742
      }
    },
    {
      "type": "Feature",
      "geometry": {
        "type": "Point",
        "coordinates": [
          14.094391,
          40.79266675
        ]
      },
      "properties": {
        "event_id": "AUTO_EV_60131",
        "energia": 4,
        "lisa_cluster": "Low-Low (Coldspot)",
        "local_moran": 0.03918187335313128
      }
    },
    {
      "type": "Feature",
      "geometry": {
        "type": "Point",
        "coordinates": [
          14.083016666666666,
          40.788152333333336
        ]
      },
      "properties": {
        "event_id": "AUTO_EV_60132",
        "energia": 3,
        "lisa_cluster": "Low-Low (Coldspot)",
        "local_moran": 0.21741962222617078
      }
    },
    {
      "type": "Feature",
      "geometry": {
        "type": "Point",
        "coordinates": [
          14.119301799999999,
          40.8054626
        ]
      },
      "properties": {
        "event_id": "AUTO_EV_60133",
        "energia": 5,
        "lisa_cluster": "Low-Low (Coldspot)",
        "local_moran": 0.012732937269960281
      }
    },
    {
      "type": "Feature",
      "geometry": {
        "type": "Point",
        "coordinates": [
          14.069180333333334,
          40.79543666666667
        ]
      },
      "properties": {
        "event_id": "AUTO_EV_60134",
        "energia": 3,
        "lisa_cluster": "Low-Low (Coldspot)",
        "local_moran": 0.2451903905486186
      }
    },
    {
      "type": "Feature",
      "geometry": {
        "type": "Point",
        "coordinates": [
          14.0791456,
          40.7909038
        ]
      },
      "properties": {
        "event_id": "AUTO_EV_60135",
        "energia": 5,
        "lisa_cluster": "Low-Low (Coldspot)",
        "local_moran": 0.01741481471858341
      }
    }
  ]
}