Tempo,numero_eventi,energia_max,energia_media,max_energia_futura_24h,Target_Allarme,eventi_ultime_6h,eventi_ultime_24h,energia_max_ultime_12h,trend_energia_media
2026-01-01 23:00:00,109,17.0,4.972477064220183,17.0,0,546.0,1250.0,17.0,5.416403748244879
2026-01-02 00:00:00,130,17.0,5.076923076923077,17.0,0,598.0,1358.0,17.0,5.151980671321803
2026-01-02 01:00:00,145,17.0,5.075862068965518,17.0,0,667.0,1467.0,17.0,5.019413621513373
2026-01-02 02:00:00,155,17.0,5.038709677419355,17.0,0,735.0,1571.0,17.0,4.9351394279649865
2026-01-02 03:00:00,178,17.0,4.99438202247191,17.0,0,815.0,1708.0,17.0,4.939300892800609
2026-01-02 04:00:00,124,17.0,4.725806451612903,17.0,0,841.0,1791.0,17.0,4.929362228557083
2026-01-02 05:00:00,104,17.0,4.875,17.0,0,836.0,1844.0,17.0,4.9356122285570825
2026-01-02 06:00:00,91,17.0,4.846153846153846,17.0,0,797.0,1882.0,17.0,4.932407100351955
2026-01-02 07:00:00,100,17.0,4.87,17.0,0,752.0,1926.0,17.0,4.930345696843182
2026-01-02 08:00:00,78,17.0,4.743589743589744,17.0,0,675.0,1965.0,17.0,4.905146757851139
2026-01-02 09:00:00,73,17.0,4.808219178082192,17.0,0,570.0,2003.0,17.0,4.907022165548465
2026-01-02 10:00:00,88,17.0,4.738636363636363,17.0,0,534.0,2077.0,17.0,4.897146624422924
2026-01-02 11:00:00,73,17.0,4.8493150684931505,17.0,0,503.0,2133.0,17.0,4.886883124779005
2026-01-02 12:00:00,85,17.0,4.682352941176471,17.0,0,497.0,2210.0,17.0,4.854002280133455
2026-01-02 13:00:00,76,17.0,4.921052631578948,17.0,0,473.0,2271.0,17.0,4.841101493684573
2026-01-02 14:00:00,82,17.0,4.975609756097561,17.0,0,477.0,2333.0,17.0,4.8358431669077575
2026-01-02 15:00:00,90,17.0,4.8,17.0,0,494.0,2369.0,17.0,4.819644665035098
2026-01-02 16:00:00,80,17.0,4.7375,17.0,0,486.0,2378.0,17.0,4.820619127400689
2026-01-02 17:00:00,87,17.0,4.839080459770115,17.0,0,500.0,2385.0,17.0,4.817625832381532
2026-01-02 18:00:00,104,17.0,4.8173076923076925,17.0,0,519.0,2411.0,17.0,4.815221986227686
2026-01-02 19:00:00,94,17.0,4.872340425531915,17.0,0,537.0,2429.0,17.0,4.815417021688679
2026-01-02 20:00:00,113,17.0,4.814159292035399,17.0,0,568.0,2455.0,17.0,4.821297817392484
2026-01-02 21:00:00,128,17.0,4.9140625,17.0,0,606.0,2485.0,17.0,4.830118094218968
2026-01-02 22:00:00,134,16.0,4.6940298507462686,17.0,0,660.0,2521.0,17.0,4.82640088481146
2026-01-02 23:00:00,124,17.0,4.814516129032258,17.0,0,697.0,2536.0,17.0,4.823500973189719
2026-01-03 00:00:00,139,17.0,4.9352517985611515,17.0,0,732.0,2545.0,17.0,4.844575877971776
2026-01-03 01:00:00,160,17.0,4.7875,17.0,0,798.0,2560.0,17.0,4.833446492006863
2026-01-03 02:00:00,142,17.0,4.97887323943662,17.0,0,827.0,2547.0,17.0,4.833718448951784
2026-01-03 03:00:00,131,17.0,4.9541984732824424,17.0,0,830.0,2500.0,17.0,4.8465683217253215
2026-01-03 04:00:00,131,17.0,4.969465648854962,17.0,0,827.0,2507.0,17.0,4.865898792463235
2026-01-03 05:00:00,123,17.0,4.788617886178862,17.0,0,826.0,2526.0,17.0,4.861693577997298
2026-01-03 06:00:00,114,17.0,4.728070175438597,17.0,0,801.0,2549.0,17.0,4.854257118258206
2026-01-03 07:00:00,116,17.0,5.267241379310345,17.0,0,757.0,2565.0,17.0,4.887165531073076
2026-01-03 08:00:00,86,17.0,4.895348837209302,17.0,0,701.0,2573.0,17.0,4.893931326504234
2026-01-03 09:00:00,77,17.0,4.714285714285714,17.0,0,647.0,2577.0,17.0,4.877283261028043
2026-01-03 10:00:00,101,17.0,4.603960396039604,17.0,0,617.0,2590.0,17.0,4.869777473135821
2026-01-03 11:00:00,72,17.0,5.527777777777778,17.0,0,566.0,2589.0,17.0,4.929215943864615
2026-01-03 12:00:00,106,17.0,4.849056603773585,17.0,0,558.0,2610.0,17.0,4.922033010965651
2026-01-03 13:00:00,88,17.0,4.886363636363637,17.0,0,530.0,2622.0,17.0,4.930271647329287
2026-01-03 14:00:00,98,17.0,4.76530612244898,17.0,0,542.0,2638.0,17.0,4.912474387580318
2026-01-03 15:00:00,99,17.0,4.959595959595959,17.0,0,564.0,2647.0,17.0,4.912924178106444
2026-01-03 16:00:00,89,17.0,4.764044943820225,17.0,0,552.0,2656.0,17.0,4.895805786020216
2026-01-03 17:00:00,94,17.0,5.180851063829787,17.0,0,574.0,2663.0,17.0,4.9284918841577925
2026-01-03 18:00:00,80,17.0,4.9625,17.0,0,548.0,2639.0,17.0,4.948027702871243
2026-01-03 19:00:00,95,17.0,4.842105263157895,17.0,0,555.0,2640.0,17.0,4.912599693191872
2026-01-03 20:00:00,101,17.0,4.891089108910891,17.0,0,558.0,2628.0,17.0,4.912244715833672
2026-01-03 21:00:00,97,17.0,4.721649484536083,17.0,0,556.0,2597.0,17.0,4.912858363354535
2026-01-03 22:00:00,111,16.0,4.882882882882883,17.0,0,578.0,2574.0,17.0,4.936101903924809
2026-01-03 23:00:00,125,17.0,4.688,17.0,0,609.0,2575.0,17.0,4.866120422443327
2026-01-04 00:00:00,110,17.0,4.8,17.0,0,639.0,2546.0,17.0,4.862032372128861
2026-01-04 01:00:00,127,17.0,5.0078740157480315,17.0,0,671.0,2513.0,17.0,4.872158237077561
2026-01-04 02:00:00,137,17.0,4.868613138686132,17.0,0,707.0,2508.0,17.0,4.880767155097324
2026-01-04 03:00:00,141,17.0,4.9361702127659575,17.0,0,751.0,2518.0,17.0,4.878815009528156
2026-01-04 04:00:00,137,17.0,4.664233576642336,17.0,0,777.0,2524.0,17.0,4.870497395596666
2026-01-04 05:00:00,120,17.0,4.858333333333333,17.0,0,772.0,2521.0,17.0,4.843620918055295
2026-01-04 06:00:00,126,17.0,4.873015873015873,17.0,0,788.0,2533.0,17.0,4.836163907473285
2026-01-04 07:00:00,119,17.0,4.966386554621849,17.0,0,780.0,2536.0,17.0,4.846520681761947
2026-01-04 08:00:00,91,17.0,4.835164835164835,17.0,0,734.0,2541.0,17.0,4.841860325616443
2026-01-04 09:00:00,70,17.0,4.942857142857143,17.0,0,663.0,2534.0,17.0,4.860294297143198
2026-01-04 10:00:00,83,17.0,4.831325301204819,17.0,0,609.0,2516.0,17.0,4.855997832003359
2026-01-04 11:00:00,86,17.0,4.709302325581396,17.0,0,575.0,2530.0,17.0,4.857773025801809
2026-01-04 12:00:00,80,17.0,5.1,17.0,0,529.0,2504.0,17.0,4.882773025801808
2026-01-04 13:00:00,113,17.0,4.876106194690266,17.0,0,523.0,2529.0,17.0,4.871792374046994
2026-01-04 14:00:00,101,17.0,4.732673267326732,17.0,0,533.0,2532.0,17.0,4.860464051433712
2026-01-04 15:00:00,94,17.0,4.797872340425532,17.0,0,557.0,2527.0,17.0,4.8489392287386766
2026-01-04 16:00:00,77,16.0,4.8311688311688314,17.0,0,551.0,2515.0,17.0,4.862850499949217
2026-01-04 17:00:00,77,17.0,5.064935064935065,17.0,0,542.0,2498.0,17.0,4.880067310916028
2026-01-04 18:00:00,90,17.0,4.777777777777778,17.0,0,552.0,2508.0,17.0,4.8721308029795205
2026-01-04 19:00:00,94,17.0,4.851063829787234,17.0,0,533.0,2507.0,17.0,4.8625205759099694
2026-01-04 20:00:00,98,17.0,4.918367346938775,17.0,0,530.0,2504.0,17.0,4.8694541185577975
2026-01-04 21:00:00,117,17.0,4.829059829059829,17.0,0,553.0,2524.0,17.0,4.859971009074688
2026-01-04 22:00:00,101,17.0,4.881188118811881,17.0,0,577.0,2514.0,17.0,4.864126243875276
2026-01-04 23:00:00,110,17.0,4.818181818181818,17.0,0,610.0,2499.0,17.0,4.873199534925312
2026-01-05 00:00:00,135,17.0,4.9037037037037035,17.0,0,655.0,2524.0,17.0,4.856841510233954
2026-01-05 01:00:00,133,17.0,4.879699248120301,17.0,0,694.0,2530.0,17.0,4.857140931353123
2026-01-05 02:00:00,136,17.0,4.727941176470588,17.0,0,732.0,2529.0,17.0,4.856746590448445
2026-01-05 03:00:00,123,16.0,4.967479674796748,17.0,0,738.0,2511.0,17.0,4.870880534979379
2026-01-05 04:00:00,99,17.0,4.929292929292929,17.0,0,736.0,2473.0,17.0,4.879057543156388
2026-01-05 05:00:00,94,17.0,4.787234042553192,17.0,0,720.0,2447.0,17.0,4.855915791291231
2026-01-05 06:00:00,78,17.0,4.871794871794871,17.0,0,663.0,2399.0,17.0,4.86375054912599
2026-01-05 07:00:00,71,17.0,4.859154929577465,17.0,0,601.0,2351.0,17.0,4.864424807441842
2026-01-05 08:00:00,68,17.0,4.852941176470588,17.0,0,533.0,2328.0,17.0,4.858972626569493
2026-01-05 09:00:00,63,17.0,5.111111111111111,17.0,0,473.0,2321.0,17.0,4.882476900073766
2026-01-05 10:00:00,52,17.0,5.038461538461538,17.0,0,426.0,2290.0,17.0,4.895583018377905
2026-01-05 11:00:00,42,17.0,4.928571428571429,17.0,0,374.0,2246.0,17.0,4.904782152577039
2026-01-05 12:00:00,34,17.0,6.0,17.0,0,330.0,2200.0,17.0,4.996140177268397
2026-01-05 13:00:00,46,17.0,5.304347826086956,17.0,0,305.0,2133.0,17.0,5.031527558765617
2026-01-05 14:00:00,33,17.0,5.0606060606060606,17.0,0,270.0,2065.0,17.0,5.059249632443573
2026-01-05 15:00:00,21,17.0,6.142857142857143,17.0,0,228.0,1992.0,17.0,5.157197754781941
2026-01-05 16:00:00,18,17.0,6.5,17.0,0,194.0,1933.0,17.0,5.288090010674196
2026-01-05 17:00:00,17,17.0,6.117647058823529,17.0,0,169.0,1873.0,17.0,5.398957762030058
2026-01-05 18:00:00,23,17.0,5.3478260869565215,17.0,0,158.0,1806.0,17.0,5.438627029960195
2026-01-05 19:00:00,17,17.0,6.294117647058823,17.0,0,129.0,1729.0,17.0,5.558207256416975
2026-01-05 20:00:00,27,17.0,5.555555555555555,17.0,0,123.0,1658.0,17.0,5.616758454674056
2026-01-05 21:00:00,28,16.0,5.25,17.0,0,130.0,1569.0,17.0,5.628332528748129
2026-01-05 22:00:00,40,17.0,6.025,17.0,0,152.0,1508.0,17.0,5.710544067209669
2026-01-05 23:00:00,27,17.0,5.518518518518518,17.0,0,162.0,1425.0,17.0,5.759706324705259
2026-01-06 00:00:00,82,17.0,4.914634146341464,17.0,0,221.0,1372.0,17.0,5.6692591702337145
2026-01-06 01:00:00,111,17.0,4.900900900900901,17.0,0,315.0,1350.0,17.0,5.635638593134877
2026-01-06 02:00:00,114,17.0,5.473684210526316,17.0,0,402.0,1328.0,17.0,5.670061772294898
2026-01-06 03:00:00,114,17.0,4.921052631578948,17.0,0,488.0,1319.0,17.0,5.568244729688381
2026-01-06 04:00:00,125,17.0,5.184,17.0,0,573.0,1345.0,17.0,5.458578063021714
2026-01-06 05:00:00,123,17.0,4.804878048780488,17.0,0,669.0,1374.0,17.0,5.349180645518127
2026-01-06 06:00:00,118,17.0,4.813559322033898,17.0,0,705.0,1414.0,17.0,5.30465841510791
2026-01-06 07:00:00,104,17.0,4.836538461538462,17.0,0,698.0,1447.0,17.0,5.1831934829812125
2026-01-06 08:00:00,86,17.0,4.988372093023256,17.0,0,670.0,1465.0,17.0,5.135928194436854
2026-01-06 09:00:00,89,17.0,4.775280898876405,17.0,0,645.0,1491.0,17.0,5.096368269343221
2026-01-06 10:00:00,62,17.0,4.919354838709677,17.0,0,582.0,1501.0,17.0,5.004231172569027
2026-01-06 11:00:00,71,17.0,4.873239436619718,17.0,0,530.0,1530.0,17.0,4.950457915744128
2026-01-06 12:00:00,76,17.0,5.092105263157895,17.0,0,488.0,1572.0,17.0,4.96524717547883
2026-01-06 13:00:00,85,17.0,4.7176470588235295,17.0,0,469.0,1611.0,17.0,4.9499760219723825
2026-01-06 14:00:00,84,17.0,4.809523809523809,17.0,0,467.0,1662.0,17.0,4.89462932188884
2026-01-06 15:00:00,95,17.0,4.894736842105263,17.0,0,473.0,1736.0,17.0,4.8924363394327
2026-01-06 16:00:00,99,17.0,4.94949494949495,17.0,0,510.0,1817.0,17.0,4.872894251890613
2026-01-06 17:00:00,112,17.0,4.758928571428571,17.0,0,551.0,1912.0,17.0,4.869065128777953
2026-01-06 18:00:00,89,17.0,4.955056179775281,17.0,0,564.0,1978.0,17.0,4.880856533589735
2026-01-06 19:00:00,100,17.0,4.97,17.0,0,579.0,2061.0,17.0,4.89197832846153
2026-01-06 20:00:00,113,17.0,4.814159292035399,17.0,0,608.0,2147.0,17.0,4.877460595045875
2026-01-06 21:00:00,118,17.0,4.813559322033898,17.0,0,631.0,2237.0,17.0,4.880650463642333
2026-01-06 22:00:00,117,17.0,4.854700854700854,17.0,0,649.0,2314.0,17.0,4.875262631641597
2026-01-06 23:00:00,135,16.0,4.792592592592593,17.0,0,672.0,2422.0,17.0,4.8685420613060035
2026-01-07 00:00:00,133,17.0,4.639097744360902,17.0,0,716.0,2473.0,17.0,4.830791434739588
2026-01-07 01:00:00,138,16.0,4.782608695652174,17.0,0,754.0,2500.0,17.0,4.836204904475308
2026-01-07 02:00:00,132,16.0,4.909090909090909,17.0,0,773.0,2518.0,17.0,4.844502162772566
2026-01-07 03:00:00,105,16.0,4.666666666666667,17.0,0,760.0,2509.0,17.0,4.82549631481935
2026-01-07 04:00:00,82,16.0,4.780487804878049,17.0,0,725.0,2466.0,17.0,4.811412386101274
2026-01-07 05:00:00,69,16.0,4.782608695652174,17.0,0,659.0,2412.0,17.0,4.813385729786575
2026-01-07 06:00:00,52,16.0,4.865384615384615,17.0,0,578.0,2346.0,17.0,4.805913099420686
2026-01-07 07:00:00,46,16.0,5.021739130434782,17.0,0,486.0,2288.0,17.0,4.810224693623584
2026-01-07 08:00:00,38,16.0,4.7631578947368425,17.0,0,392.0,2240.0,17.0,4.805974577182038
2026-01-07 09:00:00,40,16.0,5.15,17.0,0,327.0,2191.0,17.0,4.83401130034588
2026-01-07 10:00:00,58,16.0,5.413793103448276,17.0,0,303.0,2187.0,17.0,4.880602321074832
2026-01-07 11:00:00,81,15.0,4.654320987654321,17.0,0,315.0,2197.0,17.0,4.869079687329976
2026-01-07 12:00:00,58,16.0,4.637931034482759,17.0,0,321.0,2179.0,16.0,4.868982461506797
2026-01-07 13:00:00,53,16.0,5.0,17.0,0,328.0,2147.0,16.0,4.8870984035357825
2026-01-07 14:00:00,68,16.0,4.588235294117647,17.0,0,358.0,2131.0,16.0,4.860360435621344
2026-01-07 15:00:00,60,16.0,4.783333333333333,17.0,0,378.0,2096.0,16.0,4.870082657843567
2026-01-07 16:00:00,76,16.0,4.7894736842105265,17.0,0,396.0,2073.0,16.0,4.870831481121273
2026-01-07 17:00:00,83,15.0,4.855421686746988,17.0,0,398.0,2044.0,16.0,4.876899230379174
2026-01-07 18:00:00,124,15.0,4.645161290322581,17.0,0,464.0,2079.0,16.0,4.858547286624005
2026-01-07 19:00:00,120,17.0,4.716666666666667,17.0,0,531.0,2099.0,17.0,4.833124581309995
2026-01-07 20:00:00,98,17.0,4.816326530612245,17.0,0,561.0,2084.0,17.0,4.837555300966279
2026-01-07 21:00:00,119,17.0,4.680672268907563,17.0,0,620.0,2085.0,17.0,4.7984446567085755
2026-01-07 22:00:00,142,16.0,4.76056338028169,17.0,0,686.0,2110.0,17.0,4.744008846444694
2026-01-07 23:00:00,117,16.0,4.871794871794871,17.0,0,720.0,2092.0,17.0,4.762131670123073
2026-01-08 00:00:00,169,16.0,4.834319526627219,17.0,0,765.0,2128.0,17.0,4.778497377801778
2026-01-08 01:00:00,171,17.0,4.947368421052632,17.0,0,816.0,2161.0,17.0,4.774111412889497
2026-01-08 02:00:00,155,17.0,4.877419354838709,17.0,0,873.0,2184.0,17.0,4.798210084616252
2026-01-08 03:00:00,168,17.0,4.8273809523809526,17.0,0,922.0,2247.0,17.0,4.801880719536887
2026-01-08 04:00:00,168,17.0,4.857142857142857,17.0,0,948.0,2333.0,17.0,4.807519817281247
2026-01-08 05:00:00,165,17.0,4.915151515151515,17.0,0,996.0,2429.0,17.0,4.812497302981625
2026-01-08 06:00:00,131,17.0,4.8320610687022905,17.0,0,958.0,2508.0,17.0,4.828072284513268
2026-01-08 07:00:00,98,15.0,4.73469387755102,17.0,0,885.0,2560.0,17.0,4.829574552086964
2026-01-08 08:00:00,105,16.0,4.59047619047619,17.0,0,835.0,2627.0,17.0,4.810753690408959
2026-01-08 09:00:00,123,17.0,4.853658536585366,17.0,0,790.0,2710.0,17.0,4.825169212715443
2026-01-08 10:00:00,113,16.0,4.628318584070796,17.0,0,735.0,2765.0,17.0,4.814148813031202
2026-01-08 11:00:00,86,17.0,4.813953488372093,17.0,0,656.0,2770.0,17.0,4.80932869774597
2026-01-08 12:00:00,79,17.0,4.8354430379746836,17.0,0,604.0,2791.0,17.0,4.809422323691592
2026-01-08 13:00:00,85,16.0,4.729411764705882,17.0,0,591.0,2823.0,17.0,4.79125926899603
2026-01-08 14:00:00,76,16.0,4.947368421052632,17.0,0,562.0,2831.0,17.0,4.79708835784719
2026-01-08 15:00:00,90,16.0,4.655555555555556,17.0,0,529.0,2861.0,17.0,4.782769574778407
2026-01-08 16:00:00,88,17.0,5.215909090909091,17.0,0,504.0,2873.0,17.0,4.812666760925594
2026-01-08 17:00:00,99,17.0,5.101010101010101,17.0,0,517.0,2889.0,17.0,4.828154976413808
2026-01-08 18:00:00,91,16.0,4.582417582417582,17.0,0,529.0,2856.0,17.0,4.80735135255675
2026-01-08 19:00:00,102,16.0,4.7254901960784315,17.0,0,546.0,2838.0,17.0,4.806584379100701
2026-01-08 20:00:00,128,17.0,4.9921875,17.0,0,598.0,2868.0,17.0,4.840060321561018
2026-01-08 21:00:00,137,17.0,4.62043795620438,17.0,0,645.0,2886.0,17.0,4.820625273195936
2026-01-08 22:00:00,132,16.0,4.598484848484849,17.0,0,689.0,2876.0,17.0,4.818139128563773
2026-01-08 23:00:00,137,16.0,4.824817518248175,17.0,0,727.0,2896.0,17.0,4.8190444643867805
2026-01-09 00:00:00,160,17.0,4.90625,17.0,0,796.0,2887.0,17.0,4.824945044555556
2026-01-09 01:00:00,140,17.0,4.978571428571429,17.0,0,834.0,2856.0,17.0,4.845708349877685
2026-01-09 02:00:00,117,17.0,4.94017094017094,17.0,0,823.0,2818.0,17.0,4.845108559804211
2026-01-09 03:00:00,116,17.0,4.75,17.0,0,802.0,2766.0,17.0,4.852978930174582
2026-01-09 04:00:00,98,17.0,4.8061224489795915,17.0,0,768.0,2696.0,17.0,4.8188300433471225
2026-01-09 05:00:00,115,17.0,4.852173913043479,17.0,0,746.0,2646.0,17.0,4.798093694349904
2026-01-09 06:00:00,84,17.0,4.690476190476191,17.0,0,670.0,2599.0,17.0,4.807098578354789
2026-01-09 07:00:00,66,17.0,4.954545454545454,17.0,0,596.0,2567.0,17.0,4.826186516560374
2026-01-09 08:00:00,55,17.0,4.7272727272727275,17.0,0,534.0,2517.0,17.0,4.8041102854997675
2026-01-09 09:00:00,59,17.0,5.067796610169491,17.0,0,477.0,2453.0,17.0,4.841390173330194
2026-01-09 10:00:00,65,17.0,4.969230769230769,17.0,0,444.0,2405.0,17.0,4.872285666725687
2026-01-09 11:00:00,78,17.0,4.782051282051282,17.0,0,407.0,2397.0,17.0,4.868721813709279
2026-01-09 12:00:00,78,17.0,4.717948717948718,17.0,0,401.0,2396.0,17.0,4.853030040205006
2026-01-09 13:00:00,78,17.0,4.923076923076923,17.0,0,413.0,2389.0,17.0,4.848405498080464
2026-01-09 14:00:00,74,17.0,4.945945945945946,17.0,0,432.0,2387.0,17.0,4.848886748561714
2026-01-09 15:00:00,81,17.0,4.703703703703703,17.0,0,454.0,2378.0,17.0,4.845028723870356
2026-01-09 16:00:00,84,17.0,4.7976190476190474,17.0,0,473.0,2374.0,17.0,4.844320107090311
2026-01-09 17:00:00,63,17.0,5.095238095238095,17.0,0,458.0,2338.0,17.0,4.864575455606529
2026-01-09 18:00:00,74,17.0,4.6891891891891895,17.0,0,454.0,2321.0,17.0,4.864468205499279
2026-01-09 19:00:00,78,17.0,4.8076923076923075,17.0,0,454.0,2297.0,17.0,4.852230443261517
2026-01-09 20:00:00,92,17.0,4.717391304347826,17.0,0,472.0,2261.0,17.0,4.851406991351109
2026-01-09 21:00:00,99,17.0,4.898989898989899,17.0,0,490.0,2223.0,17.0,4.837339765419475
2026-01-09 22:00:00,124,17.0,4.75,17.0,0,530.0,2215.0,17.0,4.819070534650245
2026-01-09 23:00:00,113,17.0,4.920353982300885,17.0,0,580.0,2191.0,17.0,4.830595759671045
2026-01-10 00:00:00,112,17.0,5.098214285714286,17.0,0,618.0,2143.0,17.0,4.862284556984842
2026-01-10 01:00:00,134,17.0,4.880597014925373,17.0,0,674.0,2137.0,17.0,4.858744564638879
2026-01-10 02:00:00,137,17.0,4.897810218978102,17.0,0,719.0,2157.0,17.0,4.8547332540582255
2026-01-10 03:00:00,147,17.0,4.8979591836734695,17.0,0,767.0,2188.0,17.0,4.870921210722373
2026-01-10 04:00:00,99,17.0,5.05050505050505,17.0,0,742.0,2189.0,17.0,4.891995044296207
2026-01-10 05:00:00,85,17.0,4.858823529411764,17.0,0,714.0,2159.0,17.0,4.872293830477346
2026-01-10 06:00:00,99,17.0,4.757575757575758,17.0,0,701.0,2174.0,17.0,4.877992711176226
2026-01-10 07:00:00,65,16.0,4.861538461538461,17.0,0,632.0,2173.0,17.0,4.882479890663406
2026-01-10 08:00:00,68,17.0,4.867647058823529,17.0,0,563.0,2186.0,17.0,4.895001203536381
2026-01-10 09:00:00,74,17.0,4.824324324324325,17.0,0,490.0,2201.0,17.0,4.88877907231425
2026-01-10 10:00:00,75,17.0,4.84,17.0,0,466.0,2211.0,17.0,4.89627907231425
2026-01-10 11:00:00,47,17.0,5.0638297872340425,17.0,0,428.0,2180.0,17.0,4.908235389392013
2026-01-10 12:00:00,63,17.0,5.079365079365079,17.0,0,392.0,2165.0,17.0,4.906664622196246
2026-01-10 13:00:00,71,17.0,4.704225352112676,17.0,0,398.0,2158.0,17.0,4.891966983628522
2026-01-10 14:00:00,81,16.0,4.91358024691358,17.0,0,411.0,2165.0,17.0,4.893281152623144
2026-01-10 15:00:00,98,17.0,4.73469387755102,17.0,0,435.0,2182.0,17.0,4.879675710446274
2026-01-10 16:00:00,96,17.0,5.135416666666667,17.0,0,456.0,2194.0,17.0,4.886751678459741
2026-01-10 17:00:00,71,17.0,4.887323943661972,17.0,0,480.0,2202.0,17.0,4.889126712980593
2026-01-10 18:00:00,71,17.0,4.873239436619718,17.0,0,488.0,2199.0,17.0,4.898765352900923
2026-01-10 19:00:00,65,17.0,4.969230769230769,17.0,0,482.0,2186.0,17.0,4.907739711875281
2026-01-10 20:00:00,83,17.0,5.253012048192771,17.0,0,484.0,2177.0,17.0,4.939853460989385
2026-01-10 21:00:00,78,17.0,4.987179487179487,17.0,0,464.0,2156.0,17.0,4.953424724560649
2026-01-10 22:00:00,68,17.0,4.852941176470588,17.0,0,436.0,2100.0,17.0,4.954503155933197
2026-01-10 23:00:00,77,17.0,4.766233766233766,17.0,0,442.0,2064.0,17.0,4.929703487516508
2026-01-11 00:00:00,79,17.0,4.886075949367089,17.0,0,450.0,2031.0,17.0,4.913596060016675
2026-01-11 01:00:00,98,17.0,4.918367346938775,17.0,0,483.0,1995.0,17.0,4.931441226252184
2026-01-11 02:00:00,115,17.0,4.782608695652174,17.0,0,515.0,1973.0,17.0,4.920526930313733
2026-01-11 03:00:00,113,17.0,4.769911504424779,17.0,0,550.0,1939.0,17.0,4.923461732553213
2026-01-11 04:00:00,125,17.0,4.8,17.0,0,607.0,1965.0,17.0,4.895510343664324
2026-01-11 05:00:00,111,17.0,4.81981981981982,17.0,0,641.0,1991.0,17.0,4.889885000010811
2026-01-11 06:00:00,107,17.0,4.94392523364486,17.0,0,669.0,1999.0,17.0,4.89577548309624
2026-01-11 07:00:00,118,17.0,4.661016949152542,17.0,0,689.0,2052.0,17.0,4.870090998089721
2026-01-11 08:00:00,101,17.0,4.801980198019802,17.0,0,675.0,2085.0,17.0,4.832505010575307
2026-01-11 09:00:00,70,17.0,4.814285714285714,17.0,0,632.0,2081.0,17.0,4.818097196167492
2026-01-11 10:00:00,59,17.0,4.932203389830509,17.0,0,566.0,2065.0,17.0,4.824702380614153
2026-01-11 11:00:00,51,17.0,5.019607843137255,17.0,0,506.0,2069.0,17.0,4.845816887022776
2026-01-11 12:00:00,54,17.0,4.962962962962963,17.0,0,453.0,2060.0,17.0,4.852224138155766
2026-01-11 13:00:00,72,17.0,4.652777777777778,17.0,0,407.0,2061.0,17.0,4.830091674059016
2026-01-11 14:00:00,76,17.0,4.815789473684211,17.0,0,382.0,2056.0,17.0,4.832856738895019
2026-01-11 15:00:00,64,17.0,4.84375,17.0,0,376.0,2022.0,17.0,4.839009946859621
2026-01-11 16:00:00,49,17.0,5.0,17.0,0,366.0,1975.0,17.0,4.855676613526287
2026-01-11 17:00:00,48,17.0,5.145833333333333,17.0,0,363.0,1952.0,17.0,4.882844406319081
2026-01-11 18:00:00,41,17.0,5.0,17.0,0,350.0,1922.0,17.0,4.8875173035153425
2026-01-11 19:00:00,38,17.0,5.105263157894737,17.0,0,316.0,1895.0,17.0,4.924537820910525
2026-01-11 20:00:00,43,17.0,5.232558139534884,17.0,0,283.0,1855.0,17.0,4.9604193160367815
2026-01-11 21:00:00,48,17.0,5.1875,17.0,0,267.0,1825.0,17.0,4.991520506512972
2026-01-11 22:00:00,38,17.0,5.078947368421052,17.0,0,256.0,1795.0,17.0,5.003749171395518
2026-01-11 23:00:00,52,17.0,5.365384615384615,17.0,0,260.0,1770.0,17.0,5.032563902416132
2026-01-12 00:00:00,64,17.0,4.828125,17.0,0,283.0,1755.0,17.0,5.021327405502551
2026-01-12 01:00:00,70,17.0,5.1,17.0,0,315.0,1727.0,17.0,5.05859592402107
2026-01-12 02:00:00,95,17.0,4.768421052631579,17.0,0,367.0,1707.0,17.0,5.054648555600017
2026-01-12 03:00:00,86,17.0,4.930232558139535,17.0,0,405.0,1680.0,17.0,5.061855435444978
2026-01-12 04:00:00,63,17.0,4.7936507936507935,17.0,0,430.0,1618.0,17.0,5.044659668249211
2026-01-12 05:00:00,57,17.0,5.0701754385964914,17.0,0,435.0,1564.0,17.0,5.038354843687807
2026-01-12 06:00:00,33,17.0,5.242424242424242,17.0,0,404.0,1490.0,17.0,5.0585568638898275
2026-01-12 07:00:00,35,17.0,5.4,17.0,0,369.0,1407.0,17.0,5.083118267398599
2026-01-12 08:00:00,25,17.0,5.44,17.0,0,299.0,1331.0,17.0,5.100405089104026
2026-01-12 09:00:00,35,17.0,5.0285714285714285,17.0,0,248.0,1296.0,17.0,5.087161041484978
2026-01-12 10:00:00,35,17.0,5.228571428571429,17.0,0,220.0,1272.0,17.0,5.099629713164176
2026-01-12 11:00:00,32,17.0,5.21875,17.0,0,195.0,1253.0,17.0,5.087410161882125
2026-01-12 12:00:00,43,17.0,5.0,17.0,0,205.0,1242.0,17.0,5.101733078548791
2026-01-12 13:00:00,34,17.0,5.470588235294118,17.0,0,204.0,1204.0,17.0,5.132615431489969
2026-01-12 14:00:00,44,17.0,5.045454545454546,17.0,0,223.0,1172.0,17.0,5.1557015558918815
2026-01-12 15:00:00,38,17.0,5.052631578947368,17.0,0,226.0,1146.0,17.0,5.165901474292535
2026-01-12 16:00:00,27,17.0,5.111111111111111,17.0,0,218.0,1124.0,17.0,5.192356500747562
2026-01-12 17:00:00,14,17.0,6.285714285714286,17.0,0,200.0,1090.0,17.0,5.293651404674044
2026-01-12 18:00:00,16,17.0,6.0625,17.0,0,173.0,1065.0,17.0,5.36199105113869
2026-01-12 19:00:00,22,17.0,5.681818181818182,17.0,0,161.0,1049.0,17.0,5.38547589962354
2026-01-12 20:00:00,27,17.0,5.62962962962963,17.0,0,144.0,1033.0,17.0,5.401278368759342
2026-01-12 21:00:00,47,17.0,4.829787234042553,17.0,0,153.0,1032.0,17.0,5.384713019215269
2026-01-12 22:00:00,62,17.0,4.951612903225806,17.0,0,188.0,1056.0,17.0,5.361633142103133
2026-01-12 23:00:00,87,17.0,4.632183908045977,17.0,0,261.0,1091.0,17.0,5.312752634440298
2026-01-13 00:00:00,90,16.0,4.733333333333333,17.0,0,335.0,1117.0,17.0,5.290530412218076
2026-01-13 01:00:00,91,17.0,4.725274725274725,17.0,0,404.0,1138.0,17.0,5.228420953049793
2026-01-13 02:00:00,99,17.0,4.696969696969697,17.0,0,476.0,1142.0,17.0,5.199380549009389
2026-01-13 03:00:00,96,17.0,4.645833333333333,17.0,0,525.0,1152.0,17.0,5.1654806952082195
2026-01-13 04:00:00,100,17.0,4.89,17.0,0,563.0,1189.0,17.0,5.147054769282293
2026-01-13 05:00:00,70,17.0,4.985714285714286,17.0,0,546.0,1202.0,17.0,5.03872143594896
2026-01-13 06:00:00,38,17.0,5.842105263157895,17.0,0,494.0,1207.0,17.0,5.020355207878785
2026-01-13 07:00:00,30,17.0,6.766666666666667,17.0,0,433.0,1202.0,17.0,5.110759248282825
2026-01-13 08:00:00,36,17.0,5.611111111111111,17.0,0,370.0,1213.0,17.0,5.109216038406282
2026-01-13 09:00:00,33,17.0,5.454545454545454,17.0,0,307.0,1211.0,17.0,5.16127922344819
2026-01-13 10:00:00,44,17.0,5.0227272727272725,17.0,0,251.0,1220.0,17.0,5.167205420906646
2026-01-13 11:00:00,49,17.0,5.142857142857143,17.0,0,230.0,1237.0,17.0,5.209761523807576
2026-01-13 12:00:00,45,17.0,5.311111111111111,17.0,0,237.0,1239.0,17.0,5.257909671955725
2026-01-13 13:00:00,62,17.0,4.983870967741935,17.0,0,269.0,1267.0,17.0,5.2794593588279914
2026-01-13 14:00:00,50,17.0,5.08,17.0,0,283.0,1273.0,17.0,5.311378550747183
2026-01-13 15:00:00,39,17.0,5.0,17.0,0,289.0,1274.0,17.0,5.340892439636073
2026-01-13 16:00:00,30,17.0,5.266666666666667,17.0,0,275.0,1277.0,17.0,5.372281328524962
2026-01-13 17:00:00,14,17.0,6.928571428571429,17.0,0,240.0,1277.0,17.0,5.534186090429724
2026-01-13 18:00:00,15,17.0,6.4,17.0,0,210.0,1276.0,17.0,5.580677318499899
2026-01-13 19:00:00,19,17.0,6.105263157894737,17.0,0,167.0,1273.0,17.0,5.525560359435571
2026-01-13 20:00:00,31,17.0,5.290322580645161,17.0,0,148.0,1277.0,17.0,5.498827981896743
2026-01-13 21:00:00,43,17.0,5.093023255813954,17.0,0,152.0,1273.0,17.0,5.468701132002451
2026-01-13 22:00:00,49,17.0,4.979591836734694,17.0,0,171.0,1260.0,17.0,5.465106512336402
2026-01-13 23:00:00,59,17.0,4.932203389830509,17.0,0,216.0,1232.0,17.0,5.447552032917517
2026-01-14 00:00:00,69,17.0,4.927536231884058,17.0,0,270.0,1211.0,17.0,5.415587459648595
2026-01-14 01:00:00,105,17.0,4.904761904761905,17.0,0,356.0,1225.0,17.0,5.408995037733593
2026-01-14 02:00:00,107,17.0,5.0,17.0,0,432.0,1233.0,17.0,5.402328371066926
2026-01-14 03:00:00,95,17.0,5.021052631578947,17.0,0,484.0,1232.0,17.0,5.404082757031838
2026-01-14 04:00:00,100,17.0,5.06,17.0,0,535.0,1232.0,17.0,5.386860534809617
2026-01-14 05:00:00,103,17.0,4.796116504854369,17.0,0,579.0,1265.0,17.0,5.209155957833194
2026-01-14 06:00:00,67,17.0,4.970149253731344,17.0,0,577.0,1294.0,17.0,5.090001728977473
2026-01-14 07:00:00,44,17.0,5.159090909090909,17.0,0,516.0,1308.0,17.0,5.0111540415771545
2026-01-14 08:00:00,66,17.0,5.454545454545454,17.0,0,475.0,1338.0,17.0,5.024839281068846
2026-01-14 09:00:00,72,17.0,4.861111111111111,17.0,0,452.0,1377.0,17.0,5.005513269010275
2026-01-14 10:00:00,61,17.0,5.131147540983607,17.0,0,413.0,1394.0,17.0,5.018142911031018
2026-01-14 11:00:00,57,17.0,5.087719298245614,17.0,0,367.0,1402.0,17.0,5.03110257006561
2026-01-14 12:00:00,43,17.0,5.093023255813954,17.0,0,343.0,1400.0,17.0,5.044893155393101
2026-01-14 13:00:00,52,16.0,4.980769230769231,17.0,0,351.0,1390.0,17.0,5.051227099227045
2026-01-14 14:00:00,52,16.0,4.961538461538462,17.0,0,337.0,1392.0,17.0,5.0480219710219165
2026-01-14 15:00:00,52,16.0,5.019230769230769,17.0,0,317.0,1405.0,17.0,5.047870149159569
2026-01-14 16:00:00,42,16.0,5.0476190476190474,17.0,0,298.0,1417.0,17.0,5.046838403127823
2026-01-14 17:00:00,42,17.0,5.166666666666667,17.0,0,283.0,1445.0,17.0,5.077717583278847
2026-01-14 18:00:00,48,16.0,4.979166666666667,17.0,0,288.0,1478.0,17.0,5.078469034356791
2026-01-14 19:00:00,34,17.0,5.323529411764706,17.0,0,270.0,1493.0,17.0,5.09217224291294
2026-01-14 20:00:00,38,16.0,5.0,17.0,0,256.0,1500.0,17.0,5.054293455034153
2026-01-14 21:00:00,57,17.0,4.7894736842105265,17.0,0,261.0,1514.0,17.0,5.048323669459104
2026-01-14 22:00:00,53,17.0,4.830188679245283,17.0,0,272.0,1518.0,17.0,5.023243764314244
2026-01-14 23:00:00,51,17.0,4.901960784313726,17.0,0,281.0,1510.0,17.0,5.007763888153254
2026-01-15 00:00:00,49,16.0,4.979591836734694,17.0,0,282.0,1490.0,17.0,4.998311269896648
2026-01-15 01:00:00,50,17.0,4.82,17.0,0,298.0,1435.0,17.0,4.9849138339992125
2026-01-15 02:00:00,43,16.0,5.186046511627907,17.0,0,303.0,1371.0,17.0,5.0036228381733325
2026-01-15 03:00:00,49,16.0,4.938775510204081,17.0,0,295.0,1325.0,17.0,4.9969182332544415
2026-01-15 04:00:00,62,16.0,4.758064516129032,17.0,0,304.0,1287.0,17.0,4.9727886889636075
2026-01-15 05:00:00,70,16.0,4.728571428571429,17.0,0,323.0,1254.0,17.0,4.936280752455671
2026-01-15 06:00:00,43,17.0,5.069767441860465,17.0,0,317.0,1230.0,17.0,4.9438308170551535
2026-01-15 07:00:00,37,16.0,4.864864864864865,17.0,0,304.0,1223.0,17.0,4.905608771480168
2026-01-15 08:00:00,45,17.0,5.111111111111111,17.0,0,306.0,1202.0,17.0,4.914868030739426
2026-01-15 09:00:00,62,16.0,4.838709677419355,17.0,0,319.0,1192.0,17.0,4.918971030173496
2026-01-15 10:00:00,45,17.0,5.022222222222222,17.0,0,302.0,1176.0,17.0,4.934973825421574
2026-01-15 11:00:00,46,16.0,4.8478260869565215,17.0,0,278.0,1165.0,17.0,4.930462600641807
2026-01-15 12:00:00,32,17.0,5.53125,17.0,0,267.0,1154.0,17.0,4.976434114247249
2026-01-15 13:00:00,32,16.0,5.375,17.0,0,262.0,1134.0,17.0,5.022684114247249
2026-01-15 14:00:00,40,17.0,4.95,17.0,0,257.0,1122.0,17.0,5.00301357161159
2026-01-15 15:00:00,31,16.0,5.225806451612903,17.0,0,226.0,1101.0,17.0,5.0269328167289915
2026-01-15 16:00:00,24,16.0,5.625,17.0,0,205.0,1083.0,17.0,5.0991774403849055
2026-01-15 17:00:00,31,16.0,5.290322580645161,17.0,0,190.0,1072.0,17.0,5.1459900363910505
2026-01-15 18:00:00,27,17.0,6.37037037037037,17.0,0,185.0,1051.0,17.0,5.254373613766876
2026-01-15 19:00:00,28,16.0,5.142857142857143,17.0,0,181.0,1045.0,17.0,5.277539636932899
2026-01-15 20:00:00,37,17.0,5.1891891891891895,17.0,0,178.0,1044.0,17.0,5.284046143439405
2026-01-15 21:00:00,41,16.0,5.073170731707317,17.0,0,188.0,1028.0,17.0,5.303584564630069
2026-01-15 22:00:00,44,17.0,4.9772727272727275,17.0,0,208.0,1019.0,17.0,5.299838773384278
2026-01-15 23:00:00,46,17.0,5.369565217391305,17.0,0,223.0,1014.0,17.0,5.343317034253843
2026-01-16 00:00:00,38,17.0,5.342105263157895,17.0,0,234.0,1003.0,17.0,5.327554972850334
2026-01-16 01:00:00,42,17.0,5.428571428571429,17.0,0,248.0,995.0,17.0,5.33201925856462
2026-01-16 02:00:00,48,17.0,5.020833333333333,17.0,0,259.0,1000.0,17.0,5.337922036342398
2026-01-16 03:00:00,43,17.0,5.093023255813954,17.0,0,261.0,994.0,17.0,5.326856770025819
2026-01-16 04:00:00,64,16.0,4.90625,17.0,0,281.0,996.0,17.0,5.266960936692485
2026-01-16 05:00:00,73,17.0,4.794520547945205,17.0,0,308.0,999.0,17.0,5.225644100634156
2026-01-16 06:00:00,31,17.0,5.290322580645161,17.0,0,301.0,987.0,17.0,5.135640118157055
2026-01-16 07:00:00,30,17.0,5.366666666666666,17.0,0,289.0,980.0,17.0,5.154290911807849
2026-01-16 08:00:00,31,17.0,5.290322580645161,17.0,0,272.0,966.0,17.0,5.16271869442918
2026-01-16 09:00:00,19,17.0,6.526315789473684,17.0,0,248.0,923.0,17.0,5.283814115909711
2026-01-16 10:00:00,19,17.0,5.842105263157895,17.0,0,203.0,897.0,17.0,5.355883493900141
2026-01-16 11:00:00,30,17.0,5.633333333333334,17.0,0,160.0,881.0,17.0,5.377864170228643
2026-01-16 12:00:00,20,17.0,5.7,17.0,0,149.0,869.0,17.0,5.407688731632152
2026-01-16 13:00:00,23,17.0,6.0,17.0,0,142.0,860.0,17.0,5.4553077792512
2026-01-16 14:00:00,18,17.0,6.277777777777778,17.0,0,129.0,838.0,17.0,5.56005314962157
2026-01-16 15:00:00,8,17.0,8.625,17.0,0,118.0,815.0,17.0,5.854384544970407
2026-01-16 16:00:00,10,17.0,7.0,16.0,0,109.0,801.0,17.0,6.028863711637073
2026-01-16 17:00:00,5,16.0,10.4,16.0,0,84.0,775.0,17.0,6.4959869993083075
2026-01-16 18:00:00,6,16.0,9.0,16.0,0,70.0,754.0,17.0,6.8051267842545435
2026-01-16 19:00:00,10,16.0,7.0,16.0,0,57.0,736.0,17.0,6.9412378953656555
2026-01-16 20:00:00,43,16.0,6.186046511627907,16.0,0,82.0,742.0,17.0,7.015881556280884
2026-01-16 21:00:00,30,16.0,5.133333333333334,16.0,0,104.0,731.0,17.0,6.899799684935854
2026-01-16 22:00:00,23,16.0,5.521739130434782,16.0,0,117.0,710.0,17.0,6.873102507208928
2026-01-16 23:00:00,24,16.0,5.541666666666667,16.0,0,136.0,688.0,17.0,6.865463618320039
2026-01-17 00:00:00,27,16.0,5.444444444444445,16.0,0,157.0,677.0,17.0,6.8441673220237425
2026-01-17 01:00:00,56,16.0,4.910714285714286,16.0,0,203.0,691.0,17.0,6.753393512499934
2026-01-17 02:00:00,54,16.0,4.87037037037037,16.0,0,214.0,697.0,17.0,6.636109561882649
2026-01-17 03:00:00,48,16.0,5.0,16.0,0,232.0,702.0,17.0,6.334026228549316
2026-01-17 04:00:00,63,16.0,4.809523809523809,16.0,0,272.0,701.0,16.0,6.151486546009633
2026-01-17 05:00:00,46,16.0,5.108695652173913,16.0,0,294.0,674.0,16.0,5.710544517024126
2026-01-17 06:00:00,45,15.0,5.2444444444444445,16.0,0,312.0,688.0,16.0,5.397581554061163
2026-01-17 07:00:00,34,16.0,5.529411764705882,16.0,0,290.0,692.0,16.0,5.27503253445332
2026-01-17 08:00:00,34,16.0,5.647058823529412,16.0,0,270.0,695.0,16.0,5.230116893778446
2026-01-17 09:00:00,40,16.0,5.2,16.0,0,262.0,716.0,16.0,5.235672449334001
2026-01-17 10:00:00,29,16.0,5.448275862068965,16.0,0,228.0,726.0,16.0,5.229550510303516
2026-01-17 11:00:00,23,16.0,5.695652173913044,16.0,0,205.0,719.0,16.0,5.242382635907381
2026-01-17 12:00:00,28,16.0,5.714285714285714,16.0,0,188.0,727.0,16.0,5.264869408394154
2026-01-17 13:00:00,26,16.0,5.076923076923077,16.0,0,180.0,730.0,16.0,5.278720140994886
2026-01-17 14:00:00,34,16.0,5.264705882352941,16.0,0,180.0,746.0,16.0,5.3115814336601
2026-01-17 15:00:00,26,16.0,5.538461538461538,16.0,0,166.0,764.0,16.0,5.356453228531895
2026-01-17 16:00:00,30,16.0,5.266666666666667,16.0,0,167.0,784.0,16.0,5.394548466627133
2026-01-17 17:00:00,36,16.0,5.027777777777778,16.0,0,180.0,815.0,16.0,5.3878053104274555
2026-01-17 18:00:00,33,16.0,5.181818181818182,16.0,0,185.0,842.0,16.0,5.3825864552086
2026-01-17 19:00:00,18,16.0,6.111111111111111,16.0,0,177.0,850.0,16.0,5.431061400742369
2026-01-17 20:00:00,27,16.0,5.2592592592592595,16.0,0,170.0,834.0,16.0,5.398744770386522
2026-01-17 21:00:00,32,16.0,5.3125,16.0,0,176.0,836.0,16.0,5.408119770386524
2026-01-17 22:00:00,25,16.0,6.4,16.0,0,171.0,838.0,16.0,5.487430115214109
2026-01-17 23:00:00,34,16.0,5.205882352941177,16.0,0,169.0,848.0,16.0,5.446615963466454
2026-01-18 00:00:00,54,16.0,4.796296296296297,16.0,0,190.0,875.0,16.0,5.370116845300669
2026-01-18 01:00:00,56,16.0,4.910714285714286,16.0,0,228.0,875.0,16.0,5.356266112699937
2026-01-18 02:00:00,76,16.0,4.7631578947368425,16.0,0,277.0,897.0,16.0,5.314470447065261
2026-01-18 03:00:00,78,16.0,4.935897435897436,16.0,0,323.0,927.0,16.0,5.264256771851586
2026-01-18 04:00:00,71,16.0,4.943661971830986,16.0,0,369.0,935.0,16.0,5.237339713948613
2026-01-18 05:00:00,87,16.0,5.206896551724138,16.0,0,422.0,976.0,16.0,5.252266278444142
2026-01-18 06:00:00,65,16.0,5.0,16.0,0,433.0,996.0,16.0,5.237114763292627
2026-01-18 07:00:00,61,16.0,4.737704918032787,16.0,0,438.0,1023.0,16.0,5.122664247202768
2026-01-18 08:00:00,54,16.0,4.814814814814815,16.0,0,416.0,1043.0,16.0,5.085627210165731
2026-01-18 09:00:00,35,16.0,5.457142857142857,16.0,0,373.0,1038.0,16.0,5.097680781594302
2026-01-18 10:00:00,28,16.0,5.214285714285714,16.0,0,330.0,1037.0,16.0,4.998871257784778
2026-01-18 11:00:00,25,16.0,5.44,16.0,0,268.0,1039.0,16.0,5.0183810617063465
2026-01-18 12:00:00,36,16.0,5.333333333333333,16.0,0,239.0,1047.0,16.0,5.0631341481261
2026-01-18 13:00:00,63,16.0,4.968253968253968,16.0,0,241.0,1084.0,16.0,5.067929121671074
2026-01-18 14:00:00,57,16.0,5.052631578947368,16.0,0,244.0,1107.0,16.0,5.092051928688616
2026-01-18 15:00:00,28,16.0,5.464285714285714,16.0,0,237.0,1109.0,16.0,5.136084285220973
2026-01-18 16:00:00,34,16.0,5.235294117647059,16.0,0,243.0,1113.0,16.0,5.16038696403898
2026-01-18 17:00:00,33,16.0,5.212121212121212,16.0,0,251.0,1110.0,16.0,5.160822352405403
2026-01-18 18:00:00,40,16.0,5.1,16.0,0,255.0,1117.0,16.0,5.169155685738736
2026-01-18 19:00:00,46,16.0,5.217391304347826,16.0,0,238.0,1145.0,16.0,5.209129551264989
2026-01-18 20:00:00,49,16.0,5.122448979591836,16.0,0,230.0,1167.0,16.0,5.234765731663074
2026-01-18 21:00:00,44,16.0,5.204545454545454,16.0,0,246.0,1179.0,16.0,5.213715948113291
2026-01-18 22:00:00,52,16.0,4.8076923076923075,16.0,0,264.0,1206.0,16.0,5.179833164230506
2026-01-18 23:00:00,81,16.0,4.814814814814815,16.0,0,312.0,1253.0,16.0,5.127734398798408
2026-01-19 00:00:00,81,16.0,4.679012345679013,16.0,0,353.0,1280.0,16.0,5.073207649827214
2026-01-19 01:00:00,91,15.0,4.670329670329671,16.0,0,398.0,1315.0,16.0,5.048380625000189
2026-01-19 02:00:00,93,16.0,4.913978494623656,16.0,0,442.0,1332.0,16.0,5.036826201306547
2026-01-19 03:00:00,77,16.0,4.935064935064935,16.0,0,475.0,1331.0,16.0,4.992724469704815
2026-01-19 04:00:00,71,16.0,5.028169014084507,16.0,0,494.0,1331.0,16.0,4.9754640444079365
2026-01-19 05:00:00,81,16.0,4.901234567901234,16.0,0,494.0,1325.0,16.0,4.949556824056271
2026-01-19 06:00:00,46,16.0,4.826086956521739,16.0,0,459.0,1306.0,16.0,4.92673073709975
2026-01-19 07:00:00,38,16.0,5.131578947368421,16.0,0,406.0,1283.0,16.0,4.919579707351466
2026-01-19 08:00:00,41,15.0,4.902439024390244,16.0,0,354.0,1270.0,16.0,4.901245544418
2026-01-19 09:00:00,32,16.0,5.4375,16.0,0,309.0,1267.0,16.0,4.920658423205879
2026-01-19 10:00:00,47,16.0,4.872340425531915,16.0,0,285.0,1286.0,16.0,4.92604576635918
2026-01-19 11:00:00,47,16.0,4.914893617021277,16.0,0,251.0,1308.0,16.0,4.934385666543051
2026-01-19 12:00:00,23,16.0,6.086956521739131,16.0,0,228.0,1295.0,16.0,5.051714347881394
2026-01-19 13:00:00,50,16.0,4.9,16.0,0,240.0,1282.0,16.0,5.070853542020588
2026-01-19 14:00:00,47,16.0,4.957446808510638,16.0,0,246.0,1272.0,16.0,5.07447590151117
2026-01-19 15:00:00,47,16.0,5.148936170212766,16.0,0,261.0,1291.0,16.0,5.092298504440156
2026-01-19 16:00:00,58,16.0,4.810344827586207,16.0,0,272.0,1315.0,16.0,5.074146488898632
2026-01-19 17:00:00,44,16.0,5.090909090909091,16.0,0,269.0,1326.0,16.0,5.089952699149285
2026-01-19 18:00:00,57,16.0,4.894736842105263,16.0,0,303.0,1343.0,16.0,5.095673522947913
2026-01-19 19:00:00,53,16.0,5.226415094339623,16.0,0,306.0,1350.0,16.0,5.103576535195513
2026-01-19 20:00:00,84,16.0,4.642857142857143,16.0,0,343.0,1385.0,16.0,5.081944711734421
2026-01-19 21:00:00,62,16.0,4.612903225806452,16.0,0,358.0,1403.0,16.0,5.013228313884959
2026-01-19 22:00:00,66,16.0,4.818181818181818,16.0,0,366.0,1417.0,16.0,5.008715096605784
2026-01-19 23:00:00,69,16.0,5.057971014492754,16.0,0,391.0,1405.0,16.0,5.020638213061741
2026-01-20 00:00:00,75,16.0,4.946666666666666,16.0,0,409.0,1399.0,16.0,4.925614058472369
2026-01-20 01:00:00,87,16.0,4.747126436781609,16.0,0,443.0,1395.0,16.0,4.9128745948708366
2026-01-20 02:00:00,79,16.0,5.10126582278481,16.0,0,438.0,1381.0,16.0,4.924859512727017
2026-01-20 03:00:00,81,16.0,4.814814814814815,16.0,0,457.0,1385.0,16.0,4.897016066443855
2026-01-20 04:00:00,78,16.0,4.987179487179487,16.0,0,469.0,1392.0,16.0,4.911752288076627
2026-01-20 05:00:00,73,16.0,4.808219178082192,16.0,0,473.0,1384.0,16.0,4.888194795341053
2026-01-20 06:00:00,45,16.0,5.066666666666666,16.0,0,443.0,1383.0,16.0,4.902522280721169
2026-01-20 07:00:00,48,16.0,4.958333333333333,16.0,0,404.0,1393.0,16.0,4.880182133970645
2026-01-20 08:00:00,93,16.0,4.78494623655914,16.0,0,418.0,1445.0,16.0,4.8920228917791455
2026-01-20 09:00:00,64,16.0,4.609375,16.0,0,401.0,1477.0,16.0,4.891728872961941
2026-01-20 10:00:00,54,16.0,4.814814814814815,16.0,0,377.0,1484.0,16.0,4.891448289348024
2026-01-20 11:00:00,74,15.0,4.851351351351352,16.0,0,378.0,1511.0,16.0,4.874229984086241
2026-01-20 12:00:00,75,15.0,4.706666666666667,16.0,0,408.0,1563.0,16.0,4.854229984086241
2026-01-20 13:00:00,78,16.0,4.628205128205129,16.0,0,438.0,1591.0,16.0,4.8443198750382
2026-01-20 14:00:00,78,16.0,4.666666666666667,16.0,0,423.0,1622.0,16.0,4.808103278695022
2026-01-20 15:00:00,77,16.0,4.8441558441558445,16.0,0,436.0,1652.0,16.0,4.8105483644734415
2026-01-20 16:00:00,89,15.0,5.078651685393258,16.0,0,471.0,1683.0,16.0,4.8181710476579225
2026-01-20 17:00:00,101,16.0,4.752475247524752,16.0,0,498.0,1740.0,16.0,4.8135257201114685
2026-01-20 18:00:00,112,16.0,4.696428571428571,16.0,0,535.0,1795.0,16.0,4.7826725455082935
2026-01-20 19:00:00,116,16.0,4.586206896551724,16.0,0,573.0,1858.0,16.0,4.751662009109826
2026-01-20 20:00:00,133,16.0,4.639097744360902,16.0,0,628.0,1907.0,16.0,4.7395079680933065
2026-01-20 21:00:00,128,16.0,4.75,16.0,0,679.0,1973.0,16.0,4.7512267180933065
2026-01-20 22:00:00,117,16.0,4.803418803418803,16.0,0,707.0,2024.0,16.0,4.7502770504769725
2026-01-20 23:00:00,131,15.0,4.732824427480916,16.0,0,737.0,2086.0,16.0,4.740399806821103
2026-01-21 00:00:00,139,15.0,4.784172661870503,16.0,0,764.0,2150.0,16.0,4.746858639754756
2026-01-21 01:00:00,137,15.0,4.700729927007299,16.0,0,785.0,2200.0,16.0,4.75290237298827
2026-01-21 02:00:00,118,16.0,4.694915254237288,16.0,0,770.0,2239.0,16.0,4.755256421952488
2026-01-21 03:00:00,148,16.0,4.662162162162162,16.0,0,790.0,2306.0,16.0,4.740090281786348
2026-01-21 04:00:00,128,16.0,4.671875,16.0,0,801.0,2356.0,16.0,4.706192224670243
2026-01-21 05:00:00,142,16.0,4.697183098591549,16.0,0,812.0,2425.0,16.0,4.7015845455924765
2026-01-21 06:00:00,86,16.0,4.848837209302325,16.0,0,759.0,2466.0,16.0,4.714285265415289
2026-01-21 07:00:00,81,15.0,4.666666666666667,16.0,0,703.0,2499.0,16.0,4.720990246258201
2026-01-21 08:00:00,80,15.0,4.625,16.0,0,665.0,2486.0,16.0,4.719815434228127
2026-01-21 09:00:00,67,16.0,4.656716417910448,16.0,0,584.0,2489.0,16.0,4.71204180238733
2026-01-21 10:00:00,80,15.0,4.7375,16.0,0,536.0,2515.0,16.0,4.706548568769096
2026-01-21 11:00:00,75,15.0,4.666666666666667,16.0,0,469.0,2516.0,16.0,4.701035422034576
2026-01-21 12:00:00,66,16.0,4.666666666666667,16.0,0,449.0,2507.0,16.0,4.691243255767589
2026-01-21 13:00:00,66,16.0,4.606060606060606,16.0,0,434.0,2495.0,16.0,4.683354145688699
2026-01-21 14:00:00,63,16.0,4.73015873015873,16.0,0,417.0,2480.0,16.0,4.686291102015486
2026-01-21 15:00:00,55,15.0,4.672727272727273,16.0,0,405.0,2458.0,16.0,4.68717152789591
2026-01-21 16:00:00,46,16.0,5.043478260869565,16.0,0,371.0,2415.0,16.0,4.718138466301708
2026-01-21 17:00:00,59,15.0,4.830508474576271,16.0,0,355.0,2373.0,16.0,4.7292489143004355
2026-01-21 18:00:00,59,16.0,4.915254237288136,16.0,0,348.0,2320.0,16.0,4.734783666632586
2026-01-21 19:00:00,64,16.0,4.75,16.0,0,346.0,2268.0,16.0,4.7417281110770295
2026-01-21 20:00:00,69,15.0,4.797101449275362,16.0,0,352.0,2204.0,16.0,4.756069898516643
2026-01-21 21:00:00,70,15.0,4.828571428571428,16.0,0,367.0,2146.0,16.0,4.770391149405059
2026-01-21 22:00:00,65,15.0,5.061538461538461,16.0,0,386.0,2094.0,16.0,4.797394354533265
2026-01-21 23:00:00,67,16.0,5.1940298507462686,16.0,0,394.0,2030.0,16.0,4.8413412865398975
2026-01-22 00:00:00,58,16.0,5.224137931034483,16.0,0,393.0,1949.0,16.0,4.8877972252372155
2026-01-22 01:00:00,71,15.0,4.732394366197183,16.0,0,400.0,1883.0,16.0,4.8983250385819295
2026-01-22 02:00:00,71,16.0,4.788732394366197,16.0,0,402.0,1836.0,16.0,4.9032061772658855
2026-01-22 03:00:00,78,15.0,4.884615384615385,16.0,0,410.0,1766.0,16.0,4.920863519923229
2026-01-22 04:00:00,69,15.0,4.898550724637682,16.0,0,414.0,1707.0,16.0,4.908786225237238
2026-01-22 05:00:00,62,16.0,5.080645161290323,16.0,0,409.0,1627.0,16.0,4.929630949130075
2026-01-22 06:00:00,49,15.0,4.877551020408164,16.0,0,400.0,1590.0,16.0,4.926489014390079
2026-01-22 07:00:00,31,15.0,4.935483870967742,16.0,0,360.0,1540.0,16.0,4.94194600363739
2026-01-22 08:00:00,33,16.0,5.515151515151516,16.0,0,322.0,1493.0,16.0,5.001783509127069
2026-01-22 09:00:00,22,16.0,6.363636363636363,16.0,0,266.0,1448.0,16.0,5.1297055870491475
2026-01-22 10:00:00,17,16.0,6.176470588235294,16.0,0,214.0,1385.0,16.0,5.2226165976072165
2026-01-22 11:00:00,23,15.0,5.6521739130434785,16.0,0,175.0,1333.0,16.0,5.2607952694653175
2026-01-22 12:00:00,31,16.0,5.419354838709677,16.0,0,157.0,1298.0,16.0,5.277063345104916
2026-01-22 13:00:00,45,15.0,5.044444444444444,16.0,0,171.0,1277.0,16.0,5.303067518292189
2026-01-22 14:00:00,35,15.0,5.057142857142857,16.0,0,173.0,1249.0,16.0,5.32543505685691
2026-01-22 15:00:00,18,16.0,6.0,16.0,0,169.0,1212.0,16.0,5.418383774805629
2026-01-22 16:00:00,12,15.0,6.25,16.0,0,164.0,1178.0,16.0,5.531004547752488
2026-01-22 17:00:00,9,15.0,7.888888888888889,16.0,0,150.0,1128.0,16.0,5.765024858385702
2026-01-22 18:00:00,11,16.0,6.545454545454546,16.0,0,130.0,1080.0,16.0,5.904016818806234
2026-01-22 19:00:00,10,16.0,7.5,16.0,0,95.0,1026.0,16.0,6.117726496225589
2026-01-22 20:00:00,22,15.0,5.2727272727272725,16.0,0,82.0,979.0,16.0,6.097524476023569
2026-01-22 21:00:00,21,15.0,5.476190476190476,16.0,0,85.0,930.0,16.0,6.023570652069744
2026-01-22 22:00:00,31,16.0,5.193548387096774,16.0,0,104.0,896.0,16.0,5.941660468641534
2026-01-22 23:00:00,33,16.0,5.2727272727272725,16.0,0,128.0,862.0,16.0,5.910039915281851
2026-01-23 00:00:00,40,16.0,5.35,16.0,0,157.0,844.0,16.0,5.904260345389378
2026-01-23 01:00:00,56,16.0,4.767857142857143,16.0,0,203.0,829.0,16.0,5.881211403590435
2026-01-23 02:00:00,76,15.0,4.907894736842105,16.0,0,257.0,834.0,16.0,5.868774060232041
2026-01-23 03:00:00,80,16.0,5.2125,16.0,0,316.0,836.0,16.0,5.80314906023204
2026-01-23 04:00:00,76,16.0,4.631578947368421,16.0,0,361.0,843.0,16.0,5.668280639179408
2026-01-23 05:00:00,77,15.0,4.766233766233766,16.0,0,405.0,858.0,16.0,5.408059378958147
2026-01-23 06:00:00,35,16.0,5.3428571428571425,16.0,0,400.0,844.0,16.0,5.307842928741698
2026-01-23 07:00:00,14,16.0,6.857142857142857,16.0,0,358.0,827.0,16.0,5.254271500170269
2026-01-23 08:00:00,17,16.0,6.0,16.0,0,299.0,811.0,16.0,5.31487756077633
2026-01-23 09:00:00,18,16.0,6.166666666666667,16.0,0,237.0,807.0,16.0,5.372417243316012
2026-01-23 10:00:00,15,16.0,6.4,16.0,0,176.0,805.0,16.0,5.472954877724614
2026-01-23 11:00:00,10,16.0,7.6,16.0,0,109.0,792.0,16.0,5.666894271664009
2026-01-23 12:00:00,19,16.0,5.684210526315789,16.0,0,93.0,780.0,16.0,5.694745148856991
2026-01-23 13:00:00,17,16.0,6.294117647058823,16.0,0,96.0,752.0,16.0,5.8219335242071315
2026-01-23 14:00:00,26,16.0,5.769230769230769,16.0,0,105.0,743.0,16.0,5.893711526906185
2026-01-23 15:00:00,29,16.0,5.379310344827586,16.0,0,116.0,754.0,16.0,5.907612388975152
2026-01-23 16:00:00,43,16.0,4.837209302325581,16.0,0,144.0,785.0,16.0,5.924748251888249
2026-01-23 17:00:00,21,16.0,5.809523809523809,16.0,0,155.0,797.0,16.0,6.011689088829086
2026-01-23 18:00:00,19,16.0,5.7894736842105265,16.0,0,155.0,805.0,16.0,6.048907133941867
2026-01-23 19:00:00,23,16.0,6.130434782608695,16.0,0,161.0,818.0,16.0,5.988348127730688
2026-01-23 20:00:00,47,16.0,5.0,16.0,0,182.0,843.0,16.0,5.905014794397354
2026-01-23 21:00:00,66,15.0,5.03030303030303,16.0,0,219.0,888.0,16.0,5.810317824700384
2026-01-23 22:00:00,81,16.0,4.728395061728395,16.0,0,257.0,938.0,16.0,5.671017413177751
2026-01-23 23:00:00,70,16.0,4.9,16.0,0,306.0,975.0,16.0,5.44601741317775
2026-01-24 00:00:00,102,16.0,4.754901960784314,16.0,0,389.0,1037.0,16.0,5.3685750327167945
2026-01-24 01:00:00,89,16.0,4.808988764044944,16.0,0,455.0,1070.0,16.0,5.244814292465638
2026-01-24 02:00:00,130,16.0,4.6692307692307695,16.0,0,538.0,1124.0,16.0,5.153147625798971
2026-01-24 03:00:00,103,16.0,4.980582524271845,16.0,0,575.0,1147.0,16.0,5.119920307419325
2026-01-24 04:00:00,107,16.0,4.822429906542056,16.0,0,601.0,1178.0,16.0,5.118688691104032
2026-01-24 05:00:00,99,16.0,4.636363636363637,16.0,0,630.0,1200.0,16.0,5.020925343340685
2026-01-24 06:00:00,80,16.0,5.0375,16.0,0,608.0,1245.0,16.0,4.958260869656474
2026-01-24 07:00:00,59,16.0,4.813559322033898,16.0,0,578.0,1290.0,16.0,4.848521247941908
2026-01-24 08:00:00,75,16.0,4.8,16.0,0,523.0,1348.0,16.0,4.83185458127524
2026-01-24 09:00:00,51,16.0,4.862745098039215,16.0,0,471.0,1381.0,16.0,4.817891420253257
2026-01-24 10:00:00,60,16.0,4.766666666666667,16.0,0,424.0,1426.0,16.0,4.821080720664779
2026-01-24 11:00:00,76,16.0,4.934210526315789,16.0,0,401.0,1492.0,16.0,4.823931597857761
2026-01-24 12:00:00,72,16.0,4.736111111111111,16.0,0,393.0,1545.0,16.0,4.822365693718328
2026-01-24 13:00:00,77,16.0,4.857142857142857,16.0,0,411.0,1605.0,16.0,4.8263785348098205
2026-01-24 14:00:00,88,16.0,4.681818181818182,16.0,0,424.0,1667.0,16.0,4.827427485858771
2026-01-24 15:00:00,77,16.0,4.714285714285714,16.0,0,450.0,1715.0,16.0,4.805236085026594
2026-01-24 16:00:00,74,16.0,4.918918918918919,16.0,0,464.0,1746.0,16.0,4.813276836057999
2026-01-24 17:00:00,71,16.0,4.774647887323944,16.0,0,459.0,1796.0,16.0,4.824800523638024
2026-01-24 18:00:00,56,16.0,4.946428571428571,16.0,0,443.0,1833.0,16.0,4.817211237923739
2026-01-24 19:00:00,65,16.0,5.030769230769231,16.0,0,431.0,1875.0,16.0,4.835312063651683
2026-01-24 20:00:00,63,16.0,4.904761904761905,16.0,0,406.0,1891.0,16.0,4.844042222381842
2026-01-24 21:00:00,61,16.0,4.688524590163935,16.0,0,390.0,1886.0,16.0,4.829523846725569
2026-01-24 22:00:00,80,16.0,4.7375,16.0,0,396.0,1885.0,16.0,4.827093291170013
2026-01-24 23:00:00,97,16.0,4.896907216494846,16.0,0,422.0,1912.0,16.0,4.823984682018268
2026-01-25 00:00:00,111,16.0,4.5675675675675675,16.0,0,477.0,1921.0,16.0,4.809939386722973
2026-01-25 01:00:00,109,15.0,4.7889908256880735,16.0,0,521.0,1941.0,16.0,4.8042600507684075
2026-01-25 02:00:00,102,16.0,4.7745098039215685,16.0,0,560.0,1913.0,16.0,4.811984352610357
2026-01-25 03:00:00,125,16.0,4.688,16.0,0,624.0,1935.0,16.0,4.80979387641988
2026-01-25 04:00:00,128,15.0,4.5390625,16.0,0,672.0,1956.0,16.0,4.778139174843303
2026-01-25 05:00:00,150,16.0,4.8533333333333335,16.0,0,725.0,2007.0,16.0,4.784696295344086
2026-01-25 06:00:00,144,16.0,4.958333333333333,16.0,0,758.0,2071.0,16.0,4.78568835883615
2026-01-25 07:00:00,118,16.0,4.88135593220339,16.0,0,767.0,2130.0,16.0,4.773237250622329
2026-01-25 08:00:00,80,16.0,4.6875,16.0,0,745.0,2135.0,16.0,4.755132091892171
2026-01-25 09:00:00,90,16.0,4.877777777777778,16.0,0,710.0,2174.0,16.0,4.770903190859991
2026-01-25 10:00:00,98,16.0,4.755102040816326,16.0,0,680.0,2212.0,16.0,4.772370027594685
2026-01-25 11:00:00,87,16.0,4.540229885057471,16.0,0,617.0,2223.0,16.0,4.74264691664157
2026-01-25 12:00:00,71,16.0,5.014084507042254,16.0,0,544.0,2222.0,16.0,4.779856661597794
2026-01-25 13:00:00,95,16.0,4.621052631578947,16.0,0,521.0,2240.0,16.0,4.7658618120887
2026-01-25 14:00:00,69,16.0,5.159420289855072,16.0,0,510.0,2221.0,16.0,4.797937685916492
2026-01-25 15:00:00,54,16.0,5.074074074074074,16.0,0,474.0,2198.0,16.0,4.830110525422666
2026-01-25 16:00:00,50,16.0,4.98,16.0,0,426.0,2174.0,16.0,4.866855317089332
2026-01-25 17:00:00,74,16.0,4.662162162162162,16.0,0,413.0,2177.0,16.0,4.8509243861584
2026-01-25 18:00:00,70,16.0,4.714285714285714,16.0,0,412.0,2191.0,16.0,4.830587084571099
2026-01-25 19:00:00,70,16.0,4.628571428571429,16.0,0,387.0,2196.0,16.0,4.809521709268435
2026-01-25 20:00:00,103,16.0,4.601941747572815,16.0,0,421.0,2236.0,16.0,4.802391854899503
2026-01-25 21:00:00,84,16.0,4.75,16.0,0,451.0,2259.0,16.0,4.7917437067513555
2026-01-25 22:00:00,86,16.0,4.709302325581396,16.0,0,487.0,2265.0,16.0,4.787927063815111
2026-01-25 23:00:00,84,16.0,4.666666666666667,16.0,0,497.0,2252.0,16.0,4.798463462282545
2026-01-26 00:00:00,104,16.0,4.923076923076923,16.0,0,531.0,2245.0,16.0,4.7908794969521
2026-01-26 01:00:00,110,16.0,4.7,16.0,0,571.0,2246.0,16.0,4.7974584443205215
2026-01-26 02:00:00,86,16.0,4.837209302325581,16.0,0,554.0,2230.0,16.0,4.770607528693064
2026-01-26 03:00:00,77,16.0,4.818181818181818,16.0,0,547.0,2182.0,16.0,4.749283174035376
2026-01-26 04:00:00,104,16.0,4.576923076923077,16.0,0,565.0,2158.0,16.0,4.715693430445632
2026-01-26 05:00:00,58,16.0,5.017241379310345,16.0,0,539.0,2066.0,16.0,4.745283365207981
2026-01-26 06:00:00,48,16.0,5.0,16.0,0,483.0,1970.0,16.0,4.769092889017505
2026-01-26 07:00:00,76,16.0,4.671052631578948,16.0,0,449.0,1928.0,16.0,4.772632989268131
2026-01-26 08:00:00,73,16.0,4.616438356164384,16.0,0,436.0,1921.0,16.0,4.773841039984095
2026-01-26 09:00:00,57,15.0,4.754385964912281,16.0,0,416.0,1888.0,16.0,4.7742065370601185
2026-01-26 10:00:00,64,16.0,4.671875,16.0,0,376.0,1854.0,16.0,4.771087593261669
2026-01-26 11:00:00,81,15.0,4.691358024691358,16.0,0,399.0,1848.0,16.0,4.773145206430393
2026-01-26 12:00:00,72,16.0,4.5,16.0,0,423.0,1849.0,16.0,4.737888796173983
2026-01-26 13:00:00,72,15.0,4.555555555555555,16.0,0,419.0,1826.0,16.0,4.725851759136945
2026-01-26 14:00:00,89,15.0,4.797752808988764,16.0,0,435.0,1846.0,16.0,4.722563718025545
2026-01-26 15:00:00,75,16.0,4.706666666666667,16.0,0,453.0,1867.0,16.0,4.713270788732615
2026-01-26 16:00:00,71,15.0,4.901408450704225,16.0,0,460.0,1888.0,16.0,4.7403112365477105
2026-01-26 17:00:00,73,16.0,4.767123287671233,16.0,0,452.0,1887.0,16.0,4.719468062244451
2026-01-26 18:00:00,83,16.0,4.686746987951807,16.0,0,463.0,1900.0,16.0,4.693363644573768
2026-01-26 19:00:00,99,16.0,5.03030303030303,16.0,0,490.0,1929.0,16.0,4.723301177800775
2026-01-26 20:00:00,109,16.0,4.73394495412844,16.0,0,510.0,1935.0,16.0,4.7330933942977795
2026-01-26 21:00:00,100,16.0,4.76,16.0,0,535.0,1951.0,16.0,4.7335612305550905
2026-01-26 22:00:00,97,15.0,4.907216494845361,16.0,0,561.0,1962.0,16.0,4.753173021792203
2026-01-26 23:00:00,110,16.0,4.863636363636363,16.0,0,598.0,1988.0,16.0,4.7675295500376205
2026-01-27 00:00:00,110,16.0,4.763636363636364,16.0,0,625.0,1994.0,16.0,4.789499247007317
2026-01-27 01:00:00,110,15.0,4.963636363636364,16.0,0,636.0,1994.0,16.0,4.823505981014052
2026-01-27 02:00:00,115,16.0,4.843478260869565,16.0,0,642.0,2023.0,16.0,4.827316435337452
2026-01-27 03:00:00,126,15.0,4.579365079365079,16.0,0,668.0,2072.0,16.0,4.816707969728986
2026-01-27 04:00:00,98,16.0,4.795918367346939,16.0,0,669.0,2066.0,16.0,4.807917129449213
2026-01-27 05:00:00,107,16.0,4.635514018691588,16.0,0,666.0,2115.0,16.0,4.796949690367575
2026-01-27 06:00:00,67,16.0,4.82089552238806,16.0,0,623.0,2134.0,16.0,4.808128734903929
2026-01-27 07:00:00,56,16.0,5.053571428571429,16.0,0,569.0,2114.0,16.0,4.810067768092963
2026-01-27 08:00:00,50,16.0,4.94,16.0,0,504.0,2091.0,16.0,4.8272390219155925
2026-01-27 09:00:00,51,15.0,4.8431372549019605,16.0,0,429.0,2085.0,16.0,4.8341671264907555
2026-01-27 10:00:00,59,16.0,4.779661016949152,16.0,0,390.0,2080.0,16.0,4.823537503332739
2026-01-27 11:00:00,61,15.0,4.918032786885246,16.0,0,344.0,2060.0,16.0,4.828070538603479
2026-01-27 12:00:00,56,15.0,4.821428571428571,16.0,0,333.0,2044.0,16.0,4.8328865559194965
2026-01-27 13:00:00,79,16.0,4.708860759493671,16.0,0,356.0,2051.0,16.0,4.811655255574272
2026-01-27 14:00:00,80,15.0,4.625,16.0,0,386.0,2042.0,16.0,4.793448733835141
2026-01-27 15:00:00,66,16.0,4.7727272727272725,16.0,0,401.0,2033.0,16.0,4.809562249948658
2026-01-27 16:00:00,71,16.0,4.676056338028169,16.0,0,413.0,2033.0,16.0,4.799573747505426
2026-01-27 17:00:00,67,15.0,4.791044776119403,16.0,0,419.0,2027.0,16.0,4.812534643957744
2026-01-27 18:00:00,80,16.0,5.0,16.0,0,443.0,2024.0,16.0,4.827460017092073
2026-01-27 19:00:00,95,16.0,4.7368421052631575,16.0,0,459.0,2020.0,16.0,4.801065906816384
2026-01-27 20:00:00,120,15.0,4.558333333333334,16.0,0,499.0,2031.0,16.0,4.7692603512608285
2026-01-27 21:00:00,124,16.0,4.846774193548387,16.0,0,557.0,2055.0,16.0,4.769563429481363
2026-01-27 22:00:00,140,15.0,4.742857142857143,16.0,0,626.0,2098.0,16.0,4.766496439973696
2026-01-27 23:00:00,134,15.0,4.858208955223881,16.0,0,693.0,2122.0,16.0,4.761511120668582
2026-01-28 00:00:00,121,16.0,4.785123966942149,16.0,0,734.0,2133.0,16.0,4.75848573696138
2026-01-28 01:00:00,123,16.0,5.008130081300813,16.0,0,762.0,2146.0,16.0,4.783424847111976
2026-01-28 02:00:00,124,16.0,4.758064516129032,16.0,0,766.0,2155.0,16.0,4.794513556789395
2026-01-28 03:00:00,112,16.0,4.732142857142857,16.0,0,754.0,2141.0,16.0,4.79113152215736
2026-01-28 04:00:00,100,16.0,4.69,16.0,0,714.0,2143.0,16.0,4.792293493988346
2026-01-28 05:00:00,108,16.0,4.666666666666667,16.0,0,688.0,2144.0,16.0,4.781928651533952
2026-01-28 06:00:00,93,15.0,4.602150537634409,16.0,0,660.0,2170.0,16.0,4.748774529670152
2026-01-28 07:00:00,52,16.0,4.961538461538462,16.0,0,589.0,2166.0,16.0,4.767499226026428
2026-01-28 08:00:00,60,16.0,4.833333333333333,16.0,0,525.0,2176.0,16.0,4.790415892693095
2026-01-28 09:00:00,62,15.0,4.612903225806452,16.0,0,475.0,2187.0,16.0,4.770926645381266
2026-01-28 10:00:00,81,16.0,4.827160493827161,16.0,0,456.0,2209.0,16.0,4.777951924628768
2026-01-28 11:00:00,94,16.0,4.829787234042553,16.0,0,442.0,2242.0,16.0,4.775583447863657
2026-01-28 12:00:00,78,16.0,4.858974358974359,16.0,0,427.0,2264.0,16.0,4.781737647199674
2026-01-28 13:00:00,76,16.0,4.723684210526316,16.0,0,451.0,2261.0,16.0,4.758033824635134
2026-01-28 14:00:00,73,16.0,4.780821917808219,16.0,0,464.0,2254.0,16.0,4.759930274775066
2026-01-28 15:00:00,78,16.0,4.9743589743589745,16.0,0,480.0,2266.0,16.0,4.780114951209742
2026-01-28 16:00:00,80,16.0,4.7875,16.0,0,479.0,2275.0,16.0,4.788239951209742
2026-01-28 17:00:00,63,16.0,5.111111111111111,16.0,0,448.0,2271.0,16.0,4.825276988246778
2026-01-28 18:00:00,64,16.0,4.84375,16.0,0,434.0,2255.0,16.0,4.845410276777245
2026-01-28 19:00:00,66,16.0,4.954545454545454,16.0,0,424.0,2226.0,16.0,4.844827526194494
2026-01-28 20:00:00,116,16.0,5.051724137931035,16.0,0,467.0,2222.0,16.0,4.863026759910969
2026-01-28 21:00:00,150,15.0,4.753333333333333,16.0,0,539.0,2248.0,16.0,4.874729268871543
2026-01-28 22:00:00,147,16.0,4.775510204081633,16.0,0,606.0,2255.0,16.0,4.870425078059415
2026-01-28 23:00:00,159,16.0,4.773584905660377,16.0,0,702.0,2280.0,16.0,4.865741550694234
2026-01-29 00:00:00,144,16.0,4.770833333333333,16.0,0,782.0,2303.0,16.0,4.858396465224149
2026-01-29 01:00:00,145,15.0,4.924137931034482,16.0,0,861.0,2325.0,16.0,4.875100941933162
2026-01-29 02:00:00,154,16.0,4.805194805194805,16.0,0,899.0,2355.0,16.0,4.877132015882045
2026-01-29 03:00:00,153,16.0,4.777777777777778,16.0,0,902.0,2396.0,16.0,4.860750249500279
2026-01-29 04:00:00,152,16.0,4.953947368421052,16.0,0,907.0,2448.0,16.0,4.874620863535366
2026-01-29 05:00:00,162,15.0,4.839506172839506,16.0,0,910.0,2502.0,16.0,4.851987118679399
2026-01-29 06:00:00,101,15.0,4.7227722772277225,16.0,0,867.0,2510.0,16.0,4.84190564178171
2026-01-29 07:00:00,61,16.0,5.049180327868853,16.0,0,783.0,2519.0,16.0,4.849791881225326
2026-01-29 08:00:00,83,16.0,4.650602409638554,16.0,0,712.0,2542.0,16.0,4.816365070534286
2026-01-29 09:00:00,98,16.0,4.591836734693878,16.0,0,657.0,2578.0,16.0,4.802907020647665
2026-01-29 10:00:00,99,16.0,4.616161616161616,16.0,0,604.0,2596.0,16.0,4.78962797165433
2026-01-29 11:00:00,67,15.0,4.82089552238806,16.0,0,509.0,2569.0,16.0,4.793570523048303
2026-01-29 12:00:00,72,16.0,4.611111111111111,16.0,0,480.0,2563.0,16.0,4.780260337863118
2026-01-29 13:00:00,75,16.0,4.666666666666667,16.0,0,494.0,2562.0,16.0,4.7588043991658004
2026-01-29 14:00:00,90,16.0,4.588888888888889,16.0,0,501.0,2579.0,16.0,4.740778906140307
2026-01-29 15:00:00,67,16.0,4.880597014925373,16.0,0,470.0,2568.0,16.0,4.749347175902607
2026-01-29 16:00:00,66,16.0,4.863636363636363,16.0,0,437.0,2554.0,16.0,4.7418212588372155
2026-01-29 17:00:00,60,16.0,4.9,16.0,0,430.0,2551.0,16.0,4.746862411100591
2026-01-29 18:00:00,83,16.0,4.626506024096385,16.0,0,441.0,2570.0,16.0,4.738840223339646
2026-01-29 19:00:00,83,15.0,4.698795180722891,16.0,0,449.0,2587.0,16.0,4.709641461077482
2026-01-29 20:00:00,108,16.0,4.805555555555555,16.0,0,467.0,2579.0,16.0,4.722554223237232
2026-01-29 21:00:00,167,16.0,4.658682634730539,16.0,0,567.0,2596.0,16.0,4.728124714906954
2026-01-29 22:00:00,152,16.0,4.907894736842105,16.0,0,653.0,2601.0,16.0,4.752435808296995
2026-01-29 23:00:00,168,15.0,4.803571428571429,16.0,0,761.0,2610.0,16.0,4.750992133812276
2026-01-30 00:00:00,164,15.0,4.878048780487805,16.0,0,842.0,2630.0,16.0,4.773236939593667
2026-01-30 01:00:00,164,16.0,4.841463414634147,16.0,0,923.0,2649.0,16.0,4.787803335257624
2026-01-30 02:00:00,183,15.0,4.819672131147541,16.0,0,998.0,2678.0,16.0,4.807035272112511
2026-01-30 03:00:00,182,14.0,4.829670329670329,16.0,0,1013.0,2707.0,16.0,4.802791381674591
2026-01-30 04:00:00,169,16.0,4.893491124260355,16.0,0,1030.0,2724.0,16.0,4.8052792783932565
2026-01-30 05:00:00,181,15.0,4.900552486187845,16.0,0,1043.0,2743.0,16.0,4.805325318908911
2026-01-30 06:00:00,117,15.0,4.811965811965812,17.0,0,996.0,2759.0,16.0,4.8207803012313635
2026-01-30 07:00:00,146,16.0,4.63013698630137,17.0,0,978.0,2844.0,16.0,4.815058785029569
2026-01-30 08:00:00,114,15.0,4.649122807017544,17.0,0,909.0,2875.0,16.0,4.802022722651402
2026-01-30 09:00:00,68,15.0,4.897058823529412,17.0,0,795.0,2845.0,16.0,4.821887405051307
2026-01-30 10:00:00,69,16.0,4.768115942028985,17.0,0,695.0,2815.0,16.0,4.810239172150214
2026-01-30 11:00:00,69,15.0,4.840579710144928,17.0,0,583.0,2817.0,16.0,4.8133231956146725
2026-01-30 12:00:00,80,16.0,5.5625,17.0,0,546.0,2825.0,16.0,4.870360797240688
2026-01-30 13:00:00,78,16.0,4.8076923076923075,17.0,0,478.0,2828.0,16.0,4.867546538328869
2026-01-30 14:00:00,72,16.0,4.722222222222222,17.0,0,436.0,2810.0,16.0,4.859425712585092
2026-01-30 15:00:00,71,16.0,4.802816901408451,17.0,0,439.0,2814.0,16.0,4.857187926896603
2026-01-30 16:00:00,66,16.0,5.015151515151516,17.0,0,436.0,2814.0,16.0,4.8673262928042
2026-01-30 17:00:00,54,16.0,5.018518518518518,17.0,0,421.0,2808.0,16.0,4.877156795498422
2026-01-30 18:00:00,52,16.0,5.153846153846154,17.0,0,393.0,2777.0,16.0,4.905646823988451
2026-01-30 19:00:00,57,16.0,4.771929824561403,17.0,0,372.0,2751.0,16.0,4.917462893843454
2026-01-30 20:00:00,71,16.0,4.788732394366197,17.0,0,371.0,2714.0,16.0,4.929097026122508
2026-01-30 21:00:00,78,16.0,4.910256410256411,17.0,0,378.0,2625.0,16.0,4.9301968250164245
2026-01-30 22:00:00,70,16.0,4.728571428571429,17.0,0,382.0,2543.0,16.0,4.926901448894961
2026-01-30 23:00:00,40,15.0,4.575,17.0,0,368.0,2415.0,16.0,4.904769806382884
2026-01-31 00:00:00,125,16.0,5.24,17.0,0,441.0,2376.0,16.0,4.877894806382884
2026-01-31 01:00:00,164,16.0,4.859756097560975,17.0,0,548.0,2376.0,16.0,4.882233455538606
2026-01-31 02:00:00,160,16.0,5.0125,17.0,0,637.0,2353.0,16.0,4.906423270353421
2026-01-31 03:00:00,172,16.0,5.040697674418604,17.0,0,731.0,2343.0,16.0,4.926246668104267
2026-01-31 04:00:00,174,16.0,5.051724137931035,17.0,0,835.0,2348.0,16.0,4.929294386669227
2026-01-31 05:00:00,169,16.0,4.899408284023669,17.0,0,964.0,2336.0,16.0,4.919368533794656
2026-01-31 06:00:00,169,17.0,4.93491124260355,17.0,0,1008.0,2388.0,17.0,4.901123957857773
2026-01-31 07:00:00,165,17.0,4.957575757575758,17.0,0,1009.0,2407.0,17.0,4.9165944522756355
2026-01-31 08:00:00,177,17.0,4.994350282485875,17.0,0,1026.0,2470.0,17.0,4.933729276285609
2026-01-31 09:00:00,163,16.0,4.846625766871166,17.0,0,1017.0,2565.0,17.0,4.928426722670172
2026-01-31 10:00:00,105,16.0,4.79047619047619,17.0,0,948.0,2601.0,17.0,4.933585452828901
2026-01-31 11:00:00,167,17.0,4.790419161676646,17.0,0,946.0,2699.0,17.0,4.951537049635289
2026-01-31 12:00:00,190,17.0,4.821052631578947,17.0,0,967.0,2809.0,17.0,4.916624768933535
2026-01-31 13:00:00,177,17.0,4.8192090395480225,16.0,0,979.0,2908.0,17.0,4.913245847432456
2026-01-31 14:00:00,156,16.0,4.897435897435898,16.0,0,958.0,2992.0,17.0,4.90365717221878
2026-01-31 15:00:00,106,16.0,5.0,16.0,0,901.0,3027.0,17.0,4.900265699350563
2026-01-31 16:00:00,93,16.0,4.913978494623656,16.0,0,889.0,3054.0,17.0,4.888786895741615
2026-01-31 17:00:00,98,16.0,4.724489795918367,16.0,0,820.0,3098.0,17.0,4.874210355066173
2026-01-31 18:00:00,112,16.0,4.875,16.0,0,742.0,3158.0,17.0,4.869217751515877
2026-01-31 19:00:00,91,16.0,4.824175824175824,16.0,0,656.0,3192.0,17.0,4.858101090399216
2026-01-31 20:00:00,106,16.0,4.8584905660377355,16.0,0,606.0,3227.0,17.0,4.846779447361871
2026-01-31 21:00:00,109,16.0,4.779816513761468,16.0,0,609.0,3258.0,17.0,4.84121200960273
2026-01-31 22:00:00,108,16.0,4.87962962962963,16.0,0,624.0,3296.0,17.0,4.848641462865516
2026-01-31 23:00:00,86,16.0,4.674418604651163,0.0,0,612.0,3342.0,17.0,4.838974749780059
2026-02-01 00:00:00,0,0.0,0.0,0.0,0,500.0,3217.0,17.0,4.437220363815147
2026-02-01 01:00:00,0,0.0,0.0,0.0,0,409.0,3053.0,16.0,4.035619610519478
2026-02-01 02:00:00,0,0.0,0.0,0.0,0,303.0,2893.0,16.0,3.62749995239982
2026-02-01 03:00:00,0,0.0,0.0,0.0,0,194.0,2721.0,16.0,3.2108332857331536
2026-02-01 04:00:00,0,0.0,0.0,0.0,0,86.0,2547.0,16.0,2.801335077847849
2026-02-01 05:00:00,0,0.0,0.0,0.0,0,0.0,2378.0,16.0,2.407627594854652
2026-02-01 06:00:00,0,0.0,0.0,0.0,0,0.0,2209.0,16.0,2.001377594854652
2026-02-01 07:00:00,0,0.0,0.0,0.0,0,0.0,2044.0,16.0,1.5993629428399998
2026-02-01 08:00:00,0,0.0,0.0,0.0,0,0.0,1867.0,16.0,1.1944887290035218
2026-02-01 09:00:00,0,0.0,0.0,0.0,0,0.0,1704.0,16.0,0.796170686190066
2026-02-01 10:00:00,0,0.0,0.0,0.0,0,0.0,1599.0,16.0,0.38953488372093026
2026-02-01 11:00:00,0,0.0,0.0,0.0,0,0.0,1432.0,0.0,0.0
2026-02-01 12:00:00,0,0.0,0.0,0.0,0,0.0,1242.0,0.0,0.0
2026-02-01 13:00:00,0,0.0,0.0,0.0,0,0.0,1065.0,0.0,0.0
2026-02-01 14:00:00,0,0.0,0.0,0.0,0,0.0,909.0,0.0,0.0
2026-02-01 15:00:00,0,0.0,0.0,0.0,0,0.0,803.0,0.0,0.0
2026-02-01 16:00:00,0,0.0,0.0,0.0,0,0.0,710.0,0.0,0.0
2026-02-01 17:00:00,0,0.0,0.0,0.0,0,0.0,612.0,0.0,0.0
2026-02-01 18:00:00,0,0.0,0.0,0.0,0,0.0,500.0,0.0,0.0
2026-02-01 19:00:00,0,0.0,0.0,0.0,0,0.0,409.0,0.0,0.0
2026-02-01 20:00:00,0,0.0,0.0,0.0,0,0.0,303.0,0.0,0.0
2026-02-01 21:00:00,0,0.0,0.0,0.0,0,0.0,194.0,0.0,0.0
2026-02-01 22:00:00,0,0.0,0.0,0.0,0,0.0,86.0,0.0,0.0
2026-02-01 23:00:00,0,0.0,0.0,0.0,0,0.0,0.0,0.0,0.0
2026-02-02 00:00:00,0,0.0,0.0,0.0,0,0.0,0.0,0.0,0.0
2026-02-02 01:00:00,0,0.0,0.0,0.0,0,0.0,0.0,0.0,0.0
2026-02-02 02:00:00,0,0.0,0.0,0.0,0,0.0,0.0,0.0,0.0
2026-02-02 03:00:00,0,0.0,0.0,0.0,0,0.0,0.0,0.0,0.0
2026-02-02 04:00:00,0,0.0,0.0,0.0,0,0.0,0.0,0.0,0.0
2026-02-02 05:00:00,0,0.0,0.0,0.0,0,0.0,0.0,0.0,0.0
2026-02-02 06:00:00,0,0.0,0.0,0.0,0,0.0,0.0,0.0,0.0
2026-02-02 07:00:00,0,0.0,0.0,0.0,0,0.0,0.0,0.0,0.0
2026-02-02 08:00:00,0,0.0,0.0,0.0,0,0.0,0.0,0.0,0.0
2026-02-02 09:00:00,0,0.0,0.0,0.0,0,0.0,0.0,0.0,0.0
2026-02-02 10:00:00,0,0.0,0.0,0.0,0,0.0,0.0,0.0,0.0
2026-02-02 11:00:00,0,0.0,0.0,0.0,0,0.0,0.0,0.0,0.0
2026-02-02 12:00:00,0,0.0,0.0,0.0,0,0.0,0.0,0.0,0.0
2026-02-02 13:00:00,0,0.0,0.0,0.0,0,0.0,0.0,0.0,0.0
2026-02-02 14:00:00,0,0.0,0.0,0.0,0,0.0,0.0,0.0,0.0
2026-02-02 15:00:00,0,0.0,0.0,0.0,0,0.0,0.0,0.0,0.0
2026-02-02 16:00:00,0,0.0,0.0,0.0,0,0.0,0.0,0.0,0.0
2026-02-02 17:00:00,0,0.0,0.0,0.0,0,0.0,0.0,0.0,0.0
2026-02-02 18:00:00,0,0.0,0.0,0.0,0,0.0,0.0,0.0,0.0
2026-02-02 19:00:00,0,0.0,0.0,0.0,0,0.0,0.0,0.0,0.0
2026-02-02 20:00:00,0,0.0,0.0,0.0,0,0.0,0.0,0.0,0.0
2026-02-02 21:00:00,0,0.0,0.0,0.0,0,0.0,0.0,0.0,0.0
2026-02-02 22:00:00,0,0.0,0.0,0.0,0,0.0,0.0,0.0,0.0
2026-02-02 23:00:00,0,0.0,0.0,0.0,0,0.0,0.0,0.0,0.0
2026-02-03 00:00:00,0,0.0,0.0,0.0,0,0.0,0.0,0.0,0.0
2026-02-03 01:00:00,0,0.0,0.0,0.0,0,0.0,0.0,0.0,0.0
2026-02-03 02:00:00,0,0.0,0.0,0.0,0,0.0,0.0,0.0,0.0
2026-02-03 03:00:00,0,0.0,0.0,0.0,0,0.0,0.0,0.0,0.0
2026-02-03 04:00:00,0,0.0,0.0,0.0,0,0.0,0.0,0.0,0.0
2026-02-03 05:00:00,0,0.0,0.0,0.0,0,0.0,0.0,0.0,0.0
2026-02-03 06:00:00,0,0.0,0.0,0.0,0,0.0,0.0,0.0,0.0
2026-02-03 07:00:00,0,0.0,0.0,0.0,0,0.0,0.0,0.0,0.0
2026-02-03 08:00:00,0,0.0,0.0,0.0,0,0.0,0.0,0.0,0.0
2026-02-03 09:00:00,0,0.0,0.0,0.0,0,0.0,0.0,0.0,0.0
2026-02-03 10:00:00,0,0.0,0.0,0.0,0,0.0,0.0,0.0,0.0
2026-02-03 11:00:00,0,0.0,0.0,0.0,0,0.0,0.0,0.0,0.0
2026-02-03 12:00:00,0,0.0,0.0,0.0,0,0.0,0.0,0.0,0.0
2026-02-03 13:00:00,0,0.0,0.0,0.0,0,0.0,0.0,0.0,0.0
2026-02-03 14:00:00,0,0.0,0.0,0.0,0,0.0,0.0,0.0,0.0
2026-02-03 15:00:00,0,0.0,0.0,0.0,0,0.0,0.0,0.0,0.0
2026-02-03 16:00:00,0,0.0,0.0,0.0,0,0.0,0.0,0.0,0.0
2026-02-03 17:00:00,0,0.0,0.0,0.0,0,0.0,0.0,0.0,0.0
2026-02-03 18:00:00,0,0.0,0.0,0.0,0,0.0,0.0,0.0,0.0
2026-02-03 19:00:00,0,0.0,0.0,0.0,0,0.0,0.0,0.0,0.0
2026-02-03 20:00:00,0,0.0,0.0,0.0,0,0.0,0.0,0.0,0.0
2026-02-03 21:00:00,0,0.0,0.0,0.0,0,0.0,0.0,0.0,0.0
2026-02-03 22:00:00,0,0.0,0.0,0.0,0,0.0,0.0,0.0,0.0
2026-02-03 23:00:00,0,0.0,0.0,0.0,0,0.0,0.0,0.0,0.0
2026-02-04 00:00:00,0,0.0,0.0,0.0,0,0.0,0.0,0.0,0.0
2026-02-04 01:00:00,0,0.0,0.0,0.0,0,0.0,0.0,0.0,0.0
2026-02-04 02:00:00,0,0.0,0.0,0.0,0,0.0,0.0,0.0,0.0
2026-02-04 03:00:00,0,0.0,0.0,0.0,0,0.0,0.0,0.0,0.0
2026-02-04 04:00:00,0,0.0,0.0,0.0,0,0.0,0.0,0.0,0.0
2026-02-04 05:00:00,0,0.0,0.0,0.0,0,0.0,0.0,0.0,0.0
2026-02-04 06:00:00,0,0.0,0.0,0.0,0,0.0,0.0,0.0,0.0
2026-02-04 07:00:00,0,0.0,0.0,0.0,0,0.0,0.0,0.0,0.0
2026-02-04 08:00:00,0,0.0,0.0,0.0,0,0.0,0.0,0.0,0.0
2026-02-04 09:00:00,0,0.0,0.0,0.0,0,0.0,0.0,0.0,0.0
2026-02-04 10:00:00,0,0.0,0.0,0.0,0,0.0,0.0,0.0,0.0
2026-02-04 11:00:00,0,0.0,0.0,0.0,0,0.0,0.0,0.0,0.0
2026-02-04 12:00:00,0,0.0,0.0,0.0,0,0.0,0.0,0.0,0.0
2026-02-04 13:00:00,0,0.0,0.0,0.0,0,0.0,0.0,0.0,0.0
2026-02-04 14:00:00,0,0.0,0.0,0.0,0,0.0,0.0,0.0,0.0
2026-02-04 15:00:00,0,0.0,0.0,0.0,0,0.0,0.0,0.0,0.0
2026-02-04 16:00:00,0,0.0,0.0,0.0,0,0.0,0.0,0.0,0.0
2026-02-04 17:00:00,0,0.0,0.0,0.0,0,0.0,0.0,0.0,0.0
2026-02-04 18:00:00,0,0.0,0.0,0.0,0,0.0,0.0,0.0,0.0
2026-02-04 19:00:00,0,0.0,0.0,0.0,0,0.0,0.0,0.0,0.0
2026-02-04 20:00:00,0,0.0,0.0,0.0,0,0.0,0.0,0.0,0.0
2026-02-04 21:00:00,0,0.0,0.0,0.0,0,0.0,0.0,0.0,0.0
2026-02-04 22:00:00,0,0.0,0.0,0.0,0,0.0,0.0,0.0,0.0
2026-02-04 23:00:00,0,0.0,0.0,0.0,0,0.0,0.0,0.0,0.0
2026-02-05 00:00:00,0,0.0,0.0,0.0,0,0.0,0.0,0.0,0.0
2026-02-05 01:00:00,0,0.0,0.0,0.0,0,0.0,0.0,0.0,0.0
2026-02-05 02:00:00,0,0.0,0.0,0.0,0,0.0,0.0,0.0,0.0
2026-02-05 03:00:00,0,0.0,0.0,0.0,0,0.0,0.0,0.0,0.0
2026-02-05 04:00:00,0,0.0,0.0,0.0,0,0.0,0.0,0.0,0.0
2026-02-05 05:00:00,0,0.0,0.0,0.0,0,0.0,0.0,0.0,0.0
2026-02-05 06:00:00,0,0.0,0.0,0.0,0,0.0,0.0,0.0,0.0
2026-02-05 07:00:00,0,0.0,0.0,0.0,0,0.0,0.0,0.0,0.0
2026-02-05 08:00:00,0,0.0,0.0,0.0,0,0.0,0.0,0.0,0.0
2026-02-05 09:00:00,0,0.0,0.0,0.0,0,0.0,0.0,0.0,0.0
2026-02-05 10:00:00,0,0.0,0.0,0.0,0,0.0,0.0,0.0,0.0
2026-02-05 11:00:00,0,0.0,0.0,0.0,0,0.0,0.0,0.0,0.0
2026-02-05 12:00:00,0,0.0,0.0,0.0,0,0.0,0.0,0.0,0.0
2026-02-05 13:00:00,0,0.0,0.0,0.0,0,0.0,0.0,0.0,0.0
2026-02-05 14:00:00,0,0.0,0.0,0.0,0,0.0,0.0,0.0,0.0
2026-02-05 15:00:00,0,0.0,0.0,0.0,0,0.0,0.0,0.0,0.0
2026-02-05 16:00:00,0,0.0,0.0,0.0,0,0.0,0.0,0.0,0.0
2026-02-05 17:00:00,0,0.0,0.0,0.0,0,0.0,0.0,0.0,0.0
2026-02-05 18:00:00,0,0.0,0.0,0.0,0,0.0,0.0,0.0,0.0
2026-02-05 19:00:00,0,0.0,0.0,0.0,0,0.0,0.0,0.0,0.0
2026-02-05 20:00:00,0,0.0,0.0,0.0,0,0.0,0.0,0.0,0.0
2026-02-05 21:00:00,0,0.0,0.0,0.0,0,0.0,0.0,0.0,0.0
2026-02-05 22:00:00,0,0.0,0.0,0.0,0,0.0,0.0,0.0,0.0
2026-02-05 23:00:00,0,0.0,0.0,0.0,0,0.0,0.0,0.0,0.0
2026-02-06 00:00:00,0,0.0,0.0,0.0,0,0.0,0.0,0.0,0.0
2026-02-06 01:00:00,0,0.0,0.0,0.0,0,0.0,0.0,0.0,0.0
2026-02-06 02:00:00,0,0.0,0.0,0.0,0,0.0,0.0,0.0,0.0
2026-02-06 03:00:00,0,0.0,0.0,0.0,0,0.0,0.0,0.0,0.0
2026-02-06 04:00:00,0,0.0,0.0,0.0,0,0.0,0.0,0.0,0.0
2026-02-06 05:00:00,0,0.0,0.0,0.0,0,0.0,0.0,0.0,0.0
2026-02-06 06:00:00,0,0.0,0.0,0.0,0,0.0,0.0,0.0,0.0
2026-02-06 07:00:00,0,0.0,0.0,0.0,0,0.0,0.0,0.0,0.0
2026-02-06 08:00:00,0,0.0,0.0,0.0,0,0.0,0.0,0.0,0.0
2026-02-06 09:00:00,0,0.0,0.0,0.0,0,0.0,0.0,0.0,0.0
2026-02-06 10:00:00,0,0.0,0.0,0.0,0,0.0,0.0,0.0,0.0
2026-02-06 11:00:00,0,0.0,0.0,0.0,0,0.0,0.0,0.0,0.0
2026-02-06 12:00:00,0,0.0,0.0,0.0,0,0.0,0.0,0.0,0.0
2026-02-06 13:00:00,0,0.0,0.0,0.0,0,0.0,0.0,0.0,0.0
2026-02-06 14:00:00,0,0.0,0.0,0.0,0,0.0,0.0,0.0,0.0
2026-02-06 15:00:00,0,0.0,0.0,0.0,0,0.0,0.0,0.0,0.0
2026-02-06 16:00:00,0,0.0,0.0,0.0,0,0.0,0.0,0.0,0.0
2026-02-06 17:00:00,0,0.0,0.0,0.0,0,0.0,0.0,0.0,0.0
2026-02-06 18:00:00,0,0.0,0.0,0.0,0,0.0,0.0,0.0,0.0
2026-02-06 19:00:00,0,0.0,0.0,0.0,0,0.0,0.0,0.0,0.0
2026-02-06 20:00:00,0,0.0,0.0,0.0,0,0.0,0.0,0.0,0.0
2026-02-06 21:00:00,0,0.0,0.0,0.0,0,0.0,0.0,0.0,0.0
2026-02-06 22:00:00,0,0.0,0.0,0.0,0,0.0,0.0,0.0,0.0
2026-02-06 23:00:00,0,0.0,0.0,0.0,0,0.0,0.0,0.0,0.0
2026-02-07 00:00:00,0,0.0,0.0,0.0,0,0.0,0.0,0.0,0.0
2026-02-07 01:00:00,0,0.0,0.0,0.0,0,0.0,0.0,0.0,0.0
2026-02-07 02:00:00,0,0.0,0.0,0.0,0,0.0,0.0,0.0,0.0
2026-02-07 03:00:00,0,0.0,0.0,0.0,0,0.0,0.0,0.0,0.0
2026-02-07 04:00:00,0,0.0,0.0,0.0,0,0.0,0.0,0.0,0.0
2026-02-07 05:00:00,0,0.0,0.0,0.0,0,0.0,0.0,0.0,0.0
2026-02-07 06:00:00,0,0.0,0.0,0.0,0,0.0,0.0,0.0,0.0
2026-02-07 07:00:00,0,0.0,0.0,0.0,0,0.0,0.0,0.0,0.0
2026-02-07 08:00:00,0,0.0,0.0,0.0,0,0.0,0.0,0.0,0.0
2026-02-07 09:00:00,0,0.0,0.0,0.0,0,0.0,0.0,0.0,0.0
2026-02-07 10:00:00,0,0.0,0.0,0.0,0,0.0,0.0,0.0,0.0
2026-02-07 11:00:00,0,0.0,0.0,0.0,0,0.0,0.0,0.0,0.0
2026-02-07 12:00:00,0,0.0,0.0,0.0,0,0.0,0.0,0.0,0.0
2026-02-07 13:00:00,0,0.0,0.0,0.0,0,0.0,0.0,0.0,0.0
2026-02-07 14:00:00,0,0.0,0.0,0.0,0,0.0,0.0,0.0,0.0
2026-02-07 15:00:00,0,0.0,0.0,0.0,0,0.0,0.0,0.0,0.0
2026-02-07 16:00:00,0,0.0,0.0,0.0,0,0.0,0.0,0.0,0.0
2026-02-07 17:00:00,0,0.0,0.0,0.0,0,0.0,0.0,0.0,0.0
2026-02-07 18:00:00,0,0.0,0.0,0.0,0,0.0,0.0,0.0,0.0
2026-02-07 19:00:00,0,0.0,0.0,0.0,0,0.0,0.0,0.0,0.0
2026-02-07 20:00:00,0,0.0,0.0,0.0,0,0.0,0.0,0.0,0.0
2026-02-07 21:00:00,0,0.0,0.0,0.0,0,0.0,0.0,0.0,0.0
2026-02-07 22:00:00,0,0.0,0.0,0.0,0,0.0,0.0,0.0,0.0
2026-02-07 23:00:00,0,0.0,0.0,0.0,0,0.0,0.0,0.0,0.0
2026-02-08 00:00:00,0,0.0,0.0,0.0,0,0.0,0.0,0.0,0.0
2026-02-08 01:00:00,0,0.0,0.0,0.0,0,0.0,0.0,0.0,0.0
2026-02-08 02:00:00,0,0.0,0.0,0.0,0,0.0,0.0,0.0,0.0
2026-02-08 03:00:00,0,0.0,0.0,0.0,0,0.0,0.0,0.0,0.0
2026-02-08 04:00:00,0,0.0,0.0,0.0,0,0.0,0.0,0.0,0.0
2026-02-08 05:00:00,0,0.0,0.0,0.0,0,0.0,0.0,0.0,0.0
2026-02-08 06:00:00,0,0.0,0.0,0.0,0,0.0,0.0,0.0,0.0
2026-02-08 07:00:00,0,0.0,0.0,0.0,0,0.0,0.0,0.0,0.0
2026-02-08 08:00:00,0,0.0,0.0,0.0,0,0.0,0.0,0.0,0.0
2026-02-08 09:00:00,0,0.0,0.0,0.0,0,0.0,0.0,0.0,0.0
2026-02-08 10:00:00,0,0.0,0.0,0.0,0,0.0,0.0,0.0,0.0
2026-02-08 11:00:00,0,0.0,0.0,0.0,0,0.0,0.0,0.0,0.0
2026-02-08 12:00:00,0,0.0,0.0,0.0,0,0.0,0.0,0.0,0.0
2026-02-08 13:00:00,0,0.0,0.0,0.0,0,0.0,0.0,0.0,0.0
2026-02-08 14:00:00,0,0.0,0.0,0.0,0,0.0,0.0,0.0,0.0
2026-02-08 15:00:00,0,0.0,0.0,0.0,0,0.0,0.0,0.0,0.0
2026-02-08 16:00:00,0,0.0,0.0,0.0,0,0.0,0.0,0.0,0.0
2026-02-08 17:00:00,0,0.0,0.0,0.0,0,0.0,0.0,0.0,0.0
2026-02-08 18:00:00,0,0.0,0.0,0.0,0,0.0,0.0,0.0,0.0
2026-02-08 19:00:00,0,0.0,0.0,0.0,0,0.0,0.0,0.0,0.0
2026-02-08 20:00:00,0,0.0,0.0,0.0,0,0.0,0.0,0.0,0.0
2026-02-08 21:00:00,0,0.0,0.0,0.0,0,0.0,0.0,0.0,0.0
2026-02-08 22:00:00,0,0.0,0.0,0.0,0,0.0,0.0,0.0,0.0
2026-02-08 23:00:00,0,0.0,0.0,0.0,0,0.0,0.0,0.0,0.0
2026-02-09 00:00:00,0,0.0,0.0,0.0,0,0.0,0.0,0.0,0.0
2026-02-09 01:00:00,0,0.0,0.0,0.0,0,0.0,0.0,0.0,0.0
2026-02-09 02:00:00,0,0.0,0.0,0.0,0,0.0,0.0,0.0,0.0
2026-02-09 03:00:00,0,0.0,0.0,0.0,0,0.0,0.0,0.0,0.0
2026-02-09 04:00:00,0,0.0,0.0,0.0,0,0.0,0.0,0.0,0.0
2026-02-09 05:00:00,0,0.0,0.0,0.0,0,0.0,0.0,0.0,0.0
2026-02-09 06:00:00,0,0.0,0.0,0.0,0,0.0,0.0,0.0,0.0
2026-02-09 07:00:00,0,0.0,0.0,0.0,0,0.0,0.0,0.0,0.0
2026-02-09 08:00:00,0,0.0,0.0,0.0,0,0.0,0.0,0.0,0.0
2026-02-09 09:00:00,0,0.0,0.0,0.0,0,0.0,0.0,0.0,0.0
2026-02-09 10:00:00,0,0.0,0.0,0.0,0,0.0,0.0,0.0,0.0
2026-02-09 11:00:00,0,0.0,0.0,0.0,0,0.0,0.0,0.0,0.0
2026-02-09 12:00:00,0,0.0,0.0,0.0,0,0.0,0.0,0.0,0.0
2026-02-09 13:00:00,0,0.0,0.0,0.0,0,0.0,0.0,0.0,0.0
2026-02-09 14:00:00,0,0.0,0.0,0.0,0,0.0,0.0,0.0,0.0
2026-02-09 15:00:00,0,0.0,0.0,0.0,0,0.0,0.0,0.0,0.0
2026-02-09 16:00:00,0,0.0,0.0,0.0,0,0.0,0.0,0.0,0.0
2026-02-09 17:00:00,0,0.0,0.0,0.0,0,0.0,0.0,0.0,0.0
2026-02-09 18:00:00,0,0.0,0.0,0.0,0,0.0,0.0,0.0,0.0
2026-02-09 19:00:00,0,0.0,0.0,0.0,0,0.0,0.0,0.0,0.0
2026-02-09 20:00:00,0,0.0,0.0,0.0,0,0.0,0.0,0.0,0.0
2026-02-09 21:00:00,0,0.0,0.0,0.0,0,0.0,0.0,0.0,0.0
2026-02-09 22:00:00,0,0.0,0.0,0.0,0,0.0,0.0,0.0,0.0
2026-02-09 23:00:00,0,0.0,0.0,0.0,0,0.0,0.0,0.0,0.0
2026-02-10 00:00:00,0,0.0,0.0,0.0,0,0.0,0.0,0.0,0.0
2026-02-10 01:00:00,0,0.0,0.0,0.0,0,0.0,0.0,0.0,0.0
2026-02-10 02:00:00,0,0.0,0.0,0.0,0,0.0,0.0,0.0,0.0
2026-02-10 03:00:00,0,0.0,0.0,0.0,0,0.0,0.0,0.0,0.0
2026-02-10 04:00:00,0,0.0,0.0,0.0,0,0.0,0.0,0.0,0.0
2026-02-10 05:00:00,0,0.0,0.0,0.0,0,0.0,0.0,0.0,0.0
2026-02-10 06:00:00,0,0.0,0.0,0.0,0,0.0,0.0,0.0,0.0
2026-02-10 07:00:00,0,0.0,0.0,0.0,0,0.0,0.0,0.0,0.0
2026-02-10 08:00:00,0,0.0,0.0,0.0,0,0.0,0.0,0.0,0.0
2026-02-10 09:00:00,0,0.0,0.0,0.0,0,0.0,0.0,0.0,0.0
2026-02-10 10:00:00,0,0.0,0.0,0.0,0,0.0,0.0,0.0,0.0
2026-02-10 11:00:00,0,0.0,0.0,0.0,0,0.0,0.0,0.0,0.0
2026-02-10 12:00:00,0,0.0,0.0,0.0,0,0.0,0.0,0.0,0.0
2026-02-10 13:00:00,0,0.0,0.0,0.0,0,0.0,0.0,0.0,0.0
2026-02-10 14:00:00,0,0.0,0.0,0.0,0,0.0,0.0,0.0,0.0
2026-02-10 15:00:00,0,0.0,0.0,0.0,0,0.0,0.0,0.0,0.0
2026-02-10 16:00:00,0,0.0,0.0,0.0,0,0.0,0.0,0.0,0.0
2026-02-10 17:00:00,0,0.0,0.0,0.0,0,0.0,0.0,0.0,0.0
2026-02-10 18:00:00,0,0.0,0.0,0.0,0,0.0,0.0,0.0,0.0
2026-02-10 19:00:00,0,0.0,0.0,0.0,0,0.0,0.0,0.0,0.0
2026-02-10 20:00:00,0,0.0,0.0,0.0,0,0.0,0.0,0.0,0.0
2026-02-10 21:00:00,0,0.0,0.0,0.0,0,0.0,0.0,0.0,0.0
2026-02-10 22:00:00,0,0.0,0.0,0.0,0,0.0,0.0,0.0,0.0
2026-02-10 23:00:00,0,0.0,0.0,0.0,0,0.0,0.0,0.0,0.0
2026-02-11 00:00:00,0,0.0,0.0,0.0,0,0.0,0.0,0.0,0.0
2026-02-11 01:00:00,0,0.0,0.0,0.0,0,0.0,0.0,0.0,0.0
2026-02-11 02:00:00,0,0.0,0.0,0.0,0,0.0,0.0,0.0,0.0
2026-02-11 03:00:00,0,0.0,0.0,0.0,0,0.0,0.0,0.0,0.0
2026-02-11 04:00:00,0,0.0,0.0,0.0,0,0.0,0.0,0.0,0.0
2026-02-11 05:00:00,0,0.0,0.0,0.0,0,0.0,0.0,0.0,0.0
2026-02-11 06:00:00,0,0.0,0.0,0.0,0,0.0,0.0,0.0,0.0
2026-02-11 07:00:00,0,0.0,0.0,0.0,0,0.0,0.0,0.0,0.0
2026-02-11 08:00:00,0,0.0,0.0,0.0,0,0.0,0.0,0.0,0.0
2026-02-11 09:00:00,0,0.0,0.0,0.0,0,0.0,0.0,0.0,0.0
2026-02-11 10:00:00,0,0.0,0.0,0.0,0,0.0,0.0,0.0,0.0
2026-02-11 11:00:00,0,0.0,0.0,0.0,0,0.0,0.0,0.0,0.0
2026-02-11 12:00:00,0,0.0,0.0,0.0,0,0.0,0.0,0.0,0.0
2026-02-11 13:00:00,0,0.0,0.0,0.0,0,0.0,0.0,0.0,0.0
2026-02-11 14:00:00,0,0.0,0.0,0.0,0,0.0,0.0,0.0,0.0
2026-02-11 15:00:00,0,0.0,0.0,0.0,0,0.0,0.0,0.0,0.0
2026-02-11 16:00:00,0,0.0,0.0,0.0,0,0.0,0.0,0.0,0.0
2026-02-11 17:00:00,0,0.0,0.0,0.0,0,0.0,0.0,0.0,0.0
2026-02-11 18:00:00,0,0.0,0.0,0.0,0,0.0,0.0,0.0,0.0
2026-02-11 19:00:00,0,0.0,0.0,0.0,0,0.0,0.0,0.0,0.0
2026-02-11 20:00:00,0,0.0,0.0,0.0,0,0.0,0.0,0.0,0.0
2026-02-11 21:00:00,0,0.0,0.0,0.0,0,0.0,0.0,0.0,0.0
2026-02-11 22:00:00,0,0.0,0.0,0.0,0,0.0,0.0,0.0,0.0
2026-02-11 23:00:00,0,0.0,0.0,0.0,0,0.0,0.0,0.0,0.0
2026-02-12 00:00:00,0,0.0,0.0,0.0,0,0.0,0.0,0.0,0.0
2026-02-12 01:00:00,0,0.0,0.0,0.0,0,0.0,0.0,0.0,0.0
2026-02-12 02:00:00,0,0.0,0.0,0.0,0,0.0,0.0,0.0,0.0
2026-02-12 03:00:00,0,0.0,0.0,0.0,0,0.0,0.0,0.0,0.0
2026-02-12 04:00:00,0,0.0,0.0,0.0,0,0.0,0.0,0.0,0.0
2026-02-12 05:00:00,0,0.0,0.0,0.0,0,0.0,0.0,0.0,0.0
2026-02-12 06:00:00,0,0.0,0.0,0.0,0,0.0,0.0,0.0,0.0
2026-02-12 07:00:00,0,0.0,0.0,0.0,0,0.0,0.0,0.0,0.0
2026-02-12 08:00:00,0,0.0,0.0,0.0,0,0.0,0.0,0.0,0.0
2026-02-12 09:00:00,0,0.0,0.0,0.0,0,0.0,0.0,0.0,0.0
2026-02-12 10:00:00,0,0.0,0.0,0.0,0,0.0,0.0,0.0,0.0
2026-02-12 11:00:00,0,0.0,0.0,0.0,0,0.0,0.0,0.0,0.0
2026-02-12 12:00:00,0,0.0,0.0,0.0,0,0.0,0.0,0.0,0.0
2026-02-12 13:00:00,0,0.0,0.0,0.0,0,0.0,0.0,0.0,0.0
2026-02-12 14:00:00,0,0.0,0.0,0.0,0,0.0,0.0,0.0,0.0
2026-02-12 15:00:00,0,0.0,0.0,0.0,0,0.0,0.0,0.0,0.0
2026-02-12 16:00:00,0,0.0,0.0,0.0,0,0.0,0.0,0.0,0.0
2026-02-12 17:00:00,0,0.0,0.0,0.0,0,0.0,0.0,0.0,0.0
2026-02-12 18:00:00,0,0.0,0.0,0.0,0,0.0,0.0,0.0,0.0
2026-02-12 19:00:00,0,0.0,0.0,0.0,0,0.0,0.0,0.0,0.0
2026-02-12 20:00:00,0,0.0,0.0,0.0,0,0.0,0.0,0.0,0.0
2026-02-12 21:00:00,0,0.0,0.0,0.0,0,0.0,0.0,0.0,0.0
2026-02-12 22:00:00,0,0.0,0.0,0.0,0,0.0,0.0,0.0,0.0
2026-02-12 23:00:00,0,0.0,0.0,0.0,0,0.0,0.0,0.0,0.0
2026-02-13 00:00:00,0,0.0,0.0,0.0,0,0.0,0.0,0.0,0.0
2026-02-13 01:00:00,0,0.0,0.0,0.0,0,0.0,0.0,0.0,0.0
2026-02-13 02:00:00,0,0.0,0.0,0.0,0,0.0,0.0,0.0,0.0
2026-02-13 03:00:00,0,0.0,0.0,0.0,0,0.0,0.0,0.0,0.0
2026-02-13 04:00:00,0,0.0,0.0,0.0,0,0.0,0.0,0.0,0.0
2026-02-13 05:00:00,0,0.0,0.0,0.0,0,0.0,0.0,0.0,0.0
2026-02-13 06:00:00,0,0.0,0.0,0.0,0,0.0,0.0,0.0,0.0
2026-02-13 07:00:00,0,0.0,0.0,0.0,0,0.0,0.0,0.0,0.0
2026-02-13 08:00:00,0,0.0,0.0,0.0,0,0.0,0.0,0.0,0.0
2026-02-13 09:00:00,0,0.0,0.0,0.0,0,0.0,0.0,0.0,0.0
2026-02-13 10:00:00,0,0.0,0.0,0.0,0,0.0,0.0,0.0,0.0
2026-02-13 11:00:00,0,0.0,0.0,0.0,0,0.0,0.0,0.0,0.0
2026-02-13 12:00:00,0,0.0,0.0,0.0,0,0.0,0.0,0.0,0.0
2026-02-13 13:00:00,0,0.0,0.0,0.0,0,0.0,0.0,0.0,0.0
2026-02-13 14:00:00,0,0.0,0.0,0.0,0,0.0,0.0,0.0,0.0
2026-02-13 15:00:00,0,0.0,0.0,0.0,0,0.0,0.0,0.0,0.0
2026-02-13 16:00:00,0,0.0,0.0,0.0,0,0.0,0.0,0.0,0.0
2026-02-13 17:00:00,0,0.0,0.0,0.0,0,0.0,0.0,0.0,0.0
2026-02-13 18:00:00,0,0.0,0.0,0.0,0,0.0,0.0,0.0,0.0
2026-02-13 19:00:00,0,0.0,0.0,0.0,0,0.0,0.0,0.0,0.0
2026-02-13 20:00:00,0,0.0,0.0,0.0,0,0.0,0.0,0.0,0.0
2026-02-13 21:00:00,0,0.0,0.0,0.0,0,0.0,0.0,0.0,0.0
2026-02-13 22:00:00,0,0.0,0.0,0.0,0,0.0,0.0,0.0,0.0
2026-02-13 23:00:00,0,0.0,0.0,0.0,0,0.0,0.0,0.0,0.0
2026-02-14 00:00:00,0,0.0,0.0,0.0,0,0.0,0.0,0.0,0.0
2026-02-14 01:00:00,0,0.0,0.0,0.0,0,0.0,0.0,0.0,0.0
2026-02-14 02:00:00,0,0.0,0.0,0.0,0,0.0,0.0,0.0,0.0
2026-02-14 03:00:00,0,0.0,0.0,0.0,0,0.0,0.0,0.0,0.0
2026-02-14 04:00:00,0,0.0,0.0,0.0,0,0.0,0.0,0.0,0.0
2026-02-14 05:00:00,0,0.0,0.0,0.0,0,0.0,0.0,0.0,0.0
2026-02-14 06:00:00,0,0.0,0.0,0.0,0,0.0,0.0,0.0,0.0
2026-02-14 07:00:00,0,0.0,0.0,0.0,0,0.0,0.0,0.0,0.0
2026-02-14 08:00:00,0,0.0,0.0,0.0,0,0.0,0.0,0.0,0.0
2026-02-14 09:00:00,0,0.0,0.0,0.0,0,0.0,0.0,0.0,0.0
2026-02-14 10:00:00,0,0.0,0.0,0.0,0,0.0,0.0,0.0,0.0
2026-02-14 11:00:00,0,0.0,0.0,0.0,0,0.0,0.0,0.0,0.0
2026-02-14 12:00:00,0,0.0,0.0,0.0,0,0.0,0.0,0.0,0.0
2026-02-14 13:00:00,0,0.0,0.0,0.0,0,0.0,0.0,0.0,0.0
2026-02-14 14:00:00,0,0.0,0.0,0.0,0,0.0,0.0,0.0,0.0
2026-02-14 15:00:00,0,0.0,0.0,0.0,0,0.0,0.0,0.0,0.0
2026-02-14 16:00:00,0,0.0,0.0,0.0,0,0.0,0.0,0.0,0.0
2026-02-14 17:00:00,0,0.0,0.0,0.0,0,0.0,0.0,0.0,0.0
2026-02-14 18:00:00,0,0.0,0.0,0.0,0,0.0,0.0,0.0,0.0
2026-02-14 19:00:00,0,0.0,0.0,0.0,0,0.0,0.0,0.0,0.0
2026-02-14 20:00:00,0,0.0,0.0,0.0,0,0.0,0.0,0.0,0.0
2026-02-14 21:00:00,0,0.0,0.0,0.0,0,0.0,0.0,0.0,0.0
2026-02-14 22:00:00,0,0.0,0.0,0.0,0,0.0,0.0,0.0,0.0
2026-02-14 23:00:00,0,0.0,0.0,0.0,0,0.0,0.0,0.0,0.0
2026-02-15 00:00:00,0,0.0,0.0,0.0,0,0.0,0.0,0.0,0.0
2026-02-15 01:00:00,0,0.0,0.0,0.0,0,0.0,0.0,0.0,0.0
2026-02-15 02:00:00,0,0.0,0.0,0.0,0,0.0,0.0,0.0,0.0
2026-02-15 03:00:00,0,0.0,0.0,0.0,0,0.0,0.0,0.0,0.0
2026-02-15 04:00:00,0,0.0,0.0,0.0,0,0.0,0.0,0.0,0.0
2026-02-15 05:00:00,0,0.0,0.0,0.0,0,0.0,0.0,0.0,0.0
2026-02-15 06:00:00,0,0.0,0.0,0.0,0,0.0,0.0,0.0,0.0
2026-02-15 07:00:00,0,0.0,0.0,0.0,0,0.0,0.0,0.0,0.0
2026-02-15 08:00:00,0,0.0,0.0,0.0,0,0.0,0.0,0.0,0.0
2026-02-15 09:00:00,0,0.0,0.0,0.0,0,0.0,0.0,0.0,0.0
2026-02-15 10:00:00,0,0.0,0.0,0.0,0,0.0,0.0,0.0,0.0
2026-02-15 11:00:00,0,0.0,0.0,0.0,0,0.0,0.0,0.0,0.0
2026-02-15 12:00:00,0,0.0,0.0,0.0,0,0.0,0.0,0.0,0.0
2026-02-15 13:00:00,0,0.0,0.0,0.0,0,0.0,0.0,0.0,0.0
2026-02-15 14:00:00,0,0.0,0.0,0.0,0,0.0,0.0,0.0,0.0
2026-02-15 15:00:00,0,0.0,0.0,0.0,0,0.0,0.0,0.0,0.0
2026-02-15 16:00:00,0,0.0,0.0,0.0,0,0.0,0.0,0.0,0.0
2026-02-15 17:00:00,0,0.0,0.0,0.0,0,0.0,0.0,0.0,0.0
2026-02-15 18:00:00,0,0.0,0.0,0.0,0,0.0,0.0,0.0,0.0
2026-02-15 19:00:00,0,0.0,0.0,0.0,0,0.0,0.0,0.0,0.0
2026-02-15 20:00:00,0,0.0,0.0,0.0,0,0.0,0.0,0.0,0.0
2026-02-15 21:00:00,0,0.0,0.0,0.0,0,0.0,0.0,0.0,0.0
2026-02-15 22:00:00,0,0.0,0.0,0.0,0,0.0,0.0,0.0,0.0
2026-02-15 23:00:00,0,0.0,0.0,0.0,0,0.0,0.0,0.0,0.0
2026-02-16 00:00:00,0,0.0,0.0,0.0,0,0.0,0.0,0.0,0.0
2026-02-16 01:00:00,0,0.0,0.0,0.0,0,0.0,0.0,0.0,0.0
2026-02-16 02:00:00,0,0.0,0.0,0.0,0,0.0,0.0,0.0,0.0
2026-02-16 03:00:00,0,0.0,0.0,0.0,0,0.0,0.0,0.0,0.0
2026-02-16 04:00:00,0,0.0,0.0,0.0,0,0.0,0.0,0.0,0.0
2026-02-16 05:00:00,0,0.0,0.0,0.0,0,0.0,0.0,0.0,0.0
2026-02-16 06:00:00,0,0.0,0.0,0.0,0,0.0,0.0,0.0,0.0
2026-02-16 07:00:00,0,0.0,0.0,0.0,0,0.0,0.0,0.0,0.0
2026-02-16 08:00:00,0,0.0,0.0,0.0,0,0.0,0.0,0.0,0.0
2026-02-16 09:00:00,0,0.0,0.0,0.0,0,0.0,0.0,0.0,0.0
2026-02-16 10:00:00,0,0.0,0.0,0.0,0,0.0,0.0,0.0,0.0
2026-02-16 11:00:00,0,0.0,0.0,0.0,0,0.0,0.0,0.0,0.0
2026-02-16 12:00:00,0,0.0,0.0,0.0,0,0.0,0.0,0.0,0.0
2026-02-16 13:00:00,0,0.0,0.0,0.0,0,0.0,0.0,0.0,0.0
2026-02-16 14:00:00,0,0.0,0.0,0.0,0,0.0,0.0,0.0,0.0
2026-02-16 15:00:00,0,0.0,0.0,0.0,0,0.0,0.0,0.0,0.0
2026-02-16 16:00:00,0,0.0,0.0,0.0,0,0.0,0.0,0.0,0.0
2026-02-16 17:00:00,0,0.0,0.0,0.0,0,0.0,0.0,0.0,0.0
2026-02-16 18:00:00,0,0.0,0.0,0.0,0,0.0,0.0,0.0,0.0
2026-02-16 19:00:00,0,0.0,0.0,0.0,0,0.0,0.0,0.0,0.0
2026-02-16 20:00:00,0,0.0,0.0,0.0,0,0.0,0.0,0.0,0.0
2026-02-16 21:00:00,0,0.0,0.0,0.0,0,0.0,0.0,0.0,0.0
2026-02-16 22:00:00,0,0.0,0.0,0.0,0,0.0,0.0,0.0,0.0
2026-02-16 23:00:00,0,0.0,0.0,0.0,0,0.0,0.0,0.0,0.0
2026-02-17 00:00:00,0,0.0,0.0,0.0,0,0.0,0.0,0.0,0.0
2026-02-17 01:00:00,0,0.0,0.0,0.0,0,0.0,0.0,0.0,0.0
2026-02-17 02:00:00,0,0.0,0.0,0.0,0,0.0,0.0,0.0,0.0
2026-02-17 03:00:00,0,0.0,0.0,0.0,0,0.0,0.0,0.0,0.0
2026-02-17 04:00:00,0,0.0,0.0,0.0,0,0.0,0.0,0.0,0.0
2026-02-17 05:00:00,0,0.0,0.0,0.0,0,0.0,0.0,0.0,0.0
2026-02-17 06:00:00,0,0.0,0.0,0.0,0,0.0,0.0,0.0,0.0
2026-02-17 07:00:00,0,0.0,0.0,0.0,0,0.0,0.0,0.0,0.0
2026-02-17 08:00:00,0,0.0,0.0,0.0,0,0.0,0.0,0.0,0.0
2026-02-17 09:00:00,0,0.0,0.0,0.0,0,0.0,0.0,0.0,0.0
2026-02-17 10:00:00,0,0.0,0.0,0.0,0,0.0,0.0,0.0,0.0
2026-02-17 11:00:00,0,0.0,0.0,0.0,0,0.0,0.0,0.0,0.0
2026-02-17 12:00:00,0,0.0,0.0,0.0,0,0.0,0.0,0.0,0.0
2026-02-17 13:00:00,0,0.0,0.0,0.0,0,0.0,0.0,0.0,0.0
2026-02-17 14:00:00,0,0.0,0.0,0.0,0,0.0,0.0,0.0,0.0
2026-02-17 15:00:00,0,0.0,0.0,0.0,0,0.0,0.0,0.0,0.0
2026-02-17 16:00:00,0,0.0,0.0,0.0,0,0.0,0.0,0.0,0.0
2026-02-17 17:00:00,0,0.0,0.0,0.0,0,0.0,0.0,0.0,0.0
2026-02-17 18:00:00,0,0.0,0.0,0.0,0,0.0,0.0,0.0,0.0
2026-02-17 19:00:00,0,0.0,0.0,0.0,0,0.0,0.0,0.0,0.0
2026-02-17 20:00:00,0,0.0,0.0,0.0,0,0.0,0.0,0.0,0.0
2026-02-17 21:00:00,0,0.0,0.0,0.0,0,0.0,0.0,0.0,0.0
2026-02-17 22:00:00,0,0.0,0.0,0.0,0,0.0,0.0,0.0,0.0
2026-02-17 23:00:00,0,0.0,0.0,0.0,0,0.0,0.0,0.0,0.0
2026-02-18 00:00:00,0,0.0,0.0,0.0,0,0.0,0.0,0.0,0.0
2026-02-18 01:00:00,0,0.0,0.0,0.0,0,0.0,0.0,0.0,0.0
2026-02-18 02:00:00,0,0.0,0.0,0.0,0,0.0,0.0,0.0,0.0
2026-02-18 03:00:00,0,0.0,0.0,0.0,0,0.0,0.0,0.0,0.0
2026-02-18 04:00:00,0,0.0,0.0,0.0,0,0.0,0.0,0.0,0.0
2026-02-18 05:00:00,0,0.0,0.0,0.0,0,0.0,0.0,0.0,0.0
2026-02-18 06:00:00,0,0.0,0.0,0.0,0,0.0,0.0,0.0,0.0
2026-02-18 07:00:00,0,0.0,0.0,0.0,0,0.0,0.0,0.0,0.0
2026-02-18 08:00:00,0,0.0,0.0,0.0,0,0.0,0.0,0.0,0.0
2026-02-18 09:00:00,0,0.0,0.0,0.0,0,0.0,0.0,0.0,0.0
2026-02-18 10:00:00,0,0.0,0.0,0.0,0,0.0,0.0,0.0,0.0
2026-02-18 11:00:00,0,0.0,0.0,0.0,0,0.0,0.0,0.0,0.0
2026-02-18 12:00:00,0,0.0,0.0,0.0,0,0.0,0.0,0.0,0.0
2026-02-18 13:00:00,0,0.0,0.0,0.0,0,0.0,0.0,0.0,0.0
2026-02-18 14:00:00,0,0.0,0.0,0.0,0,0.0,0.0,0.0,0.0
2026-02-18 15:00:00,0,0.0,0.0,0.0,0,0.0,0.0,0.0,0.0
2026-02-18 16:00:00,0,0.0,0.0,0.0,0,0.0,0.0,0.0,0.0
2026-02-18 17:00:00,0,0.0,0.0,0.0,0,0.0,0.0,0.0,0.0
2026-02-18 18:00:00,0,0.0,0.0,0.0,0,0.0,0.0,0.0,0.0
2026-02-18 19:00:00,0,0.0,0.0,0.0,0,0.0,0.0,0.0,0.0
2026-02-18 20:00:00,0,0.0,0.0,0.0,0,0.0,0.0,0.0,0.0
2026-02-18 21:00:00,0,0.0,0.0,0.0,0,0.0,0.0,0.0,0.0
2026-02-18 22:00:00,0,0.0,0.0,0.0,0,0.0,0.0,0.0,0.0
2026-02-18 23:00:00,0,0.0,0.0,0.0,0,0.0,0.0,0.0,0.0
2026-02-19 00:00:00,0,0.0,0.0,0.0,0,0.0,0.0,0.0,0.0
2026-02-19 01:00:00,0,0.0,0.0,0.0,0,0.0,0.0,0.0,0.0
2026-02-19 02:00:00,0,0.0,0.0,0.0,0,0.0,0.0,0.0,0.0
2026-02-19 03:00:00,0,0.0,0.0,0.0,0,0.0,0.0,0.0,0.0
2026-02-19 04:00:00,0,0.0,0.0,0.0,0,0.0,0.0,0.0,0.0
2026-02-19 05:00:00,0,0.0,0.0,0.0,0,0.0,0.0,0.0,0.0
2026-02-19 06:00:00,0,0.0,0.0,0.0,0,0.0,0.0,0.0,0.0
2026-02-19 07:00:00,0,0.0,0.0,0.0,0,0.0,0.0,0.0,0.0
2026-02-19 08:00:00,0,0.0,0.0,0.0,0,0.0,0.0,0.0,0.0
2026-02-19 09:00:00,0,0.0,0.0,0.0,0,0.0,0.0,0.0,0.0
2026-02-19 10:00:00,0,0.0,0.0,0.0,0,0.0,0.0,0.0,0.0
2026-02-19 11:00:00,0,0.0,0.0,0.0,0,0.0,0.0,0.0,0.0
2026-02-19 12:00:00,0,0.0,0.0,0.0,0,0.0,0.0,0.0,0.0
2026-02-19 13:00:00,0,0.0,0.0,0.0,0,0.0,0.0,0.0,0.0
2026-02-19 14:00:00,0,0.0,0.0,0.0,0,0.0,0.0,0.0,0.0
2026-02-19 15:00:00,0,0.0,0.0,0.0,0,0.0,0.0,0.0,0.0
2026-02-19 16:00:00,0,0.0,0.0,0.0,0,0.0,0.0,0.0,0.0
2026-02-19 17:00:00,0,0.0,0.0,0.0,0,0.0,0.0,0.0,0.0
2026-02-19 18:00:00,0,0.0,0.0,0.0,0,0.0,0.0,0.0,0.0
2026-02-19 19:00:00,0,0.0,0.0,0.0,0,0.0,0.0,0.0,0.0
2026-02-19 20:00:00,0,0.0,0.0,0.0,0,0.0,0.0,0.0,0.0
2026-02-19 21:00:00,0,0.0,0.0,0.0,0,0.0,0.0,0.0,0.0
2026-02-19 22:00:00,0,0.0,0.0,0.0,0,0.0,0.0,0.0,0.0
2026-02-19 23:00:00,0,0.0,0.0,0.0,0,0.0,0.0,0.0,0.0
2026-02-20 00:00:00,0,0.0,0.0,0.0,0,0.0,0.0,0.0,0.0
2026-02-20 01:00:00,0,0.0,0.0,0.0,0,0.0,0.0,0.0,0.0
2026-02-20 02:00:00,0,0.0,0.0,0.0,0,0.0,0.0,0.0,0.0
2026-02-20 03:00:00,0,0.0,0.0,0.0,0,0.0,0.0,0.0,0.0
2026-02-20 04:00:00,0,0.0,0.0,0.0,0,0.0,0.0,0.0,0.0
2026-02-20 05:00:00,0,0.0,0.0,0.0,0,0.0,0.0,0.0,0.0
2026-02-20 06:00:00,0,0.0,0.0,0.0,0,0.0,0.0,0.0,0.0
2026-02-20 07:00:00,0,0.0,0.0,0.0,0,0.0,0.0,0.0,0.0
2026-02-20 08:00:00,0,0.0,0.0,0.0,0,0.0,0.0,0.0,0.0
2026-02-20 09:00:00,0,0.0,0.0,0.0,0,0.0,0.0,0.0,0.0
2026-02-20 10:00:00,0,0.0,0.0,0.0,0,0.0,0.0,0.0,0.0
2026-02-20 11:00:00,0,0.0,0.0,0.0,0,0.0,0.0,0.0,0.0
2026-02-20 12:00:00,0,0.0,0.0,0.0,0,0.0,0.0,0.0,0.0
2026-02-20 13:00:00,0,0.0,0.0,0.0,0,0.0,0.0,0.0,0.0
2026-02-20 14:00:00,0,0.0,0.0,0.0,0,0.0,0.0,0.0,0.0
2026-02-20 15:00:00,0,0.0,0.0,0.0,0,0.0,0.0,0.0,0.0
2026-02-20 16:00:00,0,0.0,0.0,0.0,0,0.0,0.0,0.0,0.0
2026-02-20 17:00:00,0,0.0,0.0,0.0,0,0.0,0.0,0.0,0.0
2026-02-20 18:00:00,0,0.0,0.0,0.0,0,0.0,0.0,0.0,0.0
2026-02-20 19:00:00,0,0.0,0.0,0.0,0,0.0,0.0,0.0,0.0
2026-02-20 20:00:00,0,0.0,0.0,0.0,0,0.0,0.0,0.0,0.0
2026-02-20 21:00:00,0,0.0,0.0,0.0,0,0.0,0.0,0.0,0.0
2026-02-20 22:00:00,0,0.0,0.0,0.0,0,0.0,0.0,0.0,0.0
2026-02-20 23:00:00,0,0.0,0.0,0.0,0,0.0,0.0,0.0,0.0
2026-02-21 00:00:00,0,0.0,0.0,0.0,0,0.0,0.0,0.0,0.0
2026-02-21 01:00:00,0,0.0,0.0,0.0,0,0.0,0.0,0.0,0.0
2026-02-21 02:00:00,0,0.0,0.0,0.0,0,0.0,0.0,0.0,0.0
2026-02-21 03:00:00,0,0.0,0.0,0.0,0,0.0,0.0,0.0,0.0
2026-02-21 04:00:00,0,0.0,0.0,0.0,0,0.0,0.0,0.0,0.0
2026-02-21 05:00:00,0,0.0,0.0,0.0,0,0.0,0.0,0.0,0.0
2026-02-21 06:00:00,0,0.0,0.0,0.0,0,0.0,0.0,0.0,0.0
2026-02-21 07:00:00,0,0.0,0.0,0.0,0,0.0,0.0,0.0,0.0
2026-02-21 08:00:00,0,0.0,0.0,0.0,0,0.0,0.0,0.0,0.0
2026-02-21 09:00:00,0,0.0,0.0,0.0,0,0.0,0.0,0.0,0.0
2026-02-21 10:00:00,0,0.0,0.0,0.0,0,0.0,0.0,0.0,0.0
2026-02-21 11:00:00,0,0.0,0.0,0.0,0,0.0,0.0,0.0,0.0
2026-02-21 12:00:00,0,0.0,0.0,0.0,0,0.0,0.0,0.0,0.0
2026-02-21 13:00:00,0,0.0,0.0,0.0,0,0.0,0.0,0.0,0.0
2026-02-21 14:00:00,0,0.0,0.0,0.0,0,0.0,0.0,0.0,0.0
2026-02-21 15:00:00,0,0.0,0.0,0.0,0,0.0,0.0,0.0,0.0
2026-02-21 16:00:00,0,0.0,0.0,0.0,0,0.0,0.0,0.0,0.0
2026-02-21 17:00:00,0,0.0,0.0,0.0,0,0.0,0.0,0.0,0.0
2026-02-21 18:00:00,0,0.0,0.0,0.0,0,0.0,0.0,0.0,0.0
2026-02-21 19:00:00,0,0.0,0.0,0.0,0,0.0,0.0,0.0,0.0
2026-02-21 20:00:00,0,0.0,0.0,0.0,0,0.0,0.0,0.0,0.0
2026-02-21 21:00:00,0,0.0,0.0,0.0,0,0.0,0.0,0.0,0.0
2026-02-21 22:00:00,0,0.0,0.0,0.0,0,0.0,0.0,0.0,0.0
2026-02-21 23:00:00,0,0.0,0.0,0.0,0,0.0,0.0,0.0,0.0
2026-02-22 00:00:00,0,0.0,0.0,0.0,0,0.0,0.0,0.0,0.0
2026-02-22 01:00:00,0,0.0,0.0,0.0,0,0.0,0.0,0.0,0.0
2026-02-22 02:00:00,0,0.0,0.0,0.0,0,0.0,0.0,0.0,0.0
2026-02-22 03:00:00,0,0.0,0.0,0.0,0,0.0,0.0,0.0,0.0
2026-02-22 04:00:00,0,0.0,0.0,0.0,0,0.0,0.0,0.0,0.0
2026-02-22 05:00:00,0,0.0,0.0,0.0,0,0.0,0.0,0.0,0.0
2026-02-22 06:00:00,0,0.0,0.0,0.0,0,0.0,0.0,0.0,0.0
2026-02-22 07:00:00,0,0.0,0.0,0.0,0,0.0,0.0,0.0,0.0
2026-02-22 08:00:00,0,0.0,0.0,0.0,0,0.0,0.0,0.0,0.0
2026-02-22 09:00:00,0,0.0,0.0,0.0,0,0.0,0.0,0.0,0.0
2026-02-22 10:00:00,0,0.0,0.0,0.0,0,0.0,0.0,0.0,0.0
2026-02-22 11:00:00,0,0.0,0.0,0.0,0,0.0,0.0,0.0,0.0
2026-02-22 12:00:00,0,0.0,0.0,0.0,0,0.0,0.0,0.0,0.0
2026-02-22 13:00:00,0,0.0,0.0,0.0,0,0.0,0.0,0.0,0.0
2026-02-22 14:00:00,0,0.0,0.0,0.0,0,0.0,0.0,0.0,0.0
2026-02-22 15:00:00,0,0.0,0.0,0.0,0,0.0,0.0,0.0,0.0
2026-02-22 16:00:00,0,0.0,0.0,0.0,0,0.0,0.0,0.0,0.0
2026-02-22 17:00:00,0,0.0,0.0,0.0,0,0.0,0.0,0.0,0.0
2026-02-22 18:00:00,0,0.0,0.0,0.0,0,0.0,0.0,0.0,0.0
2026-02-22 19:00:00,0,0.0,0.0,0.0,0,0.0,0.0,0.0,0.0
2026-02-22 20:00:00,0,0.0,0.0,0.0,0,0.0,0.0,0.0,0.0
2026-02-22 21:00:00,0,0.0,0.0,0.0,0,0.0,0.0,0.0,0.0
2026-02-22 22:00:00,0,0.0,0.0,0.0,0,0.0,0.0,0.0,0.0
2026-02-22 23:00:00,0,0.0,0.0,0.0,0,0.0,0.0,0.0,0.0
2026-02-23 00:00:00,0,0.0,0.0,0.0,0,0.0,0.0,0.0,0.0
2026-02-23 01:00:00,0,0.0,0.0,0.0,0,0.0,0.0,0.0,0.0
2026-02-23 02:00:00,0,0.0,0.0,0.0,0,0.0,0.0,0.0,0.0
2026-02-23 03:00:00,0,0.0,0.0,0.0,0,0.0,0.0,0.0,0.0
2026-02-23 04:00:00,0,0.0,0.0,0.0,0,0.0,0.0,0.0,0.0
2026-02-23 05:00:00,0,0.0,0.0,0.0,0,0.0,0.0,0.0,0.0
2026-02-23 06:00:00,0,0.0,0.0,0.0,0,0.0,0.0,0.0,0.0
2026-02-23 07:00:00,0,0.0,0.0,0.0,0,0.0,0.0,0.0,0.0
2026-02-23 08:00:00,0,0.0,0.0,0.0,0,0.0,0.0,0.0,0.0
2026-02-23 09:00:00,0,0.0,0.0,0.0,0,0.0,0.0,0.0,0.0
2026-02-23 10:00:00,0,0.0,0.0,0.0,0,0.0,0.0,0.0,0.0
2026-02-23 11:00:00,0,0.0,0.0,0.0,0,0.0,0.0,0.0,0.0
2026-02-23 12:00:00,0,0.0,0.0,0.0,0,0.0,0.0,0.0,0.0
2026-02-23 13:00:00,0,0.0,0.0,0.0,0,0.0,0.0,0.0,0.0
2026-02-23 14:00:00,0,0.0,0.0,0.0,0,0.0,0.0,0.0,0.0
2026-02-23 15:00:00,0,0.0,0.0,0.0,0,0.0,0.0,0.0,0.0
2026-02-23 16:00:00,0,0.0,0.0,0.0,0,0.0,0.0,0.0,0.0
2026-02-23 17:00:00,0,0.0,0.0,0.0,0,0.0,0.0,0.0,0.0
2026-02-23 18:00:00,0,0.0,0.0,0.0,0,0.0,0.0,0.0,0.0
2026-02-23 19:00:00,0,0.0,0.0,0.0,0,0.0,0.0,0.0,0.0
2026-02-23 20:00:00,0,0.0,0.0,0.0,0,0.0,0.0,0.0,0.0
2026-02-23 21:00:00,0,0.0,0.0,0.0,0,0.0,0.0,0.0,0.0
2026-02-23 22:00:00,0,0.0,0.0,0.0,0,0.0,0.0,0.0,0.0
2026-02-23 23:00:00,0,0.0,0.0,0.0,0,0.0,0.0,0.0,0.0
2026-02-24 00:00:00,0,0.0,0.0,0.0,0,0.0,0.0,0.0,0.0
2026-02-24 01:00:00,0,0.0,0.0,0.0,0,0.0,0.0,0.0,0.0
2026-02-24 02:00:00,0,0.0,0.0,0.0,0,0.0,0.0,0.0,0.0
2026-02-24 03:00:00,0,0.0,0.0,0.0,0,0.0,0.0,0.0,0.0
2026-02-24 04:00:00,0,0.0,0.0,0.0,0,0.0,0.0,0.0,0.0
2026-02-24 05:00:00,0,0.0,0.0,0.0,0,0.0,0.0,0.0,0.0
2026-02-24 06:00:00,0,0.0,0.0,0.0,0,0.0,0.0,0.0,0.0
2026-02-24 07:00:00,0,0.0,0.0,0.0,0,0.0,0.0,0.0,0.0
2026-02-24 08:00:00,0,0.0,0.0,0.0,0,0.0,0.0,0.0,0.0
2026-02-24 09:00:00,0,0.0,0.0,0.0,0,0.0,0.0,0.0,0.0
2026-02-24 10:00:00,0,0.0,0.0,0.0,0,0.0,0.0,0.0,0.0
2026-02-24 11:00:00,0,0.0,0.0,0.0,0,0.0,0.0,0.0,0.0
2026-02-24 12:00:00,0,0.0,0.0,0.0,0,0.0,0.0,0.0,0.0
2026-02-24 13:00:00,0,0.0,0.0,0.0,0,0.0,0.0,0.0,0.0
2026-02-24 14:00:00,0,0.0,0.0,0.0,0,0.0,0.0,0.0,0.0
2026-02-24 15:00:00,0,0.0,0.0,0.0,0,0.0,0.0,0.0,0.0
2026-02-24 16:00:00,0,0.0,0.0,0.0,0,0.0,0.0,0.0,0.0
2026-02-24 17:00:00,0,0.0,0.0,0.0,0,0.0,0.0,0.0,0.0
2026-02-24 18:00:00,0,0.0,0.0,0.0,0,0.0,0.0,0.0,0.0
2026-02-24 19:00:00,0,0.0,0.0,0.0,0,0.0,0.0,0.0,0.0
2026-02-24 20:00:00,0,0.0,0.0,0.0,0,0.0,0.0,0.0,0.0
2026-02-24 21:00:00,0,0.0,0.0,0.0,0,0.0,0.0,0.0,0.0
2026-02-24 22:00:00,0,0.0,0.0,0.0,0,0.0,0.0,0.0,0.0
2026-02-24 23:00:00,0,0.0,0.0,0.0,0,0.0,0.0,0.0,0.0
2026-02-25 00:00:00,0,0.0,0.0,0.0,0,0.0,0.0,0.0,0.0
2026-02-25 01:00:00,0,0.0,0.0,0.0,0,0.0,0.0,0.0,0.0
2026-02-25 02:00:00,0,0.0,0.0,0.0,0,0.0,0.0,0.0,0.0
2026-02-25 03:00:00,0,0.0,0.0,0.0,0,0.0,0.0,0.0,0.0
2026-02-25 04:00:00,0,0.0,0.0,0.0,0,0.0,0.0,0.0,0.0
2026-02-25 05:00:00,0,0.0,0.0,0.0,0,0.0,0.0,0.0,0.0
2026-02-25 06:00:00,0,0.0,0.0,0.0,0,0.0,0.0,0.0,0.0
2026-02-25 07:00:00,0,0.0,0.0,0.0,0,0.0,0.0,0.0,0.0
2026-02-25 08:00:00,0,0.0,0.0,0.0,0,0.0,0.0,0.0,0.0
2026-02-25 09:00:00,0,0.0,0.0,0.0,0,0.0,0.0,0.0,0.0
2026-02-25 10:00:00,0,0.0,0.0,0.0,0,0.0,0.0,0.0,0.0
2026-02-25 11:00:00,0,0.0,0.0,0.0,0,0.0,0.0,0.0,0.0
2026-02-25 12:00:00,0,0.0,0.0,0.0,0,0.0,0.0,0.0,0.0
2026-02-25 13:00:00,0,0.0,0.0,0.0,0,0.0,0.0,0.0,0.0
2026-02-25 14:00:00,0,0.0,0.0,0.0,0,0.0,0.0,0.0,0.0
2026-02-25 15:00:00,0,0.0,0.0,0.0,0,0.0,0.0,0.0,0.0
2026-02-25 16:00:00,0,0.0,0.0,0.0,0,0.0,0.0,0.0,0.0
2026-02-25 17:00:00,0,0.0,0.0,0.0,0,0.0,0.0,0.0,0.0
2026-02-25 18:00:00,0,0.0,0.0,0.0,0,0.0,0.0,0.0,0.0
2026-02-25 19:00:00,0,0.0,0.0,0.0,0,0.0,0.0,0.0,0.0
2026-02-25 20:00:00,0,0.0,0.0,0.0,0,0.0,0.0,0.0,0.0
2026-02-25 21:00:00,0,0.0,0.0,0.0,0,0.0,0.0,0.0,0.0
2026-02-25 22:00:00,0,0.0,0.0,0.0,0,0.0,0.0,0.0,0.0
2026-02-25 23:00:00,0,0.0,0.0,0.0,0,0.0,0.0,0.0,0.0
2026-02-26 00:00:00,0,0.0,0.0,0.0,0,0.0,0.0,0.0,0.0
2026-02-26 01:00:00,0,0.0,0.0,0.0,0,0.0,0.0,0.0,0.0
2026-02-26 02:00:00,0,0.0,0.0,0.0,0,0.0,0.0,0.0,0.0
2026-02-26 03:00:00,0,0.0,0.0,0.0,0,0.0,0.0,0.0,0.0
2026-02-26 04:00:00,0,0.0,0.0,0.0,0,0.0,0.0,0.0,0.0
2026-02-26 05:00:00,0,0.0,0.0,0.0,0,0.0,0.0,0.0,0.0
2026-02-26 06:00:00,0,0.0,0.0,0.0,0,0.0,0.0,0.0,0.0
2026-02-26 07:00:00,0,0.0,0.0,0.0,0,0.0,0.0,0.0,0.0
2026-02-26 08:00:00,0,0.0,0.0,0.0,0,0.0,0.0,0.0,0.0
2026-02-26 09:00:00,0,0.0,0.0,0.0,0,0.0,0.0,0.0,0.0
2026-02-26 10:00:00,0,0.0,0.0,0.0,0,0.0,0.0,0.0,0.0
2026-02-26 11:00:00,0,0.0,0.0,0.0,0,0.0,0.0,0.0,0.0
2026-02-26 12:00:00,0,0.0,0.0,0.0,0,0.0,0.0,0.0,0.0
2026-02-26 13:00:00,0,0.0,0.0,0.0,0,0.0,0.0,0.0,0.0
2026-02-26 14:00:00,0,0.0,0.0,0.0,0,0.0,0.0,0.0,0.0
2026-02-26 15:00:00,0,0.0,0.0,0.0,0,0.0,0.0,0.0,0.0
2026-02-26 16:00:00,0,0.0,0.0,0.0,0,0.0,0.0,0.0,0.0
2026-02-26 17:00:00,0,0.0,0.0,0.0,0,0.0,0.0,0.0,0.0
2026-02-26 18:00:00,0,0.0,0.0,0.0,0,0.0,0.0,0.0,0.0
2026-02-26 19:00:00,0,0.0,0.0,0.0,0,0.0,0.0,0.0,0.0
2026-02-26 20:00:00,0,0.0,0.0,0.0,0,0.0,0.0,0.0,0.0
2026-02-26 21:00:00,0,0.0,0.0,0.0,0,0.0,0.0,0.0,0.0
2026-02-26 22:00:00,0,0.0,0.0,0.0,0,0.0,0.0,0.0,0.0
2026-02-26 23:00:00,0,0.0,0.0,0.0,0,0.0,0.0,0.0,0.0
2026-02-27 00:00:00,0,0.0,0.0,0.0,0,0.0,0.0,0.0,0.0
2026-02-27 01:00:00,0,0.0,0.0,0.0,0,0.0,0.0,0.0,0.0
2026-02-27 02:00:00,0,0.0,0.0,0.0,0,0.0,0.0,0.0,0.0
2026-02-27 03:00:00,0,0.0,0.0,0.0,0,0.0,0.0,0.0,0.0
2026-02-27 04:00:00,0,0.0,0.0,0.0,0,0.0,0.0,0.0,0.0
2026-02-27 05:00:00,0,0.0,0.0,0.0,0,0.0,0.0,0.0,0.0
2026-02-27 06:00:00,0,0.0,0.0,0.0,0,0.0,0.0,0.0,0.0
2026-02-27 07:00:00,0,0.0,0.0,0.0,0,0.0,0.0,0.0,0.0
2026-02-27 08:00:00,0,0.0,0.0,0.0,0,0.0,0.0,0.0,0.0
2026-02-27 09:00:00,0,0.0,0.0,0.0,0,0.0,0.0,0.0,0.0
2026-02-27 10:00:00,0,0.0,0.0,0.0,0,0.0,0.0,0.0,0.0
2026-02-27 11:00:00,0,0.0,0.0,0.0,0,0.0,0.0,0.0,0.0
2026-02-27 12:00:00,0,0.0,0.0,0.0,0,0.0,0.0,0.0,0.0
2026-02-27 13:00:00,0,0.0,0.0,0.0,0,0.0,0.0,0.0,0.0
2026-02-27 14:00:00,0,0.0,0.0,0.0,0,0.0,0.0,0.0,0.0
2026-02-27 15:00:00,0,0.0,0.0,0.0,0,0.0,0.0,0.0,0.0
2026-02-27 16:00:00,0,0.0,0.0,0.0,0,0.0,0.0,0.0,0.0
2026-02-27 17:00:00,0,0.0,0.0,0.0,0,0.0,0.0,0.0,0.0
2026-02-27 18:00:00,0,0.0,0.0,0.0,0,0.0,0.0,0.0,0.0
2026-02-27 19:00:00,0,0.0,0.0,0.0,0,0.0,0.0,0.0,0.0
2026-02-27 20:00:00,0,0.0,0.0,0.0,0,0.0,0.0,0.0,0.0
2026-02-27 21:00:00,0,0.0,0.0,0.0,0,0.0,0.0,0.0,0.0
2026-02-27 22:00:00,0,0.0,0.0,0.0,0,0.0,0.0,0.0,0.0
2026-02-27 23:00:00,0,0.0,0.0,0.0,0,0.0,0.0,0.0,0.0
2026-02-28 00:00:00,0,0.0,0.0,0.0,0,0.0,0.0,0.0,0.0
2026-02-28 01:00:00,0,0.0,0.0,0.0,0,0.0,0.0,0.0,0.0
2026-02-28 02:00:00,0,0.0,0.0,0.0,0,0.0,0.0,0.0,0.0
2026-02-28 03:00:00,0,0.0,0.0,0.0,0,0.0,0.0,0.0,0.0
2026-02-28 04:00:00,0,0.0,0.0,0.0,0,0.0,0.0,0.0,0.0
2026-02-28 05:00:00,0,0.0,0.0,0.0,0,0.0,0.0,0.0,0.0
2026-02-28 06:00:00,0,0.0,0.0,0.0,0,0.0,0.0,0.0,0.0
2026-02-28 07:00:00,0,0.0,0.0,0.0,0,0.0,0.0,0.0,0.0
2026-02-28 08:00:00,0,0.0,0.0,0.0,0,0.0,0.0,0.0,0.0
2026-02-28 09:00:00,0,0.0,0.0,0.0,0,0.0,0.0,0.0,0.0
2026-02-28 10:00:00,0,0.0,0.0,0.0,0,0.0,0.0,0.0,0.0
2026-02-28 11:00:00,0,0.0,0.0,0.0,0,0.0,0.0,0.0,0.0
2026-02-28 12:00:00,0,0.0,0.0,0.0,0,0.0,0.0,0.0,0.0
2026-02-28 13:00:00,0,0.0,0.0,0.0,0,0.0,0.0,0.0,0.0
2026-02-28 14:00:00,0,0.0,0.0,0.0,0,0.0,0.0,0.0,0.0
2026-02-28 15:00:00,0,0.0,0.0,0.0,0,0.0,0.0,0.0,0.0
2026-02-28 16:00:00,0,0.0,0.0,0.0,0,0.0,0.0,0.0,0.0
2026-02-28 17:00:00,0,0.0,0.0,0.0,0,0.0,0.0,0.0,0.0
2026-02-28 18:00:00,0,0.0,0.0,0.0,0,0.0,0.0,0.0,0.0
2026-02-28 19:00:00,0,0.0,0.0,0.0,0,0.0,0.0,0.0,0.0
2026-02-28 20:00:00,0,0.0,0.0,0.0,0,0.0,0.0,0.0,0.0
2026-02-28 21:00:00,0,0.0,0.0,0.0,0,0.0,0.0,0.0,0.0
2026-02-28 22:00:00,0,0.0,0.0,0.0,0,0.0,0.0,0.0,0.0
2026-02-28 23:00:00,0,0.0,0.0,0.0,0,0.0,0.0,0.0,0.0
2026-03-01 00:00:00,0,0.0,0.0,0.0,0,0.0,0.0,0.0,0.0
2026-03-01 01:00:00,0,0.0,0.0,0.0,0,0.0,0.0,0.0,0.0
2026-03-01 02:00:00,0,0.0,0.0,0.0,0,0.0,0.0,0.0,0.0
2026-03-01 03:00:00,0,0.0,0.0,0.0,0,0.0,0.0,0.0,0.0
2026-03-01 04:00:00,0,0.0,0.0,0.0,0,0.0,0.0,0.0,0.0
2026-03-01 05:00:00,0,0.0,0.0,0.0,0,0.0,0.0,0.0,0.0
2026-03-01 06:00:00,0,0.0,0.0,0.0,0,0.0,0.0,0.0,0.0
2026-03-01 07:00:00,0,0.0,0.0,0.0,0,0.0,0.0,0.0,0.0
2026-03-01 08:00:00,0,0.0,0.0,0.0,0,0.0,0.0,0.0,0.0
2026-03-01 09:00:00,0,0.0,0.0,0.0,0,0.0,0.0,0.0,0.0
2026-03-01 10:00:00,0,0.0,0.0,0.0,0,0.0,0.0,0.0,0.0
2026-03-01 11:00:00,0,0.0,0.0,0.0,0,0.0,0.0,0.0,0.0
2026-03-01 12:00:00,0,0.0,0.0,0.0,0,0.0,0.0,0.0,0.0
2026-03-01 13:00:00,0,0.0,0.0,0.0,0,0.0,0.0,0.0,0.0
2026-03-01 14:00:00,0,0.0,0.0,0.0,0,0.0,0.0,0.0,0.0
2026-03-01 15:00:00,0,0.0,0.0,0.0,0,0.0,0.0,0.0,0.0
2026-03-01 16:00:00,0,0.0,0.0,0.0,0,0.0,0.0,0.0,0.0
2026-03-01 17:00:00,0,0.0,0.0,0.0,0,0.0,0.0,0.0,0.0
2026-03-01 18:00:00,0,0.0,0.0,0.0,0,0.0,0.0,0.0,0.0
2026-03-01 19:00:00,0,0.0,0.0,0.0,0,0.0,0.0,0.0,0.0
2026-03-01 20:00:00,0,0.0,0.0,0.0,0,0.0,0.0,0.0,0.0
2026-03-01 21:00:00,0,0.0,0.0,0.0,0,0.0,0.0,0.0,0.0
2026-03-01 22:00:00,0,0.0,0.0,0.0,0,0.0,0.0,0.0,0.0
2026-03-01 23:00:00,0,0.0,0.0,0.0,0,0.0,0.0,0.0,0.0
2026-03-02 00:00:00,0,0.0,0.0,0.0,0,0.0,0.0,0.0,0.0
2026-03-02 01:00:00,0,0.0,0.0,0.0,0,0.0,0.0,0.0,0.0
2026-03-02 02:00:00,0,0.0,0.0,0.0,0,0.0,0.0,0.0,0.0
2026-03-02 03:00:00,0,0.0,0.0,0.0,0,0.0,0.0,0.0,0.0
2026-03-02 04:00:00,0,0.0,0.0,0.0,0,0.0,0.0,0.0,0.0
2026-03-02 05:00:00,0,0.0,0.0,0.0,0,0.0,0.0,0.0,0.0
2026-03-02 06:00:00,0,0.0,0.0,0.0,0,0.0,0.0,0.0,0.0
2026-03-02 07:00:00,0,0.0,0.0,0.0,0,0.0,0.0,0.0,0.0
2026-03-02 08:00:00,0,0.0,0.0,0.0,0,0.0,0.0,0.0,0.0
2026-03-02 09:00:00,0,0.0,0.0,0.0,0,0.0,0.0,0.0,0.0
2026-03-02 10:00:00,0,0.0,0.0,0.0,0,0.0,0.0,0.0,0.0
2026-03-02 11:00:00,0,0.0,0.0,0.0,0,0.0,0.0,0.0,0.0
2026-03-02 12:00:00,0,0.0,0.0,0.0,0,0.0,0.0,0.0,0.0
2026-03-02 13:00:00,0,0.0,0.0,0.0,0,0.0,0.0,0.0,0.0
2026-03-02 14:00:00,0,0.0,0.0,0.0,0,0.0,0.0,0.0,0.0
2026-03-02 15:00:00,0,0.0,0.0,0.0,0,0.0,0.0,0.0,0.0
2026-03-02 16:00:00,0,0.0,0.0,0.0,0,0.0,0.0,0.0,0.0
2026-03-02 17:00:00,0,0.0,0.0,0.0,0,0.0,0.0,0.0,0.0
2026-03-02 18:00:00,0,0.0,0.0,0.0,0,0.0,0.0,0.0,0.0
2026-03-02 19:00:00,0,0.0,0.0,0.0,0,0.0,0.0,0.0,0.0
2026-03-02 20:00:00,0,0.0,0.0,0.0,0,0.0,0.0,0.0,0.0
2026-03-02 21:00:00,0,0.0,0.0,0.0,0,0.0,0.0,0.0,0.0
2026-03-02 22:00:00,0,0.0,0.0,0.0,0,0.0,0.0,0.0,0.0
2026-03-02 23:00:00,0,0.0,0.0,0.0,0,0.0,0.0,0.0,0.0
2026-03-03 00:00:00,0,0.0,0.0,0.0,0,0.0,0.0,0.0,0.0
2026-03-03 01:00:00,0,0.0,0.0,0.0,0,0.0,0.0,0.0,0.0
2026-03-03 02:00:00,0,0.0,0.0,0.0,0,0.0,0.0,0.0,0.0
2026-03-03 03:00:00,0,0.0,0.0,0.0,0,0.0,0.0,0.0,0.0
2026-03-03 04:00:00,0,0.0,0.0,0.0,0,0.0,0.0,0.0,0.0
2026-03-03 05:00:00,0,0.0,0.0,0.0,0,0.0,0.0,0.0,0.0
2026-03-03 06:00:00,0,0.0,0.0,0.0,0,0.0,0.0,0.0,0.0
2026-03-03 07:00:00,0,0.0,0.0,0.0,0,0.0,0.0,0.0,0.0
2026-03-03 08:00:00,0,0.0,0.0,0.0,0,0.0,0.0,0.0,0.0
2026-03-03 09:00:00,0,0.0,0.0,0.0,0,0.0,0.0,0.0,0.0
2026-03-03 10:00:00,0,0.0,0.0,0.0,0,0.0,0.0,0.0,0.0
2026-03-03 11:00:00,0,0.0,0.0,0.0,0,0.0,0.0,0.0,0.0
2026-03-03 12:00:00,0,0.0,0.0,0.0,0,0.0,0.0,0.0,0.0
2026-03-03 13:00:00,0,0.0,0.0,0.0,0,0.0,0.0,0.0,0.0
2026-03-03 14:00:00,0,0.0,0.0,0.0,0,0.0,0.0,0.0,0.0
2026-03-03 15:00:00,0,0.0,0.0,0.0,0,0.0,0.0,0.0,0.0
2026-03-03 16:00:00,0,0.0,0.0,0.0,0,0.0,0.0,0.0,0.0
2026-03-03 17:00:00,0,0.0,0.0,0.0,0,0.0,0.0,0.0,0.0
2026-03-03 18:00:00,0,0.0,0.0,0.0,0,0.0,0.0,0.0,0.0
2026-03-03 19:00:00,0,0.0,0.0,0.0,0,0.0,0.0,0.0,0.0
2026-03-03 20:00:00,0,0.0,0.0,0.0,0,0.0,0.0,0.0,0.0
2026-03-03 21:00:00,0,0.0,0.0,0.0,0,0.0,0.0,0.0,0.0
2026-03-03 22:00:00,0,0.0,0.0,0.0,0,0.0,0.0,0.0,0.0
2026-03-03 23:00:00,0,0.0,0.0,0.0,0,0.0,0.0,0.0,0.0
2026-03-04 00:00:00,0,0.0,0.0,0.0,0,0.0,0.0,0.0,0.0
2026-03-04 01:00:00,0,0.0,0.0,0.0,0,0.0,0.0,0.0,0.0
2026-03-04 02:00:00,0,0.0,0.0,0.0,0,0.0,0.0,0.0,0.0
2026-03-04 03:00:00,0,0.0,0.0,0.0,0,0.0,0.0,0.0,0.0
2026-03-04 04:00:00,0,0.0,0.0,0.0,0,0.0,0.0,0.0,0.0
2026-03-04 05:00:00,0,0.0,0.0,0.0,0,0.0,0.0,0.0,0.0
2026-03-04 06:00:00,0,0.0,0.0,0.0,0,0.0,0.0,0.0,0.0
2026-03-04 07:00:00,0,0.0,0.0,0.0,0,0.0,0.0,0.0,0.0
2026-03-04 08:00:00,0,0.0,0.0,0.0,0,0.0,0.0,0.0,0.0
2026-03-04 09:00:00,0,0.0,0.0,0.0,0,0.0,0.0,0.0,0.0
2026-03-04 10:00:00,0,0.0,0.0,0.0,0,0.0,0.0,0.0,0.0
2026-03-04 11:00:00,0,0.0,0.0,0.0,0,0.0,0.0,0.0,0.0
2026-03-04 12:00:00,0,0.0,0.0,0.0,0,0.0,0.0,0.0,0.0
2026-03-04 13:00:00,0,0.0,0.0,0.0,0,0.0,0.0,0.0,0.0
2026-03-04 14:00:00,0,0.0,0.0,0.0,0,0.0,0.0,0.0,0.0
2026-03-04 15:00:00,0,0.0,0.0,0.0,0,0.0,0.0,0.0,0.0
2026-03-04 16:00:00,0,0.0,0.0,0.0,0,0.0,0.0,0.0,0.0
2026-03-04 17:00:00,0,0.0,0.0,0.0,0,0.0,0.0,0.0,0.0
2026-03-04 18:00:00,0,0.0,0.0,0.0,0,0.0,0.0,0.0,0.0
2026-03-04 19:00:00,0,0.0,0.0,0.0,0,0.0,0.0,0.0,0.0
2026-03-04 20:00:00,0,0.0,0.0,0.0,0,0.0,0.0,0.0,0.0
2026-03-04 21:00:00,0,0.0,0.0,0.0,0,0.0,0.0,0.0,0.0
2026-03-04 22:00:00,0,0.0,0.0,0.0,0,0.0,0.0,0.0,0.0
2026-03-04 23:00:00,0,0.0,0.0,0.0,0,0.0,0.0,0.0,0.0
2026-03-05 00:00:00,0,0.0,0.0,0.0,0,0.0,0.0,0.0,0.0
2026-03-05 01:00:00,0,0.0,0.0,0.0,0,0.0,0.0,0.0,0.0
2026-03-05 02:00:00,0,0.0,0.0,0.0,0,0.0,0.0,0.0,0.0
2026-03-05 03:00:00,0,0.0,0.0,0.0,0,0.0,0.0,0.0,0.0
2026-03-05 04:00:00,0,0.0,0.0,0.0,0,0.0,0.0,0.0,0.0
2026-03-05 05:00:00,0,0.0,0.0,0.0,0,0.0,0.0,0.0,0.0
2026-03-05 06:00:00,0,0.0,0.0,0.0,0,0.0,0.0,0.0,0.0
2026-03-05 07:00:00,0,0.0,0.0,0.0,0,0.0,0.0,0.0,0.0
2026-03-05 08:00:00,0,0.0,0.0,0.0,0,0.0,0.0,0.0,0.0
2026-03-05 09:00:00,0,0.0,0.0,0.0,0,0.0,0.0,0.0,0.0
2026-03-05 10:00:00,0,0.0,0.0,0.0,0,0.0,0.0,0.0,0.0
2026-03-05 11:00:00,0,0.0,0.0,0.0,0,0.0,0.0,0.0,0.0
2026-03-05 12:00:00,0,0.0,0.0,0.0,0,0.0,0.0,0.0,0.0
2026-03-05 13:00:00,0,0.0,0.0,0.0,0,0.0,0.0,0.0,0.0
2026-03-05 14:00:00,0,0.0,0.0,0.0,0,0.0,0.0,0.0,0.0
2026-03-05 15:00:00,0,0.0,0.0,0.0,0,0.0,0.0,0.0,0.0
2026-03-05 16:00:00,0,0.0,0.0,0.0,0,0.0,0.0,0.0,0.0
2026-03-05 17:00:00,0,0.0,0.0,0.0,0,0.0,0.0,0.0,0.0
2026-03-05 18:00:00,0,0.0,0.0,0.0,0,0.0,0.0,0.0,0.0
2026-03-05 19:00:00,0,0.0,0.0,0.0,0,0.0,0.0,0.0,0.0
2026-03-05 20:00:00,0,0.0,0.0,0.0,0,0.0,0.0,0.0,0.0
2026-03-05 21:00:00,0,0.0,0.0,0.0,0,0.0,0.0,0.0,0.0
2026-03-05 22:00:00,0,0.0,0.0,0.0,0,0.0,0.0,0.0,0.0
2026-03-05 23:00:00,0,0.0,0.0,0.0,0,0.0,0.0,0.0,0.0
2026-03-06 00:00:00,0,0.0,0.0,0.0,0,0.0,0.0,0.0,0.0
2026-03-06 01:00:00,0,0.0,0.0,0.0,0,0.0,0.0,0.0,0.0
2026-03-06 02:00:00,0,0.0,0.0,0.0,0,0.0,0.0,0.0,0.0
2026-03-06 03:00:00,0,0.0,0.0,0.0,0,0.0,0.0,0.0,0.0
2026-03-06 04:00:00,0,0.0,0.0,0.0,0,0.0,0.0,0.0,0.0
2026-03-06 05:00:00,0,0.0,0.0,0.0,0,0.0,0.0,0.0,0.0
2026-03-06 06:00:00,0,0.0,0.0,0.0,0,0.0,0.0,0.0,0.0
2026-03-06 07:00:00,0,0.0,0.0,0.0,0,0.0,0.0,0.0,0.0
2026-03-06 08:00:00,0,0.0,0.0,0.0,0,0.0,0.0,0.0,0.0
2026-03-06 09:00:00,0,0.0,0.0,0.0,0,0.0,0.0,0.0,0.0
2026-03-06 10:00:00,0,0.0,0.0,0.0,0,0.0,0.0,0.0,0.0
2026-03-06 11:00:00,0,0.0,0.0,0.0,0,0.0,0.0,0.0,0.0
2026-03-06 12:00:00,0,0.0,0.0,0.0,0,0.0,0.0,0.0,0.0
2026-03-06 13:00:00,0,0.0,0.0,0.0,0,0.0,0.0,0.0,0.0
2026-03-06 14:00:00,0,0.0,0.0,0.0,0,0.0,0.0,0.0,0.0
2026-03-06 15:00:00,0,0.0,0.0,0.0,0,0.0,0.0,0.0,0.0
2026-03-06 16:00:00,0,0.0,0.0,0.0,0,0.0,0.0,0.0,0.0
2026-03-06 17:00:00,0,0.0,0.0,0.0,0,0.0,0.0,0.0,0.0
2026-03-06 18:00:00,0,0.0,0.0,0.0,0,0.0,0.0,0.0,0.0
2026-03-06 19:00:00,0,0.0,0.0,0.0,0,0.0,0.0,0.0,0.0
2026-03-06 20:00:00,0,0.0,0.0,0.0,0,0.0,0.0,0.0,0.0
2026-03-06 21:00:00,0,0.0,0.0,0.0,0,0.0,0.0,0.0,0.0
2026-03-06 22:00:00,0,0.0,0.0,0.0,0,0.0,0.0,0.0,0.0
2026-03-06 23:00:00,0,0.0,0.0,0.0,0,0.0,0.0,0.0,0.0
2026-03-07 00:00:00,0,0.0,0.0,0.0,0,0.0,0.0,0.0,0.0
2026-03-07 01:00:00,0,0.0,0.0,0.0,0,0.0,0.0,0.0,0.0
2026-03-07 02:00:00,0,0.0,0.0,0.0,0,0.0,0.0,0.0,0.0
2026-03-07 03:00:00,0,0.0,0.0,0.0,0,0.0,0.0,0.0,0.0
2026-03-07 04:00:00,0,0.0,0.0,0.0,0,0.0,0.0,0.0,0.0
2026-03-07 05:00:00,0,0.0,0.0,0.0,0,0.0,0.0,0.0,0.0
2026-03-07 06:00:00,0,0.0,0.0,0.0,0,0.0,0.0,0.0,0.0
2026-03-07 07:00:00,0,0.0,0.0,0.0,0,0.0,0.0,0.0,0.0
2026-03-07 08:00:00,0,0.0,0.0,0.0,0,0.0,0.0,0.0,0.0
2026-03-07 09:00:00,0,0.0,0.0,0.0,0,0.0,0.0,0.0,0.0
2026-03-07 10:00:00,0,0.0,0.0,0.0,0,0.0,0.0,0.0,0.0
2026-03-07 11:00:00,0,0.0,0.0,0.0,0,0.0,0.0,0.0,0.0
2026-03-07 12:00:00,0,0.0,0.0,0.0,0,0.0,0.0,0.0,0.0
2026-03-07 13:00:00,0,0.0,0.0,0.0,0,0.0,0.0,0.0,0.0
2026-03-07 14:00:00,0,0.0,0.0,0.0,0,0.0,0.0,0.0,0.0
2026-03-07 15:00:00,0,0.0,0.0,0.0,0,0.0,0.0,0.0,0.0
2026-03-07 16:00:00,0,0.0,0.0,0.0,0,0.0,0.0,0.0,0.0
2026-03-07 17:00:00,0,0.0,0.0,0.0,0,0.0,0.0,0.0,0.0
2026-03-07 18:00:00,0,0.0,0.0,0.0,0,0.0,0.0,0.0,0.0
2026-03-07 19:00:00,0,0.0,0.0,0.0,0,0.0,0.0,0.0,0.0
2026-03-07 20:00:00,0,0.0,0.0,0.0,0,0.0,0.0,0.0,0.0
2026-03-07 21:00:00,0,0.0,0.0,0.0,0,0.0,0.0,0.0,0.0
2026-03-07 22:00:00,0,0.0,0.0,0.0,0,0.0,0.0,0.0,0.0
2026-03-07 23:00:00,0,0.0,0.0,0.0,0,0.0,0.0,0.0,0.0
2026-03-08 00:00:00,0,0.0,0.0,0.0,0,0.0,0.0,0.0,0.0
2026-03-08 01:00:00,0,0.0,0.0,0.0,0,0.0,0.0,0.0,0.0
2026-03-08 02:00:00,0,0.0,0.0,0.0,0,0.0,0.0,0.0,0.0
2026-03-08 03:00:00,0,0.0,0.0,0.0,0,0.0,0.0,0.0,0.0
2026-03-08 04:00:00,0,0.0,0.0,0.0,0,0.0,0.0,0.0,0.0
2026-03-08 05:00:00,0,0.0,0.0,0.0,0,0.0,0.0,0.0,0.0
2026-03-08 06:00:00,0,0.0,0.0,0.0,0,0.0,0.0,0.0,0.0
2026-03-08 07:00:00,0,0.0,0.0,0.0,0,0.0,0.0,0.0,0.0
2026-03-08 08:00:00,0,0.0,0.0,0.0,0,0.0,0.0,0.0,0.0
2026-03-08 09:00:00,0,0.0,0.0,0.0,0,0.0,0.0,0.0,0.0
2026-03-08 10:00:00,0,0.0,0.0,0.0,0,0.0,0.0,0.0,0.0
2026-03-08 11:00:00,0,0.0,0.0,0.0,0,0.0,0.0,0.0,0.0
2026-03-08 12:00:00,0,0.0,0.0,0.0,0,0.0,0.0,0.0,0.0
2026-03-08 13:00:00,0,0.0,0.0,0.0,0,0.0,0.0,0.0,0.0
2026-03-08 14:00:00,0,0.0,0.0,0.0,0,0.0,0.0,0.0,0.0
2026-03-08 15:00:00,0,0.0,0.0,0.0,0,0.0,0.0,0.0,0.0
2026-03-08 16:00:00,0,0.0,0.0,0.0,0,0.0,0.0,0.0,0.0
2026-03-08 17:00:00,0,0.0,0.0,0.0,0,0.0,0.0,0.0,0.0
2026-03-08 18:00:00,0,0.0,0.0,0.0,0,0.0,0.0,0.0,0.0
2026-03-08 19:00:00,0,0.0,0.0,0.0,0,0.0,0.0,0.0,0.0
2026-03-08 20:00:00,0,0.0,0.0,0.0,0,0.0,0.0,0.0,0.0
2026-03-08 21:00:00,0,0.0,0.0,0.0,0,0.0,0.0,0.0,0.0
2026-03-08 22:00:00,0,0.0,0.0,0.0,0,0.0,0.0,0.0,0.0
2026-03-08 23:00:00,0,0.0,0.0,0.0,0,0.0,0.0,0.0,0.0
2026-03-09 00:00:00,0,0.0,0.0,0.0,0,0.0,0.0,0.0,0.0
2026-03-09 01:00:00,0,0.0,0.0,0.0,0,0.0,0.0,0.0,0.0
2026-03-09 02:00:00,0,0.0,0.0,0.0,0,0.0,0.0,0.0,0.0
2026-03-09 03:00:00,0,0.0,0.0,0.0,0,0.0,0.0,0.0,0.0
2026-03-09 04:00:00,0,0.0,0.0,0.0,0,0.0,0.0,0.0,0.0
2026-03-09 05:00:00,0,0.0,0.0,0.0,0,0.0,0.0,0.0,0.0
2026-03-09 06:00:00,0,0.0,0.0,0.0,0,0.0,0.0,0.0,0.0
2026-03-09 07:00:00,0,0.0,0.0,0.0,0,0.0,0.0,0.0,0.0
2026-03-09 08:00:00,0,0.0,0.0,0.0,0,0.0,0.0,0.0,0.0
2026-03-09 09:00:00,0,0.0,0.0,0.0,0,0.0,0.0,0.0,0.0
2026-03-09 10:00:00,0,0.0,0.0,0.0,0,0.0,0.0,0.0,0.0
2026-03-09 11:00:00,0,0.0,0.0,0.0,0,0.0,0.0,0.0,0.0
2026-03-09 12:00:00,0,0.0,0.0,0.0,0,0.0,0.0,0.0,0.0
2026-03-09 13:00:00,0,0.0,0.0,0.0,0,0.0,0.0,0.0,0.0
2026-03-09 14:00:00,0,0.0,0.0,0.0,0,0.0,0.0,0.0,0.0
2026-03-09 15:00:00,0,0.0,0.0,0.0,0,0.0,0.0,0.0,0.0
2026-03-09 16:00:00,0,0.0,0.0,0.0,0,0.0,0.0,0.0,0.0
2026-03-09 17:00:00,0,0.0,0.0,0.0,0,0.0,0.0,0.0,0.0
2026-03-09 18:00:00,0,0.0,0.0,0.0,0,0.0,0.0,0.0,0.0
2026-03-09 19:00:00,0,0.0,0.0,0.0,0,0.0,0.0,0.0,0.0
2026-03-09 20:00:00,0,0.0,0.0,0.0,0,0.0,0.0,0.0,0.0
2026-03-09 21:00:00,0,0.0,0.0,0.0,0,0.0,0.0,0.0,0.0
2026-03-09 22:00:00,0,0.0,0.0,0.0,0,0.0,0.0,0.0,0.0
2026-03-09 23:00:00,0,0.0,0.0,0.0,0,0.0,0.0,0.0,0.0
2026-03-10 00:00:00,0,0.0,0.0,0.0,0,0.0,0.0,0.0,0.0
2026-03-10 01:00:00,0,0.0,0.0,0.0,0,0.0,0.0,0.0,0.0
2026-03-10 02:00:00,0,0.0,0.0,0.0,0,0.0,0.0,0.0,0.0
2026-03-10 03:00:00,0,0.0,0.0,0.0,0,0.0,0.0,0.0,0.0
2026-03-10 04:00:00,0,0.0,0.0,0.0,0,0.0,0.0,0.0,0.0
2026-03-10 05:00:00,0,0.0,0.0,0.0,0,0.0,0.0,0.0,0.0
2026-03-10 06:00:00,0,0.0,0.0,0.0,0,0.0,0.0,0.0,0.0
2026-03-10 07:00:00,0,0.0,0.0,0.0,0,0.0,0.0,0.0,0.0
2026-03-10 08:00:00,0,0.0,0.0,0.0,0,0.0,0.0,0.0,0.0
2026-03-10 09:00:00,0,0.0,0.0,0.0,0,0.0,0.0,0.0,0.0
2026-03-10 10:00:00,0,0.0,0.0,0.0,0,0.0,0.0,0.0,0.0
2026-03-10 11:00:00,0,0.0,0.0,0.0,0,0.0,0.0,0.0,0.0
2026-03-10 12:00:00,0,0.0,0.0,0.0,0,0.0,0.0,0.0,0.0
2026-03-10 13:00:00,0,0.0,0.0,0.0,0,0.0,0.0,0.0,0.0
2026-03-10 14:00:00,0,0.0,0.0,0.0,0,0.0,0.0,0.0,0.0
2026-03-10 15:00:00,0,0.0,0.0,0.0,0,0.0,0.0,0.0,0.0
2026-03-10 16:00:00,0,0.0,0.0,0.0,0,0.0,0.0,0.0,0.0
2026-03-10 17:00:00,0,0.0,0.0,0.0,0,0.0,0.0,0.0,0.0
2026-03-10 18:00:00,0,0.0,0.0,0.0,0,0.0,0.0,0.0,0.0
2026-03-10 19:00:00,0,0.0,0.0,0.0,0,0.0,0.0,0.0,0.0
2026-03-10 20:00:00,0,0.0,0.0,0.0,0,0.0,0.0,0.0,0.0
2026-03-10 21:00:00,0,0.0,0.0,0.0,0,0.0,0.0,0.0,0.0
2026-03-10 22:00:00,0,0.0,0.0,0.0,0,0.0,0.0,0.0,0.0
2026-03-10 23:00:00,0,0.0,0.0,0.0,0,0.0,0.0,0.0,0.0
2026-03-11 00:00:00,0,0.0,0.0,0.0,0,0.0,0.0,0.0,0.0
2026-03-11 01:00:00,0,0.0,0.0,0.0,0,0.0,0.0,0.0,0.0
2026-03-11 02:00:00,0,0.0,0.0,0.0,0,0.0,0.0,0.0,0.0
2026-03-11 03:00:00,0,0.0,0.0,0.0,0,0.0,0.0,0.0,0.0
2026-03-11 04:00:00,0,0.0,0.0,0.0,0,0.0,0.0,0.0,0.0
2026-03-11 05:00:00,0,0.0,0.0,0.0,0,0.0,0.0,0.0,0.0
2026-03-11 06:00:00,0,0.0,0.0,0.0,0,0.0,0.0,0.0,0.0
2026-03-11 07:00:00,0,0.0,0.0,0.0,0,0.0,0.0,0.0,0.0
2026-03-11 08:00:00,0,0.0,0.0,0.0,0,0.0,0.0,0.0,0.0
2026-03-11 09:00:00,0,0.0,0.0,0.0,0,0.0,0.0,0.0,0.0
2026-03-11 10:00:00,0,0.0,0.0,0.0,0,0.0,0.0,0.0,0.0
2026-03-11 11:00:00,0,0.0,0.0,0.0,0,0.0,0.0,0.0,0.0
2026-03-11 12:00:00,0,0.0,0.0,0.0,0,0.0,0.0,0.0,0.0
2026-03-11 13:00:00,0,0.0,0.0,0.0,0,0.0,0.0,0.0,0.0
2026-03-11 14:00:00,0,0.0,0.0,0.0,0,0.0,0.0,0.0,0.0
2026-03-11 15:00:00,0,0.0,0.0,0.0,0,0.0,0.0,0.0,0.0
2026-03-11 16:00:00,0,0.0,0.0,0.0,0,0.0,0.0,0.0,0.0
2026-03-11 17:00:00,0,0.0,0.0,0.0,0,0.0,0.0,0.0,0.0
2026-03-11 18:00:00,0,0.0,0.0,0.0,0,0.0,0.0,0.0,0.0
2026-03-11 19:00:00,0,0.0,0.0,0.0,0,0.0,0.0,0.0,0.0
2026-03-11 20:00:00,0,0.0,0.0,0.0,0,0.0,0.0,0.0,0.0
2026-03-11 21:00:00,0,0.0,0.0,0.0,0,0.0,0.0,0.0,0.0
2026-03-11 22:00:00,0,0.0,0.0,0.0,0,0.0,0.0,0.0,0.0
2026-03-11 23:00:00,0,0.0,0.0,0.0,0,0.0,0.0,0.0,0.0
2026-03-12 00:00:00,0,0.0,0.0,0.0,0,0.0,0.0,0.0,0.0
2026-03-12 01:00:00,0,0.0,0.0,0.0,0,0.0,0.0,0.0,0.0
2026-03-12 02:00:00,0,0.0,0.0,0.0,0,0.0,0.0,0.0,0.0
2026-03-12 03:00:00,0,0.0,0.0,0.0,0,0.0,0.0,0.0,0.0
2026-03-12 04:00:00,0,0.0,0.0,0.0,0,0.0,0.0,0.0,0.0
2026-03-12 05:00:00,0,0.0,0.0,0.0,0,0.0,0.0,0.0,0.0
2026-03-12 06:00:00,0,0.0,0.0,0.0,0,0.0,0.0,0.0,0.0
2026-03-12 07:00:00,0,0.0,0.0,0.0,0,0.0,0.0,0.0,0.0
2026-03-12 08:00:00,0,0.0,0.0,0.0,0,0.0,0.0,0.0,0.0
2026-03-12 09:00:00,0,0.0,0.0,0.0,0,0.0,0.0,0.0,0.0
2026-03-12 10:00:00,0,0.0,0.0,0.0,0,0.0,0.0,0.0,0.0
2026-03-12 11:00:00,0,0.0,0.0,0.0,0,0.0,0.0,0.0,0.0
2026-03-12 12:00:00,0,0.0,0.0,0.0,0,0.0,0.0,0.0,0.0
2026-03-12 13:00:00,0,0.0,0.0,0.0,0,0.0,0.0,0.0,0.0
2026-03-12 14:00:00,0,0.0,0.0,0.0,0,0.0,0.0,0.0,0.0
2026-03-12 15:00:00,0,0.0,0.0,0.0,0,0.0,0.0,0.0,0.0
2026-03-12 16:00:00,0,0.0,0.0,0.0,0,0.0,0.0,0.0,0.0
2026-03-12 17:00:00,0,0.0,0.0,0.0,0,0.0,0.0,0.0,0.0
2026-03-12 18:00:00,0,0.0,0.0,0.0,0,0.0,0.0,0.0,0.0
2026-03-12 19:00:00,0,0.0,0.0,0.0,0,0.0,0.0,0.0,0.0
2026-03-12 20:00:00,0,0.0,0.0,0.0,0,0.0,0.0,0.0,0.0
2026-03-12 21:00:00,0,0.0,0.0,0.0,0,0.0,0.0,0.0,0.0
2026-03-12 22:00:00,0,0.0,0.0,0.0,0,0.0,0.0,0.0,0.0
2026-03-12 23:00:00,0,0.0,0.0,0.0,0,0.0,0.0,0.0,0.0
2026-03-13 00:00:00,0,0.0,0.0,0.0,0,0.0,0.0,0.0,0.0
2026-03-13 01:00:00,0,0.0,0.0,0.0,0,0.0,0.0,0.0,0.0
2026-03-13 02:00:00,0,0.0,0.0,0.0,0,0.0,0.0,0.0,0.0
2026-03-13 03:00:00,0,0.0,0.0,0.0,0,0.0,0.0,0.0,0.0
2026-03-13 04:00:00,0,0.0,0.0,0.0,0,0.0,0.0,0.0,0.0
2026-03-13 05:00:00,0,0.0,0.0,0.0,0,0.0,0.0,0.0,0.0
2026-03-13 06:00:00,0,0.0,0.0,0.0,0,0.0,0.0,0.0,0.0
2026-03-13 07:00:00,0,0.0,0.0,0.0,0,0.0,0.0,0.0,0.0
2026-03-13 08:00:00,0,0.0,0.0,0.0,0,0.0,0.0,0.0,0.0
2026-03-13 09:00:00,0,0.0,0.0,0.0,0,0.0,0.0,0.0,0.0
2026-03-13 10:00:00,0,0.0,0.0,0.0,0,0.0,0.0,0.0,0.0
2026-03-13 11:00:00,0,0.0,0.0,0.0,0,0.0,0.0,0.0,0.0
2026-03-13 12:00:00,0,0.0,0.0,0.0,0,0.0,0.0,0.0,0.0
2026-03-13 13:00:00,0,0.0,0.0,0.0,0,0.0,0.0,0.0,0.0
2026-03-13 14:00:00,0,0.0,0.0,0.0,0,0.0,0.0,0.0,0.0
2026-03-13 15:00:00,0,0.0,0.0,0.0,0,0.0,0.0,0.0,0.0
2026-03-13 16:00:00,0,0.0,0.0,0.0,0,0.0,0.0,0.0,0.0
2026-03-13 17:00:00,0,0.0,0.0,0.0,0,0.0,0.0,0.0,0.0
2026-03-13 18:00:00,0,0.0,0.0,0.0,0,0.0,0.0,0.0,0.0
2026-03-13 19:00:00,0,0.0,0.0,0.0,0,0.0,0.0,0.0,0.0
2026-03-13 20:00:00,0,0.0,0.0,0.0,0,0.0,0.0,0.0,0.0
2026-03-13 21:00:00,0,0.0,0.0,0.0,0,0.0,0.0,0.0,0.0
2026-03-13 22:00:00,0,0.0,0.0,0.0,0,0.0,0.0,0.0,0.0
2026-03-13 23:00:00,0,0.0,0.0,0.0,0,0.0,0.0,0.0,0.0
2026-03-14 00:00:00,0,0.0,0.0,0.0,0,0.0,0.0,0.0,0.0
2026-03-14 01:00:00,0,0.0,0.0,0.0,0,0.0,0.0,0.0,0.0
2026-03-14 02:00:00,0,0.0,0.0,0.0,0,0.0,0.0,0.0,0.0
2026-03-14 03:00:00,0,0.0,0.0,0.0,0,0.0,0.0,0.0,0.0
2026-03-14 04:00:00,0,0.0,0.0,0.0,0,0.0,0.0,0.0,0.0
2026-03-14 05:00:00,0,0.0,0.0,0.0,0,0.0,0.0,0.0,0.0
2026-03-14 06:00:00,0,0.0,0.0,0.0,0,0.0,0.0,0.0,0.0
2026-03-14 07:00:00,0,0.0,0.0,0.0,0,0.0,0.0,0.0,0.0
2026-03-14 08:00:00,0,0.0,0.0,0.0,0,0.0,0.0,0.0,0.0
2026-03-14 09:00:00,0,0.0,0.0,0.0,0,0.0,0.0,0.0,0.0
2026-03-14 10:00:00,0,0.0,0.0,0.0,0,0.0,0.0,0.0,0.0
2026-03-14 11:00:00,0,0.0,0.0,0.0,0,0.0,0.0,0.0,0.0
2026-03-14 12:00:00,0,0.0,0.0,0.0,0,0.0,0.0,0.0,0.0
2026-03-14 13:00:00,0,0.0,0.0,0.0,0,0.0,0.0,0.0,0.0
2026-03-14 14:00:00,0,0.0,0.0,0.0,0,0.0,0.0,0.0,0.0
2026-03-14 15:00:00,0,0.0,0.0,0.0,0,0.0,0.0,0.0,0.0
2026-03-14 16:00:00,0,0.0,0.0,0.0,0,0.0,0.0,0.0,0.0
2026-03-14 17:00:00,0,0.0,0.0,0.0,0,0.0,0.0,0.0,0.0
2026-03-14 18:00:00,0,0.0,0.0,0.0,0,0.0,0.0,0.0,0.0
2026-03-14 19:00:00,0,0.0,0.0,0.0,0,0.0,0.0,0.0,0.0
2026-03-14 20:00:00,0,0.0,0.0,0.0,0,0.0,0.0,0.0,0.0
2026-03-14 21:00:00,0,0.0,0.0,0.0,0,0.0,0.0,0.0,0.0
2026-03-14 22:00:00,0,0.0,0.0,0.0,0,0.0,0.0,0.0,0.0
2026-03-14 23:00:00,0,0.0,0.0,0.0,0,0.0,0.0,0.0,0.0
2026-03-15 00:00:00,0,0.0,0.0,0.0,0,0.0,0.0,0.0,0.0
2026-03-15 01:00:00,0,0.0,0.0,0.0,0,0.0,0.0,0.0,0.0
2026-03-15 02:00:00,0,0.0,0.0,0.0,0,0.0,0.0,0.0,0.0
2026-03-15 03:00:00,0,0.0,0.0,0.0,0,0.0,0.0,0.0,0.0
2026-03-15 04:00:00,0,0.0,0.0,0.0,0,0.0,0.0,0.0,0.0
2026-03-15 05:00:00,0,0.0,0.0,0.0,0,0.0,0.0,0.0,0.0
2026-03-15 06:00:00,0,0.0,0.0,0.0,0,0.0,0.0,0.0,0.0
2026-03-15 07:00:00,0,0.0,0.0,0.0,0,0.0,0.0,0.0,0.0
2026-03-15 08:00:00,0,0.0,0.0,0.0,0,0.0,0.0,0.0,0.0
2026-03-15 09:00:00,0,0.0,0.0,0.0,0,0.0,0.0,0.0,0.0
2026-03-15 10:00:00,0,0.0,0.0,0.0,0,0.0,0.0,0.0,0.0
2026-03-15 11:00:00,0,0.0,0.0,0.0,0,0.0,0.0,0.0,0.0
2026-03-15 12:00:00,0,0.0,0.0,0.0,0,0.0,0.0,0.0,0.0
2026-03-15 13:00:00,0,0.0,0.0,0.0,0,0.0,0.0,0.0,0.0
2026-03-15 14:00:00,0,0.0,0.0,0.0,0,0.0,0.0,0.0,0.0
2026-03-15 15:00:00,0,0.0,0.0,0.0,0,0.0,0.0,0.0,0.0
2026-03-15 16:00:00,0,0.0,0.0,0.0,0,0.0,0.0,0.0,0.0
2026-03-15 17:00:00,0,0.0,0.0,0.0,0,0.0,0.0,0.0,0.0
2026-03-15 18:00:00,0,0.0,0.0,0.0,0,0.0,0.0,0.0,0.0
2026-03-15 19:00:00,0,0.0,0.0,0.0,0,0.0,0.0,0.0,0.0
2026-03-15 20:00:00,0,0.0,0.0,0.0,0,0.0,0.0,0.0,0.0
2026-03-15 21:00:00,0,0.0,0.0,0.0,0,0.0,0.0,0.0,0.0
2026-03-15 22:00:00,0,0.0,0.0,0.0,0,0.0,0.0,0.0,0.0
2026-03-15 23:00:00,0,0.0,0.0,0.0,0,0.0,0.0,0.0,0.0
2026-03-16 00:00:00,0,0.0,0.0,0.0,0,0.0,0.0,0.0,0.0
2026-03-16 01:00:00,0,0.0,0.0,0.0,0,0.0,0.0,0.0,0.0
2026-03-16 02:00:00,0,0.0,0.0,0.0,0,0.0,0.0,0.0,0.0
2026-03-16 03:00:00,0,0.0,0.0,0.0,0,0.0,0.0,0.0,0.0
2026-03-16 04:00:00,0,0.0,0.0,0.0,0,0.0,0.0,0.0,0.0
2026-03-16 05:00:00,0,0.0,0.0,0.0,0,0.0,0.0,0.0,0.0
2026-03-16 06:00:00,0,0.0,0.0,0.0,0,0.0,0.0,0.0,0.0
2026-03-16 07:00:00,0,0.0,0.0,0.0,0,0.0,0.0,0.0,0.0
2026-03-16 08:00:00,0,0.0,0.0,0.0,0,0.0,0.0,0.0,0.0
2026-03-16 09:00:00,0,0.0,0.0,0.0,0,0.0,0.0,0.0,0.0
2026-03-16 10:00:00,0,0.0,0.0,0.0,0,0.0,0.0,0.0,0.0
2026-03-16 11:00:00,0,0.0,0.0,0.0,0,0.0,0.0,0.0,0.0
2026-03-16 12:00:00,0,0.0,0.0,0.0,0,0.0,0.0,0.0,0.0
2026-03-16 13:00:00,0,0.0,0.0,0.0,0,0.0,0.0,0.0,0.0
2026-03-16 14:00:00,0,0.0,0.0,0.0,0,0.0,0.0,0.0,0.0
2026-03-16 15:00:00,0,0.0,0.0,0.0,0,0.0,0.0,0.0,0.0
2026-03-16 16:00:00,0,0.0,0.0,0.0,0,0.0,0.0,0.0,0.0
2026-03-16 17:00:00,0,0.0,0.0,0.0,0,0.0,0.0,0.0,0.0
2026-03-16 18:00:00,0,0.0,0.0,0.0,0,0.0,0.0,0.0,0.0
2026-03-16 19:00:00,0,0.0,0.0,0.0,0,0.0,0.0,0.0,0.0
2026-03-16 20:00:00,0,0.0,0.0,0.0,0,0.0,0.0,0.0,0.0
2026-03-16 21:00:00,0,0.0,0.0,0.0,0,0.0,0.0,0.0,0.0
2026-03-16 22:00:00,0,0.0,0.0,0.0,0,0.0,0.0,0.0,0.0
2026-03-16 23:00:00,0,0.0,0.0,0.0,0,0.0,0.0,0.0,0.0
2026-03-17 00:00:00,0,0.0,0.0,0.0,0,0.0,0.0,0.0,0.0
2026-03-17 01:00:00,0,0.0,0.0,0.0,0,0.0,0.0,0.0,0.0
2026-03-17 02:00:00,0,0.0,0.0,0.0,0,0.0,0.0,0.0,0.0
2026-03-17 03:00:00,0,0.0,0.0,0.0,0,0.0,0.0,0.0,0.0
2026-03-17 04:00:00,0,0.0,0.0,0.0,0,0.0,0.0,0.0,0.0
2026-03-17 05:00:00,0,0.0,0.0,0.0,0,0.0,0.0,0.0,0.0
2026-03-17 06:00:00,0,0.0,0.0,0.0,0,0.0,0.0,0.0,0.0
2026-03-17 07:00:00,0,0.0,0.0,0.0,0,0.0,0.0,0.0,0.0
2026-03-17 08:00:00,0,0.0,0.0,0.0,0,0.0,0.0,0.0,0.0
2026-03-17 09:00:00,0,0.0,0.0,0.0,0,0.0,0.0,0.0,0.0
2026-03-17 10:00:00,0,0.0,0.0,0.0,0,0.0,0.0,0.0,0.0
2026-03-17 11:00:00,0,0.0,0.0,0.0,0,0.0,0.0,0.0,0.0
2026-03-17 12:00:00,0,0.0,0.0,0.0,0,0.0,0.0,0.0,0.0
2026-03-17 13:00:00,0,0.0,0.0,0.0,0,0.0,0.0,0.0,0.0
2026-03-17 14:00:00,0,0.0,0.0,0.0,0,0.0,0.0,0.0,0.0
2026-03-17 15:00:00,0,0.0,0.0,0.0,0,0.0,0.0,0.0,0.0
2026-03-17 16:00:00,0,0.0,0.0,0.0,0,0.0,0.0,0.0,0.0
2026-03-17 17:00:00,0,0.0,0.0,0.0,0,0.0,0.0,0.0,0.0
2026-03-17 18:00:00,0,0.0,0.0,0.0,0,0.0,0.0,0.0,0.0
2026-03-17 19:00:00,0,0.0,0.0,0.0,0,0.0,0.0,0.0,0.0
2026-03-17 20:00:00,0,0.0,0.0,0.0,0,0.0,0.0,0.0,0.0
2026-03-17 21:00:00,0,0.0,0.0,0.0,0,0.0,0.0,0.0,0.0
2026-03-17 22:00:00,0,0.0,0.0,0.0,0,0.0,0.0,0.0,0.0
2026-03-17 23:00:00,0,0.0,0.0,0.0,0,0.0,0.0,0.0,0.0
2026-03-18 00:00:00,0,0.0,0.0,0.0,0,0.0,0.0,0.0,0.0
2026-03-18 01:00:00,0,0.0,0.0,0.0,0,0.0,0.0,0.0,0.0
2026-03-18 02:00:00,0,0.0,0.0,0.0,0,0.0,0.0,0.0,0.0
2026-03-18 03:00:00,0,0.0,0.0,0.0,0,0.0,0.0,0.0,0.0
2026-03-18 04:00:00,0,0.0,0.0,0.0,0,0.0,0.0,0.0,0.0
2026-03-18 05:00:00,0,0.0,0.0,0.0,0,0.0,0.0,0.0,0.0
2026-03-18 06:00:00,0,0.0,0.0,0.0,0,0.0,0.0,0.0,0.0
2026-03-18 07:00:00,0,0.0,0.0,0.0,0,0.0,0.0,0.0,0.0
2026-03-18 08:00:00,0,0.0,0.0,0.0,0,0.0,0.0,0.0,0.0
2026-03-18 09:00:00,0,0.0,0.0,0.0,0,0.0,0.0,0.0,0.0
2026-03-18 10:00:00,0,0.0,0.0,0.0,0,0.0,0.0,0.0,0.0
2026-03-18 11:00:00,0,0.0,0.0,0.0,0,0.0,0.0,0.0,0.0
2026-03-18 12:00:00,0,0.0,0.0,0.0,0,0.0,0.0,0.0,0.0
2026-03-18 13:00:00,0,0.0,0.0,0.0,0,0.0,0.0,0.0,0.0
2026-03-18 14:00:00,0,0.0,0.0,0.0,0,0.0,0.0,0.0,0.0
2026-03-18 15:00:00,0,0.0,0.0,0.0,0,0.0,0.0,0.0,0.0
2026-03-18 16:00:00,0,0.0,0.0,0.0,0,0.0,0.0,0.0,0.0
2026-03-18 17:00:00,0,0.0,0.0,0.0,0,0.0,0.0,0.0,0.0
2026-03-18 18:00:00,0,0.0,0.0,0.0,0,0.0,0.0,0.0,0.0
2026-03-18 19:00:00,0,0.0,0.0,0.0,0,0.0,0.0,0.0,0.0
2026-03-18 20:00:00,0,0.0,0.0,0.0,0,0.0,0.0,0.0,0.0
2026-03-18 21:00:00,0,0.0,0.0,0.0,0,0.0,0.0,0.0,0.0
2026-03-18 22:00:00,0,0.0,0.0,0.0,0,0.0,0.0,0.0,0.0
2026-03-18 23:00:00,0,0.0,0.0,0.0,0,0.0,0.0,0.0,0.0
2026-03-19 00:00:00,0,0.0,0.0,0.0,0,0.0,0.0,0.0,0.0
2026-03-19 01:00:00,0,0.0,0.0,0.0,0,0.0,0.0,0.0,0.0
2026-03-19 02:00:00,0,0.0,0.0,0.0,0,0.0,0.0,0.0,0.0
2026-03-19 03:00:00,0,0.0,0.0,0.0,0,0.0,0.0,0.0,0.0
2026-03-19 04:00:00,0,0.0,0.0,0.0,0,0.0,0.0,0.0,0.0
2026-03-19 05:00:00,0,0.0,0.0,0.0,0,0.0,0.0,0.0,0.0
2026-03-19 06:00:00,0,0.0,0.0,0.0,0,0.0,0.0,0.0,0.0
2026-03-19 07:00:00,0,0.0,0.0,0.0,0,0.0,0.0,0.0,0.0
2026-03-19 08:00:00,0,0.0,0.0,0.0,0,0.0,0.0,0.0,0.0
2026-03-19 09:00:00,0,0.0,0.0,0.0,0,0.0,0.0,0.0,0.0
2026-03-19 10:00:00,0,0.0,0.0,0.0,0,0.0,0.0,0.0,0.0
2026-03-19 11:00:00,0,0.0,0.0,0.0,0,0.0,0.0,0.0,0.0
2026-03-19 12:00:00,0,0.0,0.0,0.0,0,0.0,0.0,0.0,0.0
2026-03-19 13:00:00,0,0.0,0.0,0.0,0,0.0,0.0,0.0,0.0
2026-03-19 14:00:00,0,0.0,0.0,0.0,0,0.0,0.0,0.0,0.0
2026-03-19 15:00:00,0,0.0,0.0,0.0,0,0.0,0.0,0.0,0.0
2026-03-19 16:00:00,0,0.0,0.0,0.0,0,0.0,0.0,0.0,0.0
2026-03-19 17:00:00,0,0.0,0.0,0.0,0,0.0,0.0,0.0,0.0
2026-03-19 18:00:00,0,0.0,0.0,0.0,0,0.0,0.0,0.0,0.0
2026-03-19 19:00:00,0,0.0,0.0,0.0,0,0.0,0.0,0.0,0.0
2026-03-19 20:00:00,0,0.0,0.0,0.0,0,0.0,0.0,0.0,0.0
2026-03-19 21:00:00,0,0.0,0.0,0.0,0,0.0,0.0,0.0,0.0
2026-03-19 22:00:00,0,0.0,0.0,0.0,0,0.0,0.0,0.0,0.0
2026-03-19 23:00:00,0,0.0,0.0,0.0,0,0.0,0.0,0.0,0.0
2026-03-20 00:00:00,0,0.0,0.0,0.0,0,0.0,0.0,0.0,0.0
2026-03-20 01:00:00,0,0.0,0.0,0.0,0,0.0,0.0,0.0,0.0
2026-03-20 02:00:00,0,0.0,0.0,0.0,0,0.0,0.0,0.0,0.0
2026-03-20 03:00:00,0,0.0,0.0,0.0,0,0.0,0.0,0.0,0.0
2026-03-20 04:00:00,0,0.0,0.0,0.0,0,0.0,0.0,0.0,0.0
2026-03-20 05:00:00,0,0.0,0.0,0.0,0,0.0,0.0,0.0,0.0
2026-03-20 06:00:00,0,0.0,0.0,0.0,0,0.0,0.0,0.0,0.0
2026-03-20 07:00:00,0,0.0,0.0,0.0,0,0.0,0.0,0.0,0.0
2026-03-20 08:00:00,0,0.0,0.0,0.0,0,0.0,0.0,0.0,0.0
2026-03-20 09:00:00,0,0.0,0.0,0.0,0,0.0,0.0,0.0,0.0
2026-03-20 10:00:00,0,0.0,0.0,0.0,0,0.0,0.0,0.0,0.0
2026-03-20 11:00:00,0,0.0,0.0,0.0,0,0.0,0.0,0.0,0.0
2026-03-20 12:00:00,0,0.0,0.0,0.0,0,0.0,0.0,0.0,0.0
2026-03-20 13:00:00,0,0.0,0.0,0.0,0,0.0,0.0,0.0,0.0
2026-03-20 14:00:00,0,0.0,0.0,0.0,0,0.0,0.0,0.0,0.0
2026-03-20 15:00:00,0,0.0,0.0,0.0,0,0.0,0.0,0.0,0.0
2026-03-20 16:00:00,0,0.0,0.0,0.0,0,0.0,0.0,0.0,0.0
2026-03-20 17:00:00,0,0.0,0.0,0.0,0,0.0,0.0,0.0,0.0
2026-03-20 18:00:00,0,0.0,0.0,0.0,0,0.0,0.0,0.0,0.0
2026-03-20 19:00:00,0,0.0,0.0,0.0,0,0.0,0.0,0.0,0.0
2026-03-20 20:00:00,0,0.0,0.0,0.0,0,0.0,0.0,0.0,0.0
2026-03-20 21:00:00,0,0.0,0.0,0.0,0,0.0,0.0,0.0,0.0
2026-03-20 22:00:00,0,0.0,0.0,0.0,0,0.0,0.0,0.0,0.0
2026-03-20 23:00:00,0,0.0,0.0,0.0,0,0.0,0.0,0.0,0.0
2026-03-21 00:00:00,0,0.0,0.0,0.0,0,0.0,0.0,0.0,0.0
2026-03-21 01:00:00,0,0.0,0.0,0.0,0,0.0,0.0,0.0,0.0
2026-03-21 02:00:00,0,0.0,0.0,0.0,0,0.0,0.0,0.0,0.0
2026-03-21 03:00:00,0,0.0,0.0,0.0,0,0.0,0.0,0.0,0.0
2026-03-21 04:00:00,0,0.0,0.0,0.0,0,0.0,0.0,0.0,0.0
2026-03-21 05:00:00,0,0.0,0.0,0.0,0,0.0,0.0,0.0,0.0
2026-03-21 06:00:00,0,0.0,0.0,0.0,0,0.0,0.0,0.0,0.0
2026-03-21 07:00:00,0,0.0,0.0,0.0,0,0.0,0.0,0.0,0.0
2026-03-21 08:00:00,0,0.0,0.0,0.0,0,0.0,0.0,0.0,0.0
2026-03-21 09:00:00,0,0.0,0.0,0.0,0,0.0,0.0,0.0,0.0
2026-03-21 10:00:00,0,0.0,0.0,0.0,0,0.0,0.0,0.0,0.0
2026-03-21 11:00:00,0,0.0,0.0,0.0,0,0.0,0.0,0.0,0.0
2026-03-21 12:00:00,0,0.0,0.0,0.0,0,0.0,0.0,0.0,0.0
2026-03-21 13:00:00,0,0.0,0.0,0.0,0,0.0,0.0,0.0,0.0
2026-03-21 14:00:00,0,0.0,0.0,0.0,0,0.0,0.0,0.0,0.0
2026-03-21 15:00:00,0,0.0,0.0,0.0,0,0.0,0.0,0.0,0.0
2026-03-21 16:00:00,0,0.0,0.0,0.0,0,0.0,0.0,0.0,0.0
2026-03-21 17:00:00,0,0.0,0.0,0.0,0,0.0,0.0,0.0,0.0
2026-03-21 18:00:00,0,0.0,0.0,0.0,0,0.0,0.0,0.0,0.0
2026-03-21 19:00:00,0,0.0,0.0,0.0,0,0.0,0.0,0.0,0.0
2026-03-21 20:00:00,0,0.0,0.0,0.0,0,0.0,0.0,0.0,0.0
2026-03-21 21:00:00,0,0.0,0.0,0.0,0,0.0,0.0,0.0,0.0
2026-03-21 22:00:00,0,0.0,0.0,0.0,0,0.0,0.0,0.0,0.0
2026-03-21 23:00:00,0,0.0,0.0,0.0,0,0.0,0.0,0.0,0.0
2026-03-22 00:00:00,0,0.0,0.0,0.0,0,0.0,0.0,0.0,0.0
2026-03-22 01:00:00,0,0.0,0.0,0.0,0,0.0,0.0,0.0,0.0
2026-03-22 02:00:00,0,0.0,0.0,0.0,0,0.0,0.0,0.0,0.0
2026-03-22 03:00:00,0,0.0,0.0,0.0,0,0.0,0.0,0.0,0.0
2026-03-22 04:00:00,0,0.0,0.0,0.0,0,0.0,0.0,0.0,0.0
2026-03-22 05:00:00,0,0.0,0.0,0.0,0,0.0,0.0,0.0,0.0
2026-03-22 06:00:00,0,0.0,0.0,0.0,0,0.0,0.0,0.0,0.0
2026-03-22 07:00:00,0,0.0,0.0,0.0,0,0.0,0.0,0.0,0.0
2026-03-22 08:00:00,0,0.0,0.0,0.0,0,0.0,0.0,0.0,0.0
2026-03-22 09:00:00,0,0.0,0.0,0.0,0,0.0,0.0,0.0,0.0
2026-03-22 10:00:00,0,0.0,0.0,0.0,0,0.0,0.0,0.0,0.0
2026-03-22 11:00:00,0,0.0,0.0,0.0,0,0.0,0.0,0.0,0.0
2026-03-22 12:00:00,0,0.0,0.0,0.0,0,0.0,0.0,0.0,0.0
2026-03-22 13:00:00,0,0.0,0.0,0.0,0,0.0,0.0,0.0,0.0
2026-03-22 14:00:00,0,0.0,0.0,0.0,0,0.0,0.0,0.0,0.0
2026-03-22 15:00:00,0,0.0,0.0,0.0,0,0.0,0.0,0.0,0.0
2026-03-22 16:00:00,0,0.0,0.0,0.0,0,0.0,0.0,0.0,0.0
2026-03-22 17:00:00,0,0.0,0.0,0.0,0,0.0,0.0,0.0,0.0
2026-03-22 18:00:00,0,0.0,0.0,0.0,0,0.0,0.0,0.0,0.0
2026-03-22 19:00:00,0,0.0,0.0,0.0,0,0.0,0.0,0.0,0.0
2026-03-22 20:00:00,0,0.0,0.0,0.0,0,0.0,0.0,0.0,0.0
2026-03-22 21:00:00,0,0.0,0.0,0.0,0,0.0,0.0,0.0,0.0
2026-03-22 22:00:00,0,0.0,0.0,0.0,0,0.0,0.0,0.0,0.0
2026-03-22 23:00:00,0,0.0,0.0,0.0,0,0.0,0.0,0.0,0.0
2026-03-23 00:00:00,0,0.0,0.0,0.0,0,0.0,0.0,0.0,0.0
2026-03-23 01:00:00,0,0.0,0.0,0.0,0,0.0,0.0,0.0,0.0
2026-03-23 02:00:00,0,0.0,0.0,0.0,0,0.0,0.0,0.0,0.0
2026-03-23 03:00:00,0,0.0,0.0,0.0,0,0.0,0.0,0.0,0.0
2026-03-23 04:00:00,0,0.0,0.0,0.0,0,0.0,0.0,0.0,0.0
2026-03-23 05:00:00,0,0.0,0.0,0.0,0,0.0,0.0,0.0,0.0
2026-03-23 06:00:00,0,0.0,0.0,0.0,0,0.0,0.0,0.0,0.0
2026-03-23 07:00:00,0,0.0,0.0,0.0,0,0.0,0.0,0.0,0.0
2026-03-23 08:00:00,0,0.0,0.0,0.0,0,0.0,0.0,0.0,0.0
2026-03-23 09:00:00,0,0.0,0.0,0.0,0,0.0,0.0,0.0,0.0
2026-03-23 10:00:00,0,0.0,0.0,0.0,0,0.0,0.0,0.0,0.0
2026-03-23 11:00:00,0,0.0,0.0,0.0,0,0.0,0.0,0.0,0.0
2026-03-23 12:00:00,0,0.0,0.0,0.0,0,0.0,0.0,0.0,0.0
2026-03-23 13:00:00,0,0.0,0.0,0.0,0,0.0,0.0,0.0,0.0
2026-03-23 14:00:00,0,0.0,0.0,0.0,0,0.0,0.0,0.0,0.0
2026-03-23 15:00:00,0,0.0,0.0,0.0,0,0.0,0.0,0.0,0.0
2026-03-23 16:00:00,0,0.0,0.0,0.0,0,0.0,0.0,0.0,0.0
2026-03-23 17:00:00,0,0.0,0.0,0.0,0,0.0,0.0,0.0,0.0
2026-03-23 18:00:00,0,0.0,0.0,0.0,0,0.0,0.0,0.0,0.0
2026-03-23 19:00:00,0,0.0,0.0,0.0,0,0.0,0.0,0.0,0.0
2026-03-23 20:00:00,0,0.0,0.0,0.0,0,0.0,0.0,0.0,0.0
2026-03-23 21:00:00,0,0.0,0.0,0.0,0,0.0,0.0,0.0,0.0
2026-03-23 22:00:00,0,0.0,0.0,0.0,0,0.0,0.0,0.0,0.0
2026-03-23 23:00:00,0,0.0,0.0,0.0,0,0.0,0.0,0.0,0.0
2026-03-24 00:00:00,0,0.0,0.0,0.0,0,0.0,0.0,0.0,0.0
2026-03-24 01:00:00,0,0.0,0.0,0.0,0,0.0,0.0,0.0,0.0
2026-03-24 02:00:00,0,0.0,0.0,0.0,0,0.0,0.0,0.0,0.0
2026-03-24 03:00:00,0,0.0,0.0,0.0,0,0.0,0.0,0.0,0.0
2026-03-24 04:00:00,0,0.0,0.0,0.0,0,0.0,0.0,0.0,0.0
2026-03-24 05:00:00,0,0.0,0.0,0.0,0,0.0,0.0,0.0,0.0
2026-03-24 06:00:00,0,0.0,0.0,0.0,0,0.0,0.0,0.0,0.0
2026-03-24 07:00:00,0,0.0,0.0,0.0,0,0.0,0.0,0.0,0.0
2026-03-24 08:00:00,0,0.0,0.0,0.0,0,0.0,0.0,0.0,0.0
2026-03-24 09:00:00,0,0.0,0.0,0.0,0,0.0,0.0,0.0,0.0
2026-03-24 10:00:00,0,0.0,0.0,0.0,0,0.0,0.0,0.0,0.0
2026-03-24 11:00:00,0,0.0,0.0,0.0,0,0.0,0.0,0.0,0.0
2026-03-24 12:00:00,0,0.0,0.0,0.0,0,0.0,0.0,0.0,0.0
2026-03-24 13:00:00,0,0.0,0.0,0.0,0,0.0,0.0,0.0,0.0
2026-03-24 14:00:00,0,0.0,0.0,0.0,0,0.0,0.0,0.0,0.0
2026-03-24 15:00:00,0,0.0,0.0,0.0,0,0.0,0.0,0.0,0.0
2026-03-24 16:00:00,0,0.0,0.0,0.0,0,0.0,0.0,0.0,0.0
2026-03-24 17:00:00,0,0.0,0.0,0.0,0,0.0,0.0,0.0,0.0
2026-03-24 18:00:00,0,0.0,0.0,0.0,0,0.0,0.0,0.0,0.0
2026-03-24 19:00:00,0,0.0,0.0,0.0,0,0.0,0.0,0.0,0.0
2026-03-24 20:00:00,0,0.0,0.0,0.0,0,0.0,0.0,0.0,0.0
2026-03-24 21:00:00,0,0.0,0.0,0.0,0,0.0,0.0,0.0,0.0
2026-03-24 22:00:00,0,0.0,0.0,0.0,0,0.0,0.0,0.0,0.0
2026-03-24 23:00:00,0,0.0,0.0,0.0,0,0.0,0.0,0.0,0.0
2026-03-25 00:00:00,0,0.0,0.0,0.0,0,0.0,0.0,0.0,0.0
2026-03-25 01:00:00,0,0.0,0.0,0.0,0,0.0,0.0,0.0,0.0
2026-03-25 02:00:00,0,0.0,0.0,0.0,0,0.0,0.0,0.0,0.0
2026-03-25 03:00:00,0,0.0,0.0,0.0,0,0.0,0.0,0.0,0.0
2026-03-25 04:00:00,0,0.0,0.0,0.0,0,0.0,0.0,0.0,0.0
2026-03-25 05:00:00,0,0.0,0.0,0.0,0,0.0,0.0,0.0,0.0
2026-03-25 06:00:00,0,0.0,0.0,0.0,0,0.0,0.0,0.0,0.0
2026-03-25 07:00:00,0,0.0,0.0,0.0,0,0.0,0.0,0.0,0.0
2026-03-25 08:00:00,0,0.0,0.0,0.0,0,0.0,0.0,0.0,0.0
2026-03-25 09:00:00,0,0.0,0.0,0.0,0,0.0,0.0,0.0,0.0
2026-03-25 10:00:00,0,0.0,0.0,0.0,0,0.0,0.0,0.0,0.0
2026-03-25 11:00:00,0,0.0,0.0,0.0,0,0.0,0.0,0.0,0.0
2026-03-25 12:00:00,0,0.0,0.0,0.0,0,0.0,0.0,0.0,0.0
2026-03-25 13:00:00,0,0.0,0.0,0.0,0,0.0,0.0,0.0,0.0
2026-03-25 14:00:00,0,0.0,0.0,0.0,0,0.0,0.0,0.0,0.0
2026-03-25 15:00:00,0,0.0,0.0,0.0,0,0.0,0.0,0.0,0.0
2026-03-25 16:00:00,0,0.0,0.0,0.0,0,0.0,0.0,0.0,0.0
2026-03-25 17:00:00,0,0.0,0.0,0.0,0,0.0,0.0,0.0,0.0
2026-03-25 18:00:00,0,0.0,0.0,0.0,0,0.0,0.0,0.0,0.0
2026-03-25 19:00:00,0,0.0,0.0,0.0,0,0.0,0.0,0.0,0.0
2026-03-25 20:00:00,0,0.0,0.0,0.0,0,0.0,0.0,0.0,0.0
2026-03-25 21:00:00,0,0.0,0.0,0.0,0,0.0,0.0,0.0,0.0
2026-03-25 22:00:00,0,0.0,0.0,0.0,0,0.0,0.0,0.0,0.0
2026-03-25 23:00:00,0,0.0,0.0,0.0,0,0.0,0.0,0.0,0.0
2026-03-26 00:00:00,0,0.0,0.0,0.0,0,0.0,0.0,0.0,0.0
2026-03-26 01:00:00,0,0.0,0.0,0.0,0,0.0,0.0,0.0,0.0
2026-03-26 02:00:00,0,0.0,0.0,0.0,0,0.0,0.0,0.0,0.0
2026-03-26 03:00:00,0,0.0,0.0,0.0,0,0.0,0.0,0.0,0.0
2026-03-26 04:00:00,0,0.0,0.0,0.0,0,0.0,0.0,0.0,0.0
2026-03-26 05:00:00,0,0.0,0.0,0.0,0,0.0,0.0,0.0,0.0
2026-03-26 06:00:00,0,0.0,0.0,0.0,0,0.0,0.0,0.0,0.0
2026-03-26 07:00:00,0,0.0,0.0,0.0,0,0.0,0.0,0.0,0.0
2026-03-26 08:00:00,0,0.0,0.0,0.0,0,0.0,0.0,0.0,0.0
2026-03-26 09:00:00,0,0.0,0.0,0.0,0,0.0,0.0,0.0,0.0
2026-03-26 10:00:00,0,0.0,0.0,0.0,0,0.0,0.0,0.0,0.0
2026-03-26 11:00:00,0,0.0,0.0,0.0,0,0.0,0.0,0.0,0.0
2026-03-26 12:00:00,0,0.0,0.0,0.0,0,0.0,0.0,0.0,0.0
2026-03-26 13:00:00,0,0.0,0.0,0.0,0,0.0,0.0,0.0,0.0
2026-03-26 14:00:00,0,0.0,0.0,0.0,0,0.0,0.0,0.0,0.0
2026-03-26 15:00:00,0,0.0,0.0,0.0,0,0.0,0.0,0.0,0.0
2026-03-26 16:00:00,0,0.0,0.0,0.0,0,0.0,0.0,0.0,0.0
2026-03-26 17:00:00,0,0.0,0.0,0.0,0,0.0,0.0,0.0,0.0
2026-03-26 18:00:00,0,0.0,0.0,0.0,0,0.0,0.0,0.0,0.0
2026-03-26 19:00:00,0,0.0,0.0,0.0,0,0.0,0.0,0.0,0.0
2026-03-26 20:00:00,0,0.0,0.0,0.0,0,0.0,0.0,0.0,0.0
2026-03-26 21:00:00,0,0.0,0.0,0.0,0,0.0,0.0,0.0,0.0
2026-03-26 22:00:00,0,0.0,0.0,0.0,0,0.0,0.0,0.0,0.0
2026-03-26 23:00:00,0,0.0,0.0,0.0,0,0.0,0.0,0.0,0.0
2026-03-27 00:00:00,0,0.0,0.0,0.0,0,0.0,0.0,0.0,0.0
2026-03-27 01:00:00,0,0.0,0.0,0.0,0,0.0,0.0,0.0,0.0
2026-03-27 02:00:00,0,0.0,0.0,0.0,0,0.0,0.0,0.0,0.0
2026-03-27 03:00:00,0,0.0,0.0,0.0,0,0.0,0.0,0.0,0.0
2026-03-27 04:00:00,0,0.0,0.0,0.0,0,0.0,0.0,0.0,0.0
2026-03-27 05:00:00,0,0.0,0.0,0.0,0,0.0,0.0,0.0,0.0
2026-03-27 06:00:00,0,0.0,0.0,0.0,0,0.0,0.0,0.0,0.0
2026-03-27 07:00:00,0,0.0,0.0,0.0,0,0.0,0.0,0.0,0.0
2026-03-27 08:00:00,0,0.0,0.0,0.0,0,0.0,0.0,0.0,0.0
2026-03-27 09:00:00,0,0.0,0.0,0.0,0,0.0,0.0,0.0,0.0
2026-03-27 10:00:00,0,0.0,0.0,0.0,0,0.0,0.0,0.0,0.0
2026-03-27 11:00:00,0,0.0,0.0,0.0,0,0.0,0.0,0.0,0.0
2026-03-27 12:00:00,0,0.0,0.0,0.0,0,0.0,0.0,0.0,0.0
2026-03-27 13:00:00,0,0.0,0.0,0.0,0,0.0,0.0,0.0,0.0
2026-03-27 14:00:00,0,0.0,0.0,0.0,0,0.0,0.0,0.0,0.0
2026-03-27 15:00:00,0,0.0,0.0,0.0,0,0.0,0.0,0.0,0.0
2026-03-27 16:00:00,0,0.0,0.0,0.0,0,0.0,0.0,0.0,0.0
2026-03-27 17:00:00,0,0.0,0.0,0.0,0,0.0,0.0,0.0,0.0
2026-03-27 18:00:00,0,0.0,0.0,0.0,0,0.0,0.0,0.0,0.0
2026-03-27 19:00:00,0,0.0,0.0,0.0,0,0.0,0.0,0.0,0.0
2026-03-27 20:00:00,0,0.0,0.0,0.0,0,0.0,0.0,0.0,0.0
2026-03-27 21:00:00,0,0.0,0.0,0.0,0,0.0,0.0,0.0,0.0
2026-03-27 22:00:00,0,0.0,0.0,0.0,0,0.0,0.0,0.0,0.0
2026-03-27 23:00:00,0,0.0,0.0,0.0,0,0.0,0.0,0.0,0.0
2026-03-28 00:00:00,0,0.0,0.0,0.0,0,0.0,0.0,0.0,0.0
2026-03-28 01:00:00,0,0.0,0.0,0.0,0,0.0,0.0,0.0,0.0
2026-03-28 02:00:00,0,0.0,0.0,0.0,0,0.0,0.0,0.0,0.0
2026-03-28 03:00:00,0,0.0,0.0,0.0,0,0.0,0.0,0.0,0.0
2026-03-28 04:00:00,0,0.0,0.0,0.0,0,0.0,0.0,0.0,0.0
2026-03-28 05:00:00,0,0.0,0.0,0.0,0,0.0,0.0,0.0,0.0
2026-03-28 06:00:00,0,0.0,0.0,0.0,0,0.0,0.0,0.0,0.0
2026-03-28 07:00:00,0,0.0,0.0,0.0,0,0.0,0.0,0.0,0.0
2026-03-28 08:00:00,0,0.0,0.0,0.0,0,0.0,0.0,0.0,0.0
2026-03-28 09:00:00,0,0.0,0.0,0.0,0,0.0,0.0,0.0,0.0
2026-03-28 10:00:00,0,0.0,0.0,0.0,0,0.0,0.0,0.0,0.0
2026-03-28 11:00:00,0,0.0,0.0,0.0,0,0.0,0.0,0.0,0.0
2026-03-28 12:00:00,0,0.0,0.0,0.0,0,0.0,0.0,0.0,0.0
2026-03-28 13:00:00,0,0.0,0.0,0.0,0,0.0,0.0,0.0,0.0
2026-03-28 14:00:00,0,0.0,0.0,0.0,0,0.0,0.0,0.0,0.0
2026-03-28 15:00:00,0,0.0,0.0,0.0,0,0.0,0.0,0.0,0.0
2026-03-28 16:00:00,0,0.0,0.0,0.0,0,0.0,0.0,0.0,0.0
2026-03-28 17:00:00,0,0.0,0.0,0.0,0,0.0,0.0,0.0,0.0
2026-03-28 18:00:00,0,0.0,0.0,0.0,0,0.0,0.0,0.0,0.0
2026-03-28 19:00:00,0,0.0,0.0,0.0,0,0.0,0.0,0.0,0.0
2026-03-28 20:00:00,0,0.0,0.0,0.0,0,0.0,0.0,0.0,0.0
2026-03-28 21:00:00,0,0.0,0.0,0.0,0,0.0,0.0,0.0,0.0
2026-03-28 22:00:00,0,0.0,0.0,0.0,0,0.0,0.0,0.0,0.0
2026-03-28 23:00:00,0,0.0,0.0,0.0,0,0.0,0.0,0.0,0.0
2026-03-29 00:00:00,0,0.0,0.0,0.0,0,0.0,0.0,0.0,0.0
2026-03-29 01:00:00,0,0.0,0.0,0.0,0,0.0,0.0,0.0,0.0
2026-03-29 02:00:00,0,0.0,0.0,0.0,0,0.0,0.0,0.0,0.0
2026-03-29 03:00:00,0,0.0,0.0,0.0,0,0.0,0.0,0.0,0.0
2026-03-29 04:00:00,0,0.0,0.0,0.0,0,0.0,0.0,0.0,0.0
2026-03-29 05:00:00,0,0.0,0.0,0.0,0,0.0,0.0,0.0,0.0
2026-03-29 06:00:00,0,0.0,0.0,0.0,0,0.0,0.0,0.0,0.0
2026-03-29 07:00:00,0,0.0,0.0,0.0,0,0.0,0.0,0.0,0.0
2026-03-29 08:00:00,0,0.0,0.0,0.0,0,0.0,0.0,0.0,0.0
2026-03-29 09:00:00,0,0.0,0.0,0.0,0,0.0,0.0,0.0,0.0
2026-03-29 10:00:00,0,0.0,0.0,0.0,0,0.0,0.0,0.0,0.0
2026-03-29 11:00:00,0,0.0,0.0,0.0,0,0.0,0.0,0.0,0.0
2026-03-29 12:00:00,0,0.0,0.0,0.0,0,0.0,0.0,0.0,0.0
2026-03-29 13:00:00,0,0.0,0.0,0.0,0,0.0,0.0,0.0,0.0
2026-03-29 14:00:00,0,0.0,0.0,0.0,0,0.0,0.0,0.0,0.0
2026-03-29 15:00:00,0,0.0,0.0,0.0,0,0.0,0.0,0.0,0.0
2026-03-29 16:00:00,0,0.0,0.0,0.0,0,0.0,0.0,0.0,0.0
2026-03-29 17:00:00,0,0.0,0.0,0.0,0,0.0,0.0,0.0,0.0
2026-03-29 18:00:00,0,0.0,0.0,0.0,0,0.0,0.0,0.0,0.0
2026-03-29 19:00:00,0,0.0,0.0,0.0,0,0.0,0.0,0.0,0.0
2026-03-29 20:00:00,0,0.0,0.0,0.0,0,0.0,0.0,0.0,0.0
2026-03-29 21:00:00,0,0.0,0.0,0.0,0,0.0,0.0,0.0,0.0
2026-03-29 22:00:00,0,0.0,0.0,0.0,0,0.0,0.0,0.0,0.0
2026-03-29 23:00:00,0,0.0,0.0,0.0,0,0.0,0.0,0.0,0.0
2026-03-30 00:00:00,0,0.0,0.0,0.0,0,0.0,0.0,0.0,0.0
2026-03-30 01:00:00,0,0.0,0.0,0.0,0,0.0,0.0,0.0,0.0
2026-03-30 02:00:00,0,0.0,0.0,0.0,0,0.0,0.0,0.0,0.0
2026-03-30 03:00:00,0,0.0,0.0,0.0,0,0.0,0.0,0.0,0.0
2026-03-30 04:00:00,0,0.0,0.0,0.0,0,0.0,0.0,0.0,0.0
2026-03-30 05:00:00,0,0.0,0.0,0.0,0,0.0,0.0,0.0,0.0
2026-03-30 06:00:00,0,0.0,0.0,0.0,0,0.0,0.0,0.0,0.0
2026-03-30 07:00:00,0,0.0,0.0,0.0,0,0.0,0.0,0.0,0.0
2026-03-30 08:00:00,0,0.0,0.0,0.0,0,0.0,0.0,0.0,0.0
2026-03-30 09:00:00,0,0.0,0.0,0.0,0,0.0,0.0,0.0,0.0
2026-03-30 10:00:00,0,0.0,0.0,0.0,0,0.0,0.0,0.0,0.0
2026-03-30 11:00:00,0,0.0,0.0,0.0,0,0.0,0.0,0.0,0.0
2026-03-30 12:00:00,0,0.0,0.0,0.0,0,0.0,0.0,0.0,0.0
2026-03-30 13:00:00,0,0.0,0.0,0.0,0,0.0,0.0,0.0,0.0
2026-03-30 14:00:00,0,0.0,0.0,0.0,0,0.0,0.0,0.0,0.0
2026-03-30 15:00:00,0,0.0,0.0,0.0,0,0.0,0.0,0.0,0.0
2026-03-30 16:00:00,0,0.0,0.0,0.0,0,0.0,0.0,0.0,0.0
2026-03-30 17:00:00,0,0.0,0.0,0.0,0,0.0,0.0,0.0,0.0
2026-03-30 18:00:00,0,0.0,0.0,0.0,0,0.0,0.0,0.0,0.0
2026-03-30 19:00:00,0,0.0,0.0,0.0,0,0.0,0.0,0.0,0.0
2026-03-30 20:00:00,0,0.0,0.0,0.0,0,0.0,0.0,0.0,0.0
2026-03-30 21:00:00,0,0.0,0.0,0.0,0,0.0,0.0,0.0,0.0
2026-03-30 22:00:00,0,0.0,0.0,0.0,0,0.0,0.0,0.0,0.0
2026-03-30 23:00:00,0,0.0,0.0,0.0,0,0.0,0.0,0.0,0.0
2026-03-31 00:00:00,0,0.0,0.0,0.0,0,0.0,0.0,0.0,0.0
2026-03-31 01:00:00,0,0.0,0.0,0.0,0,0.0,0.0,0.0,0.0
2026-03-31 02:00:00,0,0.0,0.0,0.0,0,0.0,0.0,0.0,0.0
2026-03-31 03:00:00,0,0.0,0.0,0.0,0,0.0,0.0,0.0,0.0
2026-03-31 04:00:00,0,0.0,0.0,0.0,0,0.0,0.0,0.0,0.0
2026-03-31 05:00:00,0,0.0,0.0,0.0,0,0.0,0.0,0.0,0.0
2026-03-31 06:00:00,0,0.0,0.0,0.0,0,0.0,0.0,0.0,0.0
2026-03-31 07:00:00,0,0.0,0.0,0.0,0,0.0,0.0,0.0,0.0
2026-03-31 08:00:00,0,0.0,0.0,0.0,0,0.0,0.0,0.0,0.0
2026-03-31 09:00:00,0,0.0,0.0,0.0,0,0.0,0.0,0.0,0.0
2026-03-31 10:00:00,0,0.0,0.0,0.0,0,0.0,0.0,0.0,0.0
2026-03-31 11:00:00,0,0.0,0.0,0.0,0,0.0,0.0,0.0,0.0
2026-03-31 12:00:00,0,0.0,0.0,0.0,0,0.0,0.0,0.0,0.0
2026-03-31 13:00:00,0,0.0,0.0,0.0,0,0.0,0.0,0.0,0.0
2026-03-31 14:00:00,0,0.0,0.0,0.0,0,0.0,0.0,0.0,0.0
2026-03-31 15:00:00,0,0.0,0.0,0.0,0,0.0,0.0,0.0,0.0
2026-03-31 16:00:00,0,0.0,0.0,0.0,0,0.0,0.0,0.0,0.0
2026-03-31 17:00:00,0,0.0,0.0,0.0,0,0.0,0.0,0.0,0.0
2026-03-31 18:00:00,0,0.0,0.0,0.0,0,0.0,0.0,0.0,0.0
2026-03-31 19:00:00,0,0.0,0.0,0.0,0,0.0,0.0,0.0,0.0
2026-03-31 20:00:00,0,0.0,0.0,0.0,0,0.0,0.0,0.0,0.0
2026-03-31 21:00:00,0,0.0,0.0,0.0,0,0.0,0.0,0.0,0.0
2026-03-31 22:00:00,0,0.0,0.0,0.0,0,0.0,0.0,0.0,0.0
2026-03-31 23:00:00,0,0.0,0.0,0.0,0,0.0,0.0,0.0,0.0
2026-04-01 00:00:00,0,0.0,0.0,0.0,0,0.0,0.0,0.0,0.0
2026-04-01 01:00:00,0,0.0,0.0,0.0,0,0.0,0.0,0.0,0.0
2026-04-01 02:00:00,0,0.0,0.0,0.0,0,0.0,0.0,0.0,0.0
2026-04-01 03:00:00,0,0.0,0.0,0.0,0,0.0,0.0,0.0,0.0
2026-04-01 04:00:00,0,0.0,0.0,0.0,0,0.0,0.0,0.0,0.0
2026-04-01 05:00:00,0,0.0,0.0,0.0,0,0.0,0.0,0.0,0.0
2026-04-01 06:00:00,0,0.0,0.0,0.0,0,0.0,0.0,0.0,0.0
2026-04-01 07:00:00,0,0.0,0.0,0.0,0,0.0,0.0,0.0,0.0
2026-04-01 08:00:00,0,0.0,0.0,0.0,0,0.0,0.0,0.0,0.0
2026-04-01 09:00:00,0,0.0,0.0,0.0,0,0.0,0.0,0.0,0.0
2026-04-01 10:00:00,0,0.0,0.0,0.0,0,0.0,0.0,0.0,0.0
2026-04-01 11:00:00,0,0.0,0.0,0.0,0,0.0,0.0,0.0,0.0
2026-04-01 12:00:00,0,0.0,0.0,0.0,0,0.0,0.0,0.0,0.0
2026-04-01 13:00:00,0,0.0,0.0,0.0,0,0.0,0.0,0.0,0.0
2026-04-01 14:00:00,0,0.0,0.0,0.0,0,0.0,0.0,0.0,0.0
2026-04-01 15:00:00,0,0.0,0.0,0.0,0,0.0,0.0,0.0,0.0
2026-04-01 16:00:00,0,0.0,0.0,0.0,0,0.0,0.0,0.0,0.0
2026-04-01 17:00:00,0,0.0,0.0,0.0,0,0.0,0.0,0.0,0.0
2026-04-01 18:00:00,0,0.0,0.0,0.0,0,0.0,0.0,0.0,0.0
2026-04-01 19:00:00,0,0.0,0.0,0.0,0,0.0,0.0,0.0,0.0
2026-04-01 20:00:00,0,0.0,0.0,0.0,0,0.0,0.0,0.0,0.0
2026-04-01 21:00:00,0,0.0,0.0,0.0,0,0.0,0.0,0.0,0.0
2026-04-01 22:00:00,0,0.0,0.0,0.0,0,0.0,0.0,0.0,0.0
2026-04-01 23:00:00,0,0.0,0.0,0.0,0,0.0,0.0,0.0,0.0
2026-04-02 00:00:00,0,0.0,0.0,0.0,0,0.0,0.0,0.0,0.0
2026-04-02 01:00:00,0,0.0,0.0,0.0,0,0.0,0.0,0.0,0.0
2026-04-02 02:00:00,0,0.0,0.0,0.0,0,0.0,0.0,0.0,0.0
2026-04-02 03:00:00,0,0.0,0.0,0.0,0,0.0,0.0,0.0,0.0
2026-04-02 04:00:00,0,0.0,0.0,0.0,0,0.0,0.0,0.0,0.0
2026-04-02 05:00:00,0,0.0,0.0,0.0,0,0.0,0.0,0.0,0.0
2026-04-02 06:00:00,0,0.0,0.0,0.0,0,0.0,0.0,0.0,0.0
2026-04-02 07:00:00,0,0.0,0.0,0.0,0,0.0,0.0,0.0,0.0
2026-04-02 08:00:00,0,0.0,0.0,0.0,0,0.0,0.0,0.0,0.0
2026-04-02 09:00:00,0,0.0,0.0,0.0,0,0.0,0.0,0.0,0.0
2026-04-02 10:00:00,0,0.0,0.0,0.0,0,0.0,0.0,0.0,0.0
2026-04-02 11:00:00,0,0.0,0.0,0.0,0,0.0,0.0,0.0,0.0
2026-04-02 12:00:00,0,0.0,0.0,0.0,0,0.0,0.0,0.0,0.0
2026-04-02 13:00:00,0,0.0,0.0,0.0,0,0.0,0.0,0.0,0.0
2026-04-02 14:00:00,0,0.0,0.0,0.0,0,0.0,0.0,0.0,0.0
2026-04-02 15:00:00,0,0.0,0.0,0.0,0,0.0,0.0,0.0,0.0
2026-04-02 16:00:00,0,0.0,0.0,0.0,0,0.0,0.0,0.0,0.0
2026-04-02 17:00:00,0,0.0,0.0,0.0,0,0.0,0.0,0.0,0.0
2026-04-02 18:00:00,0,0.0,0.0,0.0,0,0.0,0.0,0.0,0.0
2026-04-02 19:00:00,0,0.0,0.0,0.0,0,0.0,0.0,0.0,0.0
2026-04-02 20:00:00,0,0.0,0.0,0.0,0,0.0,0.0,0.0,0.0
2026-04-02 21:00:00,0,0.0,0.0,0.0,0,0.0,0.0,0.0,0.0
2026-04-02 22:00:00,0,0.0,0.0,0.0,0,0.0,0.0,0.0,0.0
2026-04-02 23:00:00,0,0.0,0.0,0.0,0,0.0,0.0,0.0,0.0
2026-04-03 00:00:00,0,0.0,0.0,0.0,0,0.0,0.0,0.0,0.0
2026-04-03 01:00:00,0,0.0,0.0,0.0,0,0.0,0.0,0.0,0.0
2026-04-03 02:00:00,0,0.0,0.0,0.0,0,0.0,0.0,0.0,0.0
2026-04-03 03:00:00,0,0.0,0.0,0.0,0,0.0,0.0,0.0,0.0
2026-04-03 04:00:00,0,0.0,0.0,0.0,0,0.0,0.0,0.0,0.0
2026-04-03 05:00:00,0,0.0,0.0,0.0,0,0.0,0.0,0.0,0.0
2026-04-03 06:00:00,0,0.0,0.0,0.0,0,0.0,0.0,0.0,0.0
2026-04-03 07:00:00,0,0.0,0.0,0.0,0,0.0,0.0,0.0,0.0
2026-04-03 08:00:00,0,0.0,0.0,0.0,0,0.0,0.0,0.0,0.0
2026-04-03 09:00:00,0,0.0,0.0,0.0,0,0.0,0.0,0.0,0.0
2026-04-03 10:00:00,0,0.0,0.0,0.0,0,0.0,0.0,0.0,0.0
2026-04-03 11:00:00,0,0.0,0.0,0.0,0,0.0,0.0,0.0,0.0
2026-04-03 12:00:00,0,0.0,0.0,0.0,0,0.0,0.0,0.0,0.0
2026-04-03 13:00:00,0,0.0,0.0,0.0,0,0.0,0.0,0.0,0.0
2026-04-03 14:00:00,0,0.0,0.0,0.0,0,0.0,0.0,0.0,0.0
2026-04-03 15:00:00,0,0.0,0.0,0.0,0,0.0,0.0,0.0,0.0
2026-04-03 16:00:00,0,0.0,0.0,0.0,0,0.0,0.0,0.0,0.0
2026-04-03 17:00:00,0,0.0,0.0,0.0,0,0.0,0.0,0.0,0.0
2026-04-03 18:00:00,0,0.0,0.0,0.0,0,0.0,0.0,0.0,0.0
2026-04-03 19:00:00,0,0.0,0.0,0.0,0,0.0,0.0,0.0,0.0
2026-04-03 20:00:00,0,0.0,0.0,0.0,0,0.0,0.0,0.0,0.0
2026-04-03 21:00:00,0,0.0,0.0,0.0,0,0.0,0.0,0.0,0.0
2026-04-03 22:00:00,0,0.0,0.0,0.0,0,0.0,0.0,0.0,0.0
2026-04-03 23:00:00,0,0.0,0.0,0.0,0,0.0,0.0,0.0,0.0
2026-04-04 00:00:00,0,0.0,0.0,0.0,0,0.0,0.0,0.0,0.0
2026-04-04 01:00:00,0,0.0,0.0,0.0,0,0.0,0.0,0.0,0.0
2026-04-04 02:00:00,0,0.0,0.0,0.0,0,0.0,0.0,0.0,0.0
2026-04-04 03:00:00,0,0.0,0.0,0.0,0,0.0,0.0,0.0,0.0
2026-04-04 04:00:00,0,0.0,0.0,0.0,0,0.0,0.0,0.0,0.0
2026-04-04 05:00:00,0,0.0,0.0,0.0,0,0.0,0.0,0.0,0.0
2026-04-04 06:00:00,0,0.0,0.0,0.0,0,0.0,0.0,0.0,0.0
2026-04-04 07:00:00,0,0.0,0.0,0.0,0,0.0,0.0,0.0,0.0
2026-04-04 08:00:00,0,0.0,0.0,0.0,0,0.0,0.0,0.0,0.0
2026-04-04 09:00:00,0,0.0,0.0,0.0,0,0.0,0.0,0.0,0.0
2026-04-04 10:00:00,0,0.0,0.0,0.0,0,0.0,0.0,0.0,0.0
2026-04-04 11:00:00,0,0.0,0.0,0.0,0,0.0,0.0,0.0,0.0
2026-04-04 12:00:00,0,0.0,0.0,0.0,0,0.0,0.0,0.0,0.0
2026-04-04 13:00:00,0,0.0,0.0,0.0,0,0.0,0.0,0.0,0.0
2026-04-04 14:00:00,0,0.0,0.0,0.0,0,0.0,0.0,0.0,0.0
2026-04-04 15:00:00,0,0.0,0.0,0.0,0,0.0,0.0,0.0,0.0
2026-04-04 16:00:00,0,0.0,0.0,0.0,0,0.0,0.0,0.0,0.0
2026-04-04 17:00:00,0,0.0,0.0,0.0,0,0.0,0.0,0.0,0.0
2026-04-04 18:00:00,0,0.0,0.0,0.0,0,0.0,0.0,0.0,0.0
2026-04-04 19:00:00,0,0.0,0.0,0.0,0,0.0,0.0,0.0,0.0
2026-04-04 20:00:00,0,0.0,0.0,0.0,0,0.0,0.0,0.0,0.0
2026-04-04 21:00:00,0,0.0,0.0,0.0,0,0.0,0.0,0.0,0.0
2026-04-04 22:00:00,0,0.0,0.0,0.0,0,0.0,0.0,0.0,0.0
2026-04-04 23:00:00,0,0.0,0.0,0.0,0,0.0,0.0,0.0,0.0
2026-04-05 00:00:00,0,0.0,0.0,0.0,0,0.0,0.0,0.0,0.0
2026-04-05 01:00:00,0,0.0,0.0,0.0,0,0.0,0.0,0.0,0.0
2026-04-05 02:00:00,0,0.0,0.0,0.0,0,0.0,0.0,0.0,0.0
2026-04-05 03:00:00,0,0.0,0.0,0.0,0,0.0,0.0,0.0,0.0
2026-04-05 04:00:00,0,0.0,0.0,0.0,0,0.0,0.0,0.0,0.0
2026-04-05 05:00:00,0,0.0,0.0,0.0,0,0.0,0.0,0.0,0.0
2026-04-05 06:00:00,0,0.0,0.0,0.0,0,0.0,0.0,0.0,0.0
2026-04-05 07:00:00,0,0.0,0.0,0.0,0,0.0,0.0,0.0,0.0
2026-04-05 08:00:00,0,0.0,0.0,0.0,0,0.0,0.0,0.0,0.0
2026-04-05 09:00:00,0,0.0,0.0,0.0,0,0.0,0.0,0.0,0.0
2026-04-05 10:00:00,0,0.0,0.0,0.0,0,0.0,0.0,0.0,0.0
2026-04-05 11:00:00,0,0.0,0.0,0.0,0,0.0,0.0,0.0,0.0
2026-04-05 12:00:00,0,0.0,0.0,0.0,0,0.0,0.0,0.0,0.0
2026-04-05 13:00:00,0,0.0,0.0,0.0,0,0.0,0.0,0.0,0.0
2026-04-05 14:00:00,0,0.0,0.0,0.0,0,0.0,0.0,0.0,0.0
2026-04-05 15:00:00,0,0.0,0.0,0.0,0,0.0,0.0,0.0,0.0
2026-04-05 16:00:00,0,0.0,0.0,0.0,0,0.0,0.0,0.0,0.0
2026-04-05 17:00:00,0,0.0,0.0,0.0,0,0.0,0.0,0.0,0.0
2026-04-05 18:00:00,0,0.0,0.0,0.0,0,0.0,0.0,0.0,0.0
2026-04-05 19:00:00,0,0.0,0.0,0.0,0,0.0,0.0,0.0,0.0
2026-04-05 20:00:00,0,0.0,0.0,0.0,0,0.0,0.0,0.0,0.0
2026-04-05 21:00:00,0,0.0,0.0,0.0,0,0.0,0.0,0.0,0.0
2026-04-05 22:00:00,0,0.0,0.0,0.0,0,0.0,0.0,0.0,0.0
2026-04-05 23:00:00,0,0.0,0.0,0.0,0,0.0,0.0,0.0,0.0
2026-04-06 00:00:00,0,0.0,0.0,0.0,0,0.0,0.0,0.0,0.0
2026-04-06 01:00:00,0,0.0,0.0,0.0,0,0.0,0.0,0.0,0.0
2026-04-06 02:00:00,0,0.0,0.0,0.0,0,0.0,0.0,0.0,0.0
2026-04-06 03:00:00,0,0.0,0.0,0.0,0,0.0,0.0,0.0,0.0
2026-04-06 04:00:00,0,0.0,0.0,0.0,0,0.0,0.0,0.0,0.0
2026-04-06 05:00:00,0,0.0,0.0,0.0,0,0.0,0.0,0.0,0.0
2026-04-06 06:00:00,0,0.0,0.0,0.0,0,0.0,0.0,0.0,0.0
2026-04-06 07:00:00,0,0.0,0.0,0.0,0,0.0,0.0,0.0,0.0
2026-04-06 08:00:00,0,0.0,0.0,0.0,0,0.0,0.0,0.0,0.0
2026-04-06 09:00:00,0,0.0,0.0,0.0,0,0.0,0.0,0.0,0.0
2026-04-06 10:00:00,0,0.0,0.0,0.0,0,0.0,0.0,0.0,0.0
2026-04-06 11:00:00,0,0.0,0.0,0.0,0,0.0,0.0,0.0,0.0
2026-04-06 12:00:00,0,0.0,0.0,0.0,0,0.0,0.0,0.0,0.0
2026-04-06 13:00:00,0,0.0,0.0,0.0,0,0.0,0.0,0.0,0.0
2026-04-06 14:00:00,0,0.0,0.0,0.0,0,0.0,0.0,0.0,0.0
2026-04-06 15:00:00,0,0.0,0.0,0.0,0,0.0,0.0,0.0,0.0
2026-04-06 16:00:00,0,0.0,0.0,0.0,0,0.0,0.0,0.0,0.0
2026-04-06 17:00:00,0,0.0,0.0,0.0,0,0.0,0.0,0.0,0.0
2026-04-06 18:00:00,0,0.0,0.0,0.0,0,0.0,0.0,0.0,0.0
2026-04-06 19:00:00,0,0.0,0.0,0.0,0,0.0,0.0,0.0,0.0
2026-04-06 20:00:00,0,0.0,0.0,0.0,0,0.0,0.0,0.0,0.0
2026-04-06 21:00:00,0,0.0,0.0,0.0,0,0.0,0.0,0.0,0.0
2026-04-06 22:00:00,0,0.0,0.0,0.0,0,0.0,0.0,0.0,0.0
2026-04-06 23:00:00,0,0.0,0.0,0.0,0,0.0,0.0,0.0,0.0
2026-04-07 00:00:00,0,0.0,0.0,0.0,0,0.0,0.0,0.0,0.0
2026-04-07 01:00:00,0,0.0,0.0,0.0,0,0.0,0.0,0.0,0.0
2026-04-07 02:00:00,0,0.0,0.0,0.0,0,0.0,0.0,0.0,0.0
2026-04-07 03:00:00,0,0.0,0.0,0.0,0,0.0,0.0,0.0,0.0
2026-04-07 04:00:00,0,0.0,0.0,0.0,0,0.0,0.0,0.0,0.0
2026-04-07 05:00:00,0,0.0,0.0,0.0,0,0.0,0.0,0.0,0.0
2026-04-07 06:00:00,0,0.0,0.0,0.0,0,0.0,0.0,0.0,0.0
2026-04-07 07:00:00,0,0.0,0.0,0.0,0,0.0,0.0,0.0,0.0
2026-04-07 08:00:00,0,0.0,0.0,0.0,0,0.0,0.0,0.0,0.0
2026-04-07 09:00:00,0,0.0,0.0,0.0,0,0.0,0.0,0.0,0.0
2026-04-07 10:00:00,0,0.0,0.0,0.0,0,0.0,0.0,0.0,0.0
2026-04-07 11:00:00,0,0.0,0.0,0.0,0,0.0,0.0,0.0,0.0
2026-04-07 12:00:00,0,0.0,0.0,0.0,0,0.0,0.0,0.0,0.0
2026-04-07 13:00:00,0,0.0,0.0,0.0,0,0.0,0.0,0.0,0.0
2026-04-07 14:00:00,0,0.0,0.0,0.0,0,0.0,0.0,0.0,0.0
2026-04-07 15:00:00,0,0.0,0.0,0.0,0,0.0,0.0,0.0,0.0
2026-04-07 16:00:00,0,0.0,0.0,0.0,0,0.0,0.0,0.0,0.0
2026-04-07 17:00:00,0,0.0,0.0,0.0,0,0.0,0.0,0.0,0.0
2026-04-07 18:00:00,0,0.0,0.0,0.0,0,0.0,0.0,0.0,0.0
2026-04-07 19:00:00,0,0.0,0.0,0.0,0,0.0,0.0,0.0,0.0
2026-04-07 20:00:00,0,0.0,0.0,0.0,0,0.0,0.0,0.0,0.0
2026-04-07 21:00:00,0,0.0,0.0,0.0,0,0.0,0.0,0.0,0.0
2026-04-07 22:00:00,0,0.0,0.0,0.0,0,0.0,0.0,0.0,0.0
2026-04-07 23:00:00,0,0.0,0.0,0.0,0,0.0,0.0,0.0,0.0
2026-04-08 00:00:00,0,0.0,0.0,0.0,0,0.0,0.0,0.0,0.0
2026-04-08 01:00:00,0,0.0,0.0,0.0,0,0.0,0.0,0.0,0.0
2026-04-08 02:00:00,0,0.0,0.0,0.0,0,0.0,0.0,0.0,0.0
2026-04-08 03:00:00,0,0.0,0.0,0.0,0,0.0,0.0,0.0,0.0
2026-04-08 04:00:00,0,0.0,0.0,0.0,0,0.0,0.0,0.0,0.0
2026-04-08 05:00:00,0,0.0,0.0,0.0,0,0.0,0.0,0.0,0.0
2026-04-08 06:00:00,0,0.0,0.0,0.0,0,0.0,0.0,0.0,0.0
2026-04-08 07:00:00,0,0.0,0.0,0.0,0,0.0,0.0,0.0,0.0
2026-04-08 08:00:00,0,0.0,0.0,0.0,0,0.0,0.0,0.0,0.0
2026-04-08 09:00:00,0,0.0,0.0,0.0,0,0.0,0.0,0.0,0.0
2026-04-08 10:00:00,0,0.0,0.0,0.0,0,0.0,0.0,0.0,0.0
2026-04-08 11:00:00,0,0.0,0.0,0.0,0,0.0,0.0,0.0,0.0
2026-04-08 12:00:00,0,0.0,0.0,0.0,0,0.0,0.0,0.0,0.0
2026-04-08 13:00:00,0,0.0,0.0,0.0,0,0.0,0.0,0.0,0.0
2026-04-08 14:00:00,0,0.0,0.0,0.0,0,0.0,0.0,0.0,0.0
2026-04-08 15:00:00,0,0.0,0.0,0.0,0,0.0,0.0,0.0,0.0
2026-04-08 16:00:00,0,0.0,0.0,0.0,0,0.0,0.0,0.0,0.0
2026-04-08 17:00:00,0,0.0,0.0,0.0,0,0.0,0.0,0.0,0.0
2026-04-08 18:00:00,0,0.0,0.0,0.0,0,0.0,0.0,0.0,0.0
2026-04-08 19:00:00,0,0.0,0.0,0.0,0,0.0,0.0,0.0,0.0
2026-04-08 20:00:00,0,0.0,0.0,0.0,0,0.0,0.0,0.0,0.0
2026-04-08 21:00:00,0,0.0,0.0,0.0,0,0.0,0.0,0.0,0.0
2026-04-08 22:00:00,0,0.0,0.0,0.0,0,0.0,0.0,0.0,0.0
2026-04-08 23:00:00,0,0.0,0.0,0.0,0,0.0,0.0,0.0,0.0
2026-04-09 00:00:00,0,0.0,0.0,0.0,0,0.0,0.0,0.0,0.0
2026-04-09 01:00:00,0,0.0,0.0,0.0,0,0.0,0.0,0.0,0.0
2026-04-09 02:00:00,0,0.0,0.0,0.0,0,0.0,0.0,0.0,0.0
2026-04-09 03:00:00,0,0.0,0.0,0.0,0,0.0,0.0,0.0,0.0
2026-04-09 04:00:00,0,0.0,0.0,0.0,0,0.0,0.0,0.0,0.0
2026-04-09 05:00:00,0,0.0,0.0,0.0,0,0.0,0.0,0.0,0.0
2026-04-09 06:00:00,0,0.0,0.0,0.0,0,0.0,0.0,0.0,0.0
2026-04-09 07:00:00,0,0.0,0.0,0.0,0,0.0,0.0,0.0,0.0
2026-04-09 08:00:00,0,0.0,0.0,0.0,0,0.0,0.0,0.0,0.0
2026-04-09 09:00:00,0,0.0,0.0,0.0,0,0.0,0.0,0.0,0.0
2026-04-09 10:00:00,0,0.0,0.0,0.0,0,0.0,0.0,0.0,0.0
2026-04-09 11:00:00,0,0.0,0.0,0.0,0,0.0,0.0,0.0,0.0
2026-04-09 12:00:00,0,0.0,0.0,0.0,0,0.0,0.0,0.0,0.0
2026-04-09 13:00:00,0,0.0,0.0,0.0,0,0.0,0.0,0.0,0.0
2026-04-09 14:00:00,0,0.0,0.0,0.0,0,0.0,0.0,0.0,0.0
2026-04-09 15:00:00,0,0.0,0.0,0.0,0,0.0,0.0,0.0,0.0
2026-04-09 16:00:00,0,0.0,0.0,0.0,0,0.0,0.0,0.0,0.0
2026-04-09 17:00:00,0,0.0,0.0,0.0,0,0.0,0.0,0.0,0.0
2026-04-09 18:00:00,0,0.0,0.0,0.0,0,0.0,0.0,0.0,0.0
2026-04-09 19:00:00,0,0.0,0.0,0.0,0,0.0,0.0,0.0,0.0
2026-04-09 20:00:00,0,0.0,0.0,0.0,0,0.0,0.0,0.0,0.0
2026-04-09 21:00:00,0,0.0,0.0,0.0,0,0.0,0.0,0.0,0.0
2026-04-09 22:00:00,0,0.0,0.0,0.0,0,0.0,0.0,0.0,0.0
2026-04-09 23:00:00,0,0.0,0.0,0.0,0,0.0,0.0,0.0,0.0
2026-04-10 00:00:00,0,0.0,0.0,0.0,0,0.0,0.0,0.0,0.0
2026-04-10 01:00:00,0,0.0,0.0,0.0,0,0.0,0.0,0.0,0.0
2026-04-10 02:00:00,0,0.0,0.0,0.0,0,0.0,0.0,0.0,0.0
2026-04-10 03:00:00,0,0.0,0.0,0.0,0,0.0,0.0,0.0,0.0
2026-04-10 04:00:00,0,0.0,0.0,0.0,0,0.0,0.0,0.0,0.0
2026-04-10 05:00:00,0,0.0,0.0,0.0,0,0.0,0.0,0.0,0.0
2026-04-10 06:00:00,0,0.0,0.0,0.0,0,0.0,0.0,0.0,0.0
2026-04-10 07:00:00,0,0.0,0.0,0.0,0,0.0,0.0,0.0,0.0
2026-04-10 08:00:00,0,0.0,0.0,0.0,0,0.0,0.0,0.0,0.0
2026-04-10 09:00:00,0,0.0,0.0,0.0,0,0.0,0.0,0.0,0.0
2026-04-10 10:00:00,0,0.0,0.0,0.0,0,0.0,0.0,0.0,0.0
2026-04-10 11:00:00,0,0.0,0.0,0.0,0,0.0,0.0,0.0,0.0
2026-04-10 12:00:00,0,0.0,0.0,0.0,0,0.0,0.0,0.0,0.0
2026-04-10 13:00:00,0,0.0,0.0,0.0,0,0.0,0.0,0.0,0.0
2026-04-10 14:00:00,0,0.0,0.0,0.0,0,0.0,0.0,0.0,0.0
2026-04-10 15:00:00,0,0.0,0.0,0.0,0,0.0,0.0,0.0,0.0
2026-04-10 16:00:00,0,0.0,0.0,0.0,0,0.0,0.0,0.0,0.0
2026-04-10 17:00:00,0,0.0,0.0,0.0,0,0.0,0.0,0.0,0.0
2026-04-10 18:00:00,0,0.0,0.0,0.0,0,0.0,0.0,0.0,0.0
2026-04-10 19:00:00,0,0.0,0.0,0.0,0,0.0,0.0,0.0,0.0
2026-04-10 20:00:00,0,0.0,0.0,0.0,0,0.0,0.0,0.0,0.0
2026-04-10 21:00:00,0,0.0,0.0,0.0,0,0.0,0.0,0.0,0.0
2026-04-10 22:00:00,0,0.0,0.0,0.0,0,0.0,0.0,0.0,0.0
2026-04-10 23:00:00,0,0.0,0.0,0.0,0,0.0,0.0,0.0,0.0
2026-04-11 00:00:00,0,0.0,0.0,0.0,0,0.0,0.0,0.0,0.0
2026-04-11 01:00:00,0,0.0,0.0,0.0,0,0.0,0.0,0.0,0.0
2026-04-11 02:00:00,0,0.0,0.0,0.0,0,0.0,0.0,0.0,0.0
2026-04-11 03:00:00,0,0.0,0.0,0.0,0,0.0,0.0,0.0,0.0
2026-04-11 04:00:00,0,0.0,0.0,0.0,0,0.0,0.0,0.0,0.0
2026-04-11 05:00:00,0,0.0,0.0,0.0,0,0.0,0.0,0.0,0.0
2026-04-11 06:00:00,0,0.0,0.0,0.0,0,0.0,0.0,0.0,0.0
2026-04-11 07:00:00,0,0.0,0.0,0.0,0,0.0,0.0,0.0,0.0
2026-04-11 08:00:00,0,0.0,0.0,0.0,0,0.0,0.0,0.0,0.0
2026-04-11 09:00:00,0,0.0,0.0,0.0,0,0.0,0.0,0.0,0.0
2026-04-11 10:00:00,0,0.0,0.0,0.0,0,0.0,0.0,0.0,0.0
2026-04-11 11:00:00,0,0.0,0.0,0.0,0,0.0,0.0,0.0,0.0
2026-04-11 12:00:00,0,0.0,0.0,0.0,0,0.0,0.0,0.0,0.0
2026-04-11 13:00:00,0,0.0,0.0,0.0,0,0.0,0.0,0.0,0.0
2026-04-11 14:00:00,0,0.0,0.0,0.0,0,0.0,0.0,0.0,0.0
2026-04-11 15:00:00,0,0.0,0.0,0.0,0,0.0,0.0,0.0,0.0
2026-04-11 16:00:00,0,0.0,0.0,0.0,0,0.0,0.0,0.0,0.0
2026-04-11 17:00:00,0,0.0,0.0,0.0,0,0.0,0.0,0.0,0.0
2026-04-11 18:00:00,0,0.0,0.0,0.0,0,0.0,0.0,0.0,0.0
2026-04-11 19:00:00,0,0.0,0.0,0.0,0,0.0,0.0,0.0,0.0
2026-04-11 20:00:00,0,0.0,0.0,0.0,0,0.0,0.0,0.0,0.0
2026-04-11 21:00:00,0,0.0,0.0,0.0,0,0.0,0.0,0.0,0.0
2026-04-11 22:00:00,0,0.0,0.0,0.0,0,0.0,0.0,0.0,0.0
2026-04-11 23:00:00,0,0.0,0.0,0.0,0,0.0,0.0,0.0,0.0
2026-04-12 00:00:00,0,0.0,0.0,0.0,0,0.0,0.0,0.0,0.0
2026-04-12 01:00:00,0,0.0,0.0,0.0,0,0.0,0.0,0.0,0.0
2026-04-12 02:00:00,0,0.0,0.0,0.0,0,0.0,0.0,0.0,0.0
2026-04-12 03:00:00,0,0.0,0.0,0.0,0,0.0,0.0,0.0,0.0
2026-04-12 04:00:00,0,0.0,0.0,0.0,0,0.0,0.0,0.0,0.0
2026-04-12 05:00:00,0,0.0,0.0,0.0,0,0.0,0.0,0.0,0.0
2026-04-12 06:00:00,0,0.0,0.0,0.0,0,0.0,0.0,0.0,0.0
2026-04-12 07:00:00,0,0.0,0.0,0.0,0,0.0,0.0,0.0,0.0
2026-04-12 08:00:00,0,0.0,0.0,0.0,0,0.0,0.0,0.0,0.0
2026-04-12 09:00:00,0,0.0,0.0,0.0,0,0.0,0.0,0.0,0.0
2026-04-12 10:00:00,0,0.0,0.0,0.0,0,0.0,0.0,0.0,0.0
2026-04-12 11:00:00,0,0.0,0.0,0.0,0,0.0,0.0,0.0,0.0
2026-04-12 12:00:00,0,0.0,0.0,0.0,0,0.0,0.0,0.0,0.0
2026-04-12 13:00:00,0,0.0,0.0,0.0,0,0.0,0.0,0.0,0.0
2026-04-12 14:00:00,0,0.0,0.0,0.0,0,0.0,0.0,0.0,0.0
2026-04-12 15:00:00,0,0.0,0.0,0.0,0,0.0,0.0,0.0,0.0
2026-04-12 16:00:00,0,0.0,0.0,0.0,0,0.0,0.0,0.0,0.0
2026-04-12 17:00:00,0,0.0,0.0,0.0,0,0.0,0.0,0.0,0.0
2026-04-12 18:00:00,0,0.0,0.0,0.0,0,0.0,0.0,0.0,0.0
2026-04-12 19:00:00,0,0.0,0.0,0.0,0,0.0,0.0,0.0,0.0
2026-04-12 20:00:00,0,0.0,0.0,0.0,0,0.0,0.0,0.0,0.0
2026-04-12 21:00:00,0,0.0,0.0,0.0,0,0.0,0.0,0.0,0.0
2026-04-12 22:00:00,0,0.0,0.0,0.0,0,0.0,0.0,0.0,0.0
2026-04-12 23:00:00,0,0.0,0.0,0.0,0,0.0,0.0,0.0,0.0
2026-04-13 00:00:00,0,0.0,0.0,0.0,0,0.0,0.0,0.0,0.0
2026-04-13 01:00:00,0,0.0,0.0,0.0,0,0.0,0.0,0.0,0.0
2026-04-13 02:00:00,0,0.0,0.0,0.0,0,0.0,0.0,0.0,0.0
2026-04-13 03:00:00,0,0.0,0.0,0.0,0,0.0,0.0,0.0,0.0
2026-04-13 04:00:00,0,0.0,0.0,0.0,0,0.0,0.0,0.0,0.0
2026-04-13 05:00:00,0,0.0,0.0,0.0,0,0.0,0.0,0.0,0.0
2026-04-13 06:00:00,0,0.0,0.0,0.0,0,0.0,0.0,0.0,0.0
2026-04-13 07:00:00,0,0.0,0.0,0.0,0,0.0,0.0,0.0,0.0
2026-04-13 08:00:00,0,0.0,0.0,0.0,0,0.0,0.0,0.0,0.0
2026-04-13 09:00:00,0,0.0,0.0,0.0,0,0.0,0.0,0.0,0.0
2026-04-13 10:00:00,0,0.0,0.0,0.0,0,0.0,0.0,0.0,0.0
2026-04-13 11:00:00,0,0.0,0.0,0.0,0,0.0,0.0,0.0,0.0
2026-04-13 12:00:00,0,0.0,0.0,0.0,0,0.0,0.0,0.0,0.0
2026-04-13 13:00:00,0,0.0,0.0,0.0,0,0.0,0.0,0.0,0.0
2026-04-13 14:00:00,0,0.0,0.0,0.0,0,0.0,0.0,0.0,0.0
2026-04-13 15:00:00,0,0.0,0.0,0.0,0,0.0,0.0,0.0,0.0
2026-04-13 16:00:00,0,0.0,0.0,0.0,0,0.0,0.0,0.0,0.0
2026-04-13 17:00:00,0,0.0,0.0,0.0,0,0.0,0.0,0.0,0.0
2026-04-13 18:00:00,0,0.0,0.0,0.0,0,0.0,0.0,0.0,0.0
2026-04-13 19:00:00,0,0.0,0.0,0.0,0,0.0,0.0,0.0,0.0
2026-04-13 20:00:00,0,0.0,0.0,0.0,0,0.0,0.0,0.0,0.0
2026-04-13 21:00:00,0,0.0,0.0,0.0,0,0.0,0.0,0.0,0.0
2026-04-13 22:00:00,0,0.0,0.0,0.0,0,0.0,0.0,0.0,0.0
2026-04-13 23:00:00,0,0.0,0.0,0.0,0,0.0,0.0,0.0,0.0
2026-04-14 00:00:00,0,0.0,0.0,0.0,0,0.0,0.0,0.0,0.0
2026-04-14 01:00:00,0,0.0,0.0,0.0,0,0.0,0.0,0.0,0.0
2026-04-14 02:00:00,0,0.0,0.0,0.0,0,0.0,0.0,0.0,0.0
2026-04-14 03:00:00,0,0.0,0.0,0.0,0,0.0,0.0,0.0,0.0
2026-04-14 04:00:00,0,0.0,0.0,0.0,0,0.0,0.0,0.0,0.0
2026-04-14 05:00:00,0,0.0,0.0,0.0,0,0.0,0.0,0.0,0.0
2026-04-14 06:00:00,0,0.0,0.0,0.0,0,0.0,0.0,0.0,0.0
2026-04-14 07:00:00,0,0.0,0.0,0.0,0,0.0,0.0,0.0,0.0
2026-04-14 08:00:00,0,0.0,0.0,0.0,0,0.0,0.0,0.0,0.0
2026-04-14 09:00:00,0,0.0,0.0,0.0,0,0.0,0.0,0.0,0.0
2026-04-14 10:00:00,0,0.0,0.0,0.0,0,0.0,0.0,0.0,0.0
2026-04-14 11:00:00,0,0.0,0.0,0.0,0,0.0,0.0,0.0,0.0
2026-04-14 12:00:00,0,0.0,0.0,0.0,0,0.0,0.0,0.0,0.0
2026-04-14 13:00:00,0,0.0,0.0,0.0,0,0.0,0.0,0.0,0.0
2026-04-14 14:00:00,0,0.0,0.0,0.0,0,0.0,0.0,0.0,0.0
2026-04-14 15:00:00,0,0.0,0.0,0.0,0,0.0,0.0,0.0,0.0
2026-04-14 16:00:00,0,0.0,0.0,0.0,0,0.0,0.0,0.0,0.0
2026-04-14 17:00:00,0,0.0,0.0,0.0,0,0.0,0.0,0.0,0.0
2026-04-14 18:00:00,0,0.0,0.0,0.0,0,0.0,0.0,0.0,0.0
2026-04-14 19:00:00,0,0.0,0.0,0.0,0,0.0,0.0,0.0,0.0
2026-04-14 20:00:00,0,0.0,0.0,0.0,0,0.0,0.0,0.0,0.0
2026-04-14 21:00:00,0,0.0,0.0,0.0,0,0.0,0.0,0.0,0.0
2026-04-14 22:00:00,0,0.0,0.0,0.0,0,0.0,0.0,0.0,0.0
2026-04-14 23:00:00,0,0.0,0.0,0.0,0,0.0,0.0,0.0,0.0
2026-04-15 00:00:00,0,0.0,0.0,0.0,0,0.0,0.0,0.0,0.0
2026-04-15 01:00:00,0,0.0,0.0,0.0,0,0.0,0.0,0.0,0.0
2026-04-15 02:00:00,0,0.0,0.0,0.0,0,0.0,0.0,0.0,0.0
2026-04-15 03:00:00,0,0.0,0.0,0.0,0,0.0,0.0,0.0,0.0
2026-04-15 04:00:00,0,0.0,0.0,0.0,0,0.0,0.0,0.0,0.0
2026-04-15 05:00:00,0,0.0,0.0,0.0,0,0.0,0.0,0.0,0.0
2026-04-15 06:00:00,0,0.0,0.0,0.0,0,0.0,0.0,0.0,0.0
2026-04-15 07:00:00,0,0.0,0.0,0.0,0,0.0,0.0,0.0,0.0
2026-04-15 08:00:00,0,0.0,0.0,0.0,0,0.0,0.0,0.0,0.0
2026-04-15 09:00:00,0,0.0,0.0,0.0,0,0.0,0.0,0.0,0.0
2026-04-15 10:00:00,0,0.0,0.0,0.0,0,0.0,0.0,0.0,0.0
2026-04-15 11:00:00,0,0.0,0.0,0.0,0,0.0,0.0,0.0,0.0
2026-04-15 12:00:00,0,0.0,0.0,0.0,0,0.0,0.0,0.0,0.0
2026-04-15 13:00:00,0,0.0,0.0,0.0,0,0.0,0.0,0.0,0.0
2026-04-15 14:00:00,0,0.0,0.0,0.0,0,0.0,0.0,0.0,0.0
2026-04-15 15:00:00,0,0.0,0.0,0.0,0,0.0,0.0,0.0,0.0
2026-04-15 16:00:00,0,0.0,0.0,0.0,0,0.0,0.0,0.0,0.0
2026-04-15 17:00:00,0,0.0,0.0,0.0,0,0.0,0.0,0.0,0.0
2026-04-15 18:00:00,0,0.0,0.0,0.0,0,0.0,0.0,0.0,0.0
2026-04-15 19:00:00,0,0.0,0.0,0.0,0,0.0,0.0,0.0,0.0
2026-04-15 20:00:00,0,0.0,0.0,0.0,0,0.0,0.0,0.0,0.0
2026-04-15 21:00:00,0,0.0,0.0,0.0,0,0.0,0.0,0.0,0.0
2026-04-15 22:00:00,0,0.0,0.0,0.0,0,0.0,0.0,0.0,0.0
2026-04-15 23:00:00,0,0.0,0.0,0.0,0,0.0,0.0,0.0,0.0
2026-04-16 00:00:00,0,0.0,0.0,0.0,0,0.0,0.0,0.0,0.0
2026-04-16 01:00:00,0,0.0,0.0,0.0,0,0.0,0.0,0.0,0.0
2026-04-16 02:00:00,0,0.0,0.0,0.0,0,0.0,0.0,0.0,0.0
2026-04-16 03:00:00,0,0.0,0.0,0.0,0,0.0,0.0,0.0,0.0
2026-04-16 04:00:00,0,0.0,0.0,0.0,0,0.0,0.0,0.0,0.0
2026-04-16 05:00:00,0,0.0,0.0,0.0,0,0.0,0.0,0.0,0.0
2026-04-16 06:00:00,0,0.0,0.0,0.0,0,0.0,0.0,0.0,0.0
2026-04-16 07:00:00,0,0.0,0.0,0.0,0,0.0,0.0,0.0,0.0
2026-04-16 08:00:00,0,0.0,0.0,0.0,0,0.0,0.0,0.0,0.0
2026-04-16 09:00:00,0,0.0,0.0,0.0,0,0.0,0.0,0.0,0.0
2026-04-16 10:00:00,0,0.0,0.0,0.0,0,0.0,0.0,0.0,0.0
2026-04-16 11:00:00,0,0.0,0.0,0.0,0,0.0,0.0,0.0,0.0
2026-04-16 12:00:00,0,0.0,0.0,0.0,0,0.0,0.0,0.0,0.0
2026-04-16 13:00:00,0,0.0,0.0,0.0,0,0.0,0.0,0.0,0.0
2026-04-16 14:00:00,0,0.0,0.0,0.0,0,0.0,0.0,0.0,0.0
2026-04-16 15:00:00,0,0.0,0.0,0.0,0,0.0,0.0,0.0,0.0
2026-04-16 16:00:00,0,0.0,0.0,0.0,0,0.0,0.0,0.0,0.0
2026-04-16 17:00:00,0,0.0,0.0,0.0,0,0.0,0.0,0.0,0.0
2026-04-16 18:00:00,0,0.0,0.0,0.0,0,0.0,0.0,0.0,0.0
2026-04-16 19:00:00,0,0.0,0.0,0.0,0,0.0,0.0,0.0,0.0
2026-04-16 20:00:00,0,0.0,0.0,0.0,0,0.0,0.0,0.0,0.0
2026-04-16 21:00:00,0,0.0,0.0,0.0,0,0.0,0.0,0.0,0.0
2026-04-16 22:00:00,0,0.0,0.0,0.0,0,0.0,0.0,0.0,0.0
2026-04-16 23:00:00,0,0.0,0.0,0.0,0,0.0,0.0,0.0,0.0
2026-04-17 00:00:00,0,0.0,0.0,0.0,0,0.0,0.0,0.0,0.0
2026-04-17 01:00:00,0,0.0,0.0,0.0,0,0.0,0.0,0.0,0.0
2026-04-17 02:00:00,0,0.0,0.0,0.0,0,0.0,0.0,0.0,0.0
2026-04-17 03:00:00,0,0.0,0.0,0.0,0,0.0,0.0,0.0,0.0
2026-04-17 04:00:00,0,0.0,0.0,0.0,0,0.0,0.0,0.0,0.0
2026-04-17 05:00:00,0,0.0,0.0,0.0,0,0.0,0.0,0.0,0.0
2026-04-17 06:00:00,0,0.0,0.0,0.0,0,0.0,0.0,0.0,0.0
2026-04-17 07:00:00,0,0.0,0.0,0.0,0,0.0,0.0,0.0,0.0
2026-04-17 08:00:00,0,0.0,0.0,0.0,0,0.0,0.0,0.0,0.0
2026-04-17 09:00:00,0,0.0,0.0,0.0,0,0.0,0.0,0.0,0.0
2026-04-17 10:00:00,0,0.0,0.0,0.0,0,0.0,0.0,0.0,0.0
2026-04-17 11:00:00,0,0.0,0.0,0.0,0,0.0,0.0,0.0,0.0
2026-04-17 12:00:00,0,0.0,0.0,0.0,0,0.0,0.0,0.0,0.0
2026-04-17 13:00:00,0,0.0,0.0,0.0,0,0.0,0.0,0.0,0.0
2026-04-17 14:00:00,0,0.0,0.0,0.0,0,0.0,0.0,0.0,0.0
2026-04-17 15:00:00,0,0.0,0.0,0.0,0,0.0,0.0,0.0,0.0
2026-04-17 16:00:00,0,0.0,0.0,0.0,0,0.0,0.0,0.0,0.0
2026-04-17 17:00:00,0,0.0,0.0,0.0,0,0.0,0.0,0.0,0.0
2026-04-17 18:00:00,0,0.0,0.0,0.0,0,0.0,0.0,0.0,0.0
2026-04-17 19:00:00,0,0.0,0.0,0.0,0,0.0,0.0,0.0,0.0
2026-04-17 20:00:00,0,0.0,0.0,0.0,0,0.0,0.0,0.0,0.0
2026-04-17 21:00:00,0,0.0,0.0,0.0,0,0.0,0.0,0.0,0.0
2026-04-17 22:00:00,0,0.0,0.0,0.0,0,0.0,0.0,0.0,0.0
2026-04-17 23:00:00,0,0.0,0.0,0.0,0,0.0,0.0,0.0,0.0
2026-04-18 00:00:00,0,0.0,0.0,0.0,0,0.0,0.0,0.0,0.0
2026-04-18 01:00:00,0,0.0,0.0,0.0,0,0.0,0.0,0.0,0.0
2026-04-18 02:00:00,0,0.0,0.0,0.0,0,0.0,0.0,0.0,0.0
2026-04-18 03:00:00,0,0.0,0.0,0.0,0,0.0,0.0,0.0,0.0
2026-04-18 04:00:00,0,0.0,0.0,0.0,0,0.0,0.0,0.0,0.0
2026-04-18 05:00:00,0,0.0,0.0,0.0,0,0.0,0.0,0.0,0.0
2026-04-18 06:00:00,0,0.0,0.0,0.0,0,0.0,0.0,0.0,0.0
2026-04-18 07:00:00,0,0.0,0.0,0.0,0,0.0,0.0,0.0,0.0
2026-04-18 08:00:00,0,0.0,0.0,0.0,0,0.0,0.0,0.0,0.0
2026-04-18 09:00:00,0,0.0,0.0,0.0,0,0.0,0.0,0.0,0.0
2026-04-18 10:00:00,0,0.0,0.0,0.0,0,0.0,0.0,0.0,0.0
2026-04-18 11:00:00,0,0.0,0.0,0.0,0,0.0,0.0,0.0,0.0
2026-04-18 12:00:00,0,0.0,0.0,0.0,0,0.0,0.0,0.0,0.0
2026-04-18 13:00:00,0,0.0,0.0,0.0,0,0.0,0.0,0.0,0.0
2026-04-18 14:00:00,0,0.0,0.0,0.0,0,0.0,0.0,0.0,0.0
2026-04-18 15:00:00,0,0.0,0.0,0.0,0,0.0,0.0,0.0,0.0
2026-04-18 16:00:00,0,0.0,0.0,0.0,0,0.0,0.0,0.0,0.0
2026-04-18 17:00:00,0,0.0,0.0,0.0,0,0.0,0.0,0.0,0.0
2026-04-18 18:00:00,0,0.0,0.0,0.0,0,0.0,0.0,0.0,0.0
2026-04-18 19:00:00,0,0.0,0.0,0.0,0,0.0,0.0,0.0,0.0
2026-04-18 20:00:00,0,0.0,0.0,0.0,0,0.0,0.0,0.0,0.0
2026-04-18 21:00:00,0,0.0,0.0,0.0,0,0.0,0.0,0.0,0.0
2026-04-18 22:00:00,0,0.0,0.0,0.0,0,0.0,0.0,0.0,0.0
2026-04-18 23:00:00,0,0.0,0.0,0.0,0,0.0,0.0,0.0,0.0
2026-04-19 00:00:00,0,0.0,0.0,0.0,0,0.0,0.0,0.0,0.0
2026-04-19 01:00:00,0,0.0,0.0,0.0,0,0.0,0.0,0.0,0.0
2026-04-19 02:00:00,0,0.0,0.0,0.0,0,0.0,0.0,0.0,0.0
2026-04-19 03:00:00,0,0.0,0.0,0.0,0,0.0,0.0,0.0,0.0
2026-04-19 04:00:00,0,0.0,0.0,0.0,0,0.0,0.0,0.0,0.0
2026-04-19 05:00:00,0,0.0,0.0,0.0,0,0.0,0.0,0.0,0.0
2026-04-19 06:00:00,0,0.0,0.0,0.0,0,0.0,0.0,0.0,0.0
2026-04-19 07:00:00,0,0.0,0.0,0.0,0,0.0,0.0,0.0,0.0
2026-04-19 08:00:00,0,0.0,0.0,0.0,0,0.0,0.0,0.0,0.0
2026-04-19 09:00:00,0,0.0,0.0,0.0,0,0.0,0.0,0.0,0.0
2026-04-19 10:00:00,0,0.0,0.0,0.0,0,0.0,0.0,0.0,0.0
2026-04-19 11:00:00,0,0.0,0.0,0.0,0,0.0,0.0,0.0,0.0
2026-04-19 12:00:00,0,0.0,0.0,0.0,0,0.0,0.0,0.0,0.0
2026-04-19 13:00:00,0,0.0,0.0,0.0,0,0.0,0.0,0.0,0.0
2026-04-19 14:00:00,0,0.0,0.0,0.0,0,0.0,0.0,0.0,0.0
2026-04-19 15:00:00,0,0.0,0.0,0.0,0,0.0,0.0,0.0,0.0
2026-04-19 16:00:00,0,0.0,0.0,0.0,0,0.0,0.0,0.0,0.0
2026-04-19 17:00:00,0,0.0,0.0,0.0,0,0.0,0.0,0.0,0.0
2026-04-19 18:00:00,0,0.0,0.0,0.0,0,0.0,0.0,0.0,0.0
2026-04-19 19:00:00,0,0.0,0.0,0.0,0,0.0,0.0,0.0,0.0
2026-04-19 20:00:00,0,0.0,0.0,0.0,0,0.0,0.0,0.0,0.0
2026-04-19 21:00:00,0,0.0,0.0,0.0,0,0.0,0.0,0.0,0.0
2026-04-19 22:00:00,0,0.0,0.0,0.0,0,0.0,0.0,0.0,0.0
2026-04-19 23:00:00,0,0.0,0.0,0.0,0,0.0,0.0,0.0,0.0
2026-04-20 00:00:00,0,0.0,0.0,0.0,0,0.0,0.0,0.0,0.0
2026-04-20 01:00:00,0,0.0,0.0,0.0,0,0.0,0.0,0.0,0.0
2026-04-20 02:00:00,0,0.0,0.0,0.0,0,0.0,0.0,0.0,0.0
2026-04-20 03:00:00,0,0.0,0.0,0.0,0,0.0,0.0,0.0,0.0
2026-04-20 04:00:00,0,0.0,0.0,0.0,0,0.0,0.0,0.0,0.0
2026-04-20 05:00:00,0,0.0,0.0,0.0,0,0.0,0.0,0.0,0.0
2026-04-20 06:00:00,0,0.0,0.0,0.0,0,0.0,0.0,0.0,0.0
2026-04-20 07:00:00,0,0.0,0.0,0.0,0,0.0,0.0,0.0,0.0
2026-04-20 08:00:00,0,0.0,0.0,0.0,0,0.0,0.0,0.0,0.0
2026-04-20 09:00:00,0,0.0,0.0,0.0,0,0.0,0.0,0.0,0.0
2026-04-20 10:00:00,0,0.0,0.0,0.0,0,0.0,0.0,0.0,0.0
2026-04-20 11:00:00,0,0.0,0.0,0.0,0,0.0,0.0,0.0,0.0
2026-04-20 12:00:00,0,0.0,0.0,0.0,0,0.0,0.0,0.0,0.0
2026-04-20 13:00:00,0,0.0,0.0,0.0,0,0.0,0.0,0.0,0.0
2026-04-20 14:00:00,0,0.0,0.0,0.0,0,0.0,0.0,0.0,0.0
2026-04-20 15:00:00,0,0.0,0.0,0.0,0,0.0,0.0,0.0,0.0
2026-04-20 16:00:00,0,0.0,0.0,0.0,0,0.0,0.0,0.0,0.0
2026-04-20 17:00:00,0,0.0,0.0,0.0,0,0.0,0.0,0.0,0.0
2026-04-20 18:00:00,0,0.0,0.0,0.0,0,0.0,0.0,0.0,0.0
2026-04-20 19:00:00,0,0.0,0.0,0.0,0,0.0,0.0,0.0,0.0
2026-04-20 20:00:00,0,0.0,0.0,0.0,0,0.0,0.0,0.0,0.0
2026-04-20 21:00:00,0,0.0,0.0,0.0,0,0.0,0.0,0.0,0.0
2026-04-20 22:00:00,0,0.0,0.0,0.0,0,0.0,0.0,0.0,0.0
2026-04-20 23:00:00,0,0.0,0.0,0.0,0,0.0,0.0,0.0,0.0
2026-04-21 00:00:00,0,0.0,0.0,0.0,0,0.0,0.0,0.0,0.0
2026-04-21 01:00:00,0,0.0,0.0,0.0,0,0.0,0.0,0.0,0.0
2026-04-21 02:00:00,0,0.0,0.0,0.0,0,0.0,0.0,0.0,0.0
2026-04-21 03:00:00,0,0.0,0.0,0.0,0,0.0,0.0,0.0,0.0
2026-04-21 04:00:00,0,0.0,0.0,0.0,0,0.0,0.0,0.0,0.0
2026-04-21 05:00:00,0,0.0,0.0,0.0,0,0.0,0.0,0.0,0.0
2026-04-21 06:00:00,0,0.0,0.0,0.0,0,0.0,0.0,0.0,0.0
2026-04-21 07:00:00,0,0.0,0.0,0.0,0,0.0,0.0,0.0,0.0
2026-04-21 08:00:00,0,0.0,0.0,0.0,0,0.0,0.0,0.0,0.0
2026-04-21 09:00:00,0,0.0,0.0,0.0,0,0.0,0.0,0.0,0.0
2026-04-21 10:00:00,0,0.0,0.0,0.0,0,0.0,0.0,0.0,0.0
2026-04-21 11:00:00,0,0.0,0.0,0.0,0,0.0,0.0,0.0,0.0
2026-04-21 12:00:00,0,0.0,0.0,0.0,0,0.0,0.0,0.0,0.0
2026-04-21 13:00:00,0,0.0,0.0,0.0,0,0.0,0.0,0.0,0.0
2026-04-21 14:00:00,0,0.0,0.0,0.0,0,0.0,0.0,0.0,0.0
2026-04-21 15:00:00,0,0.0,0.0,0.0,0,0.0,0.0,0.0,0.0
2026-04-21 16:00:00,0,0.0,0.0,0.0,0,0.0,0.0,0.0,0.0
2026-04-21 17:00:00,0,0.0,0.0,0.0,0,0.0,0.0,0.0,0.0
2026-04-21 18:00:00,0,0.0,0.0,0.0,0,0.0,0.0,0.0,0.0
2026-04-21 19:00:00,0,0.0,0.0,0.0,0,0.0,0.0,0.0,0.0
2026-04-21 20:00:00,0,0.0,0.0,0.0,0,0.0,0.0,0.0,0.0
2026-04-21 21:00:00,0,0.0,0.0,0.0,0,0.0,0.0,0.0,0.0
2026-04-21 22:00:00,0,0.0,0.0,0.0,0,0.0,0.0,0.0,0.0
2026-04-21 23:00:00,0,0.0,0.0,0.0,0,0.0,0.0,0.0,0.0
2026-04-22 00:00:00,0,0.0,0.0,0.0,0,0.0,0.0,0.0,0.0
2026-04-22 01:00:00,0,0.0,0.0,0.0,0,0.0,0.0,0.0,0.0
2026-04-22 02:00:00,0,0.0,0.0,0.0,0,0.0,0.0,0.0,0.0
2026-04-22 03:00:00,0,0.0,0.0,0.0,0,0.0,0.0,0.0,0.0
2026-04-22 04:00:00,0,0.0,0.0,0.0,0,0.0,0.0,0.0,0.0
2026-04-22 05:00:00,0,0.0,0.0,0.0,0,0.0,0.0,0.0,0.0
2026-04-22 06:00:00,0,0.0,0.0,0.0,0,0.0,0.0,0.0,0.0
2026-04-22 07:00:00,0,0.0,0.0,0.0,0,0.0,0.0,0.0,0.0
2026-04-22 08:00:00,0,0.0,0.0,0.0,0,0.0,0.0,0.0,0.0
2026-04-22 09:00:00,0,0.0,0.0,0.0,0,0.0,0.0,0.0,0.0
2026-04-22 10:00:00,0,0.0,0.0,0.0,0,0.0,0.0,0.0,0.0
2026-04-22 11:00:00,0,0.0,0.0,0.0,0,0.0,0.0,0.0,0.0
2026-04-22 12:00:00,0,0.0,0.0,0.0,0,0.0,0.0,0.0,0.0
2026-04-22 13:00:00,0,0.0,0.0,0.0,0,0.0,0.0,0.0,0.0
2026-04-22 14:00:00,0,0.0,0.0,0.0,0,0.0,0.0,0.0,0.0
2026-04-22 15:00:00,0,0.0,0.0,0.0,0,0.0,0.0,0.0,0.0
2026-04-22 16:00:00,0,0.0,0.0,0.0,0,0.0,0.0,0.0,0.0
2026-04-22 17:00:00,0,0.0,0.0,0.0,0,0.0,0.0,0.0,0.0
2026-04-22 18:00:00,0,0.0,0.0,0.0,0,0.0,0.0,0.0,0.0
2026-04-22 19:00:00,0,0.0,0.0,0.0,0,0.0,0.0,0.0,0.0
2026-04-22 20:00:00,0,0.0,0.0,0.0,0,0.0,0.0,0.0,0.0
2026-04-22 21:00:00,0,0.0,0.0,0.0,0,0.0,0.0,0.0,0.0
2026-04-22 22:00:00,0,0.0,0.0,0.0,0,0.0,0.0,0.0,0.0
2026-04-22 23:00:00,0,0.0,0.0,0.0,0,0.0,0.0,0.0,0.0
2026-04-23 00:00:00,0,0.0,0.0,0.0,0,0.0,0.0,0.0,0.0
2026-04-23 01:00:00,0,0.0,0.0,0.0,0,0.0,0.0,0.0,0.0
2026-04-23 02:00:00,0,0.0,0.0,0.0,0,0.0,0.0,0.0,0.0
2026-04-23 03:00:00,0,0.0,0.0,0.0,0,0.0,0.0,0.0,0.0
2026-04-23 04:00:00,0,0.0,0.0,0.0,0,0.0,0.0,0.0,0.0
2026-04-23 05:00:00,0,0.0,0.0,0.0,0,0.0,0.0,0.0,0.0
2026-04-23 06:00:00,0,0.0,0.0,0.0,0,0.0,0.0,0.0,0.0
2026-04-23 07:00:00,0,0.0,0.0,0.0,0,0.0,0.0,0.0,0.0
2026-04-23 08:00:00,0,0.0,0.0,0.0,0,0.0,0.0,0.0,0.0
2026-04-23 09:00:00,0,0.0,0.0,0.0,0,0.0,0.0,0.0,0.0
2026-04-23 10:00:00,0,0.0,0.0,0.0,0,0.0,0.0,0.0,0.0
2026-04-23 11:00:00,0,0.0,0.0,0.0,0,0.0,0.0,0.0,0.0
2026-04-23 12:00:00,0,0.0,0.0,0.0,0,0.0,0.0,0.0,0.0
2026-04-23 13:00:00,0,0.0,0.0,0.0,0,0.0,0.0,0.0,0.0
2026-04-23 14:00:00,0,0.0,0.0,0.0,0,0.0,0.0,0.0,0.0
2026-04-23 15:00:00,0,0.0,0.0,0.0,0,0.0,0.0,0.0,0.0
2026-04-23 16:00:00,0,0.0,0.0,0.0,0,0.0,0.0,0.0,0.0
2026-04-23 17:00:00,0,0.0,0.0,0.0,0,0.0,0.0,0.0,0.0
2026-04-23 18:00:00,0,0.0,0.0,0.0,0,0.0,0.0,0.0,0.0
2026-04-23 19:00:00,0,0.0,0.0,0.0,0,0.0,0.0,0.0,0.0
2026-04-23 20:00:00,0,0.0,0.0,0.0,0,0.0,0.0,0.0,0.0
2026-04-23 21:00:00,0,0.0,0.0,0.0,0,0.0,0.0,0.0,0.0
2026-04-23 22:00:00,0,0.0,0.0,0.0,0,0.0,0.0,0.0,0.0
2026-04-23 23:00:00,0,0.0,0.0,0.0,0,0.0,0.0,0.0,0.0
2026-04-24 00:00:00,0,0.0,0.0,0.0,0,0.0,0.0,0.0,0.0
2026-04-24 01:00:00,0,0.0,0.0,0.0,0,0.0,0.0,0.0,0.0
2026-04-24 02:00:00,0,0.0,0.0,0.0,0,0.0,0.0,0.0,0.0
2026-04-24 03:00:00,0,0.0,0.0,0.0,0,0.0,0.0,0.0,0.0
2026-04-24 04:00:00,0,0.0,0.0,0.0,0,0.0,0.0,0.0,0.0
2026-04-24 05:00:00,0,0.0,0.0,0.0,0,0.0,0.0,0.0,0.0
2026-04-24 06:00:00,0,0.0,0.0,0.0,0,0.0,0.0,0.0,0.0
2026-04-24 07:00:00,0,0.0,0.0,0.0,0,0.0,0.0,0.0,0.0
2026-04-24 08:00:00,0,0.0,0.0,0.0,0,0.0,0.0,0.0,0.0
2026-04-24 09:00:00,0,0.0,0.0,0.0,0,0.0,0.0,0.0,0.0
2026-04-24 10:00:00,0,0.0,0.0,0.0,0,0.0,0.0,0.0,0.0
2026-04-24 11:00:00,0,0.0,0.0,0.0,0,0.0,0.0,0.0,0.0
2026-04-24 12:00:00,0,0.0,0.0,0.0,0,0.0,0.0,0.0,0.0
2026-04-24 13:00:00,0,0.0,0.0,0.0,0,0.0,0.0,0.0,0.0
2026-04-24 14:00:00,0,0.0,0.0,0.0,0,0.0,0.0,0.0,0.0
2026-04-24 15:00:00,0,0.0,0.0,0.0,0,0.0,0.0,0.0,0.0
2026-04-24 16:00:00,0,0.0,0.0,0.0,0,0.0,0.0,0.0,0.0
2026-04-24 17:00:00,0,0.0,0.0,0.0,0,0.0,0.0,0.0,0.0
2026-04-24 18:00:00,0,0.0,0.0,0.0,0,0.0,0.0,0.0,0.0
2026-04-24 19:00:00,0,0.0,0.0,0.0,0,0.0,0.0,0.0,0.0
2026-04-24 20:00:00,0,0.0,0.0,0.0,0,0.0,0.0,0.0,0.0
2026-04-24 21:00:00,0,0.0,0.0,0.0,0,0.0,0.0,0.0,0.0
2026-04-24 22:00:00,0,0.0,0.0,0.0,0,0.0,0.0,0.0,0.0
2026-04-24 23:00:00,0,0.0,0.0,0.0,0,0.0,0.0,0.0,0.0
2026-04-25 00:00:00,0,0.0,0.0,0.0,0,0.0,0.0,0.0,0.0
2026-04-25 01:00:00,0,0.0,0.0,0.0,0,0.0,0.0,0.0,0.0
2026-04-25 02:00:00,0,0.0,0.0,0.0,0,0.0,0.0,0.0,0.0
2026-04-25 03:00:00,0,0.0,0.0,0.0,0,0.0,0.0,0.0,0.0
2026-04-25 04:00:00,0,0.0,0.0,0.0,0,0.0,0.0,0.0,0.0
2026-04-25 05:00:00,0,0.0,0.0,0.0,0,0.0,0.0,0.0,0.0
2026-04-25 06:00:00,0,0.0,0.0,0.0,0,0.0,0.0,0.0,0.0
2026-04-25 07:00:00,0,0.0,0.0,0.0,0,0.0,0.0,0.0,0.0
2026-04-25 08:00:00,0,0.0,0.0,0.0,0,0.0,0.0,0.0,0.0
2026-04-25 09:00:00,0,0.0,0.0,0.0,0,0.0,0.0,0.0,0.0
2026-04-25 10:00:00,0,0.0,0.0,0.0,0,0.0,0.0,0.0,0.0
2026-04-25 11:00:00,0,0.0,0.0,0.0,0,0.0,0.0,0.0,0.0
2026-04-25 12:00:00,0,0.0,0.0,0.0,0,0.0,0.0,0.0,0.0
2026-04-25 13:00:00,0,0.0,0.0,0.0,0,0.0,0.0,0.0,0.0
2026-04-25 14:00:00,0,0.0,0.0,0.0,0,0.0,0.0,0.0,0.0
2026-04-25 15:00:00,0,0.0,0.0,0.0,0,0.0,0.0,0.0,0.0
2026-04-25 16:00:00,0,0.0,0.0,0.0,0,0.0,0.0,0.0,0.0
2026-04-25 17:00:00,0,0.0,0.0,0.0,0,0.0,0.0,0.0,0.0
2026-04-25 18:00:00,0,0.0,0.0,0.0,0,0.0,0.0,0.0,0.0
2026-04-25 19:00:00,0,0.0,0.0,0.0,0,0.0,0.0,0.0,0.0
2026-04-25 20:00:00,0,0.0,0.0,0.0,0,0.0,0.0,0.0,0.0
2026-04-25 21:00:00,0,0.0,0.0,0.0,0,0.0,0.0,0.0,0.0
2026-04-25 22:00:00,0,0.0,0.0,0.0,0,0.0,0.0,0.0,0.0
2026-04-25 23:00:00,0,0.0,0.0,0.0,0,0.0,0.0,0.0,0.0
2026-04-26 00:00:00,0,0.0,0.0,0.0,0,0.0,0.0,0.0,0.0
2026-04-26 01:00:00,0,0.0,0.0,0.0,0,0.0,0.0,0.0,0.0
2026-04-26 02:00:00,0,0.0,0.0,0.0,0,0.0,0.0,0.0,0.0
2026-04-26 03:00:00,0,0.0,0.0,0.0,0,0.0,0.0,0.0,0.0
2026-04-26 04:00:00,0,0.0,0.0,0.0,0,0.0,0.0,0.0,0.0
2026-04-26 05:00:00,0,0.0,0.0,0.0,0,0.0,0.0,0.0,0.0
2026-04-26 06:00:00,0,0.0,0.0,0.0,0,0.0,0.0,0.0,0.0
2026-04-26 07:00:00,0,0.0,0.0,0.0,0,0.0,0.0,0.0,0.0
2026-04-26 08:00:00,0,0.0,0.0,0.0,0,0.0,0.0,0.0,0.0
2026-04-26 09:00:00,0,0.0,0.0,0.0,0,0.0,0.0,0.0,0.0
2026-04-26 10:00:00,0,0.0,0.0,0.0,0,0.0,0.0,0.0,0.0
2026-04-26 11:00:00,0,0.0,0.0,0.0,0,0.0,0.0,0.0,0.0
2026-04-26 12:00:00,0,0.0,0.0,0.0,0,0.0,0.0,0.0,0.0
2026-04-26 13:00:00,0,0.0,0.0,0.0,0,0.0,0.0,0.0,0.0
2026-04-26 14:00:00,0,0.0,0.0,0.0,0,0.0,0.0,0.0,0.0
2026-04-26 15:00:00,0,0.0,0.0,0.0,0,0.0,0.0,0.0,0.0
2026-04-26 16:00:00,0,0.0,0.0,0.0,0,0.0,0.0,0.0,0.0
2026-04-26 17:00:00,0,0.0,0.0,0.0,0,0.0,0.0,0.0,0.0
2026-04-26 18:00:00,0,0.0,0.0,0.0,0,0.0,0.0,0.0,0.0
2026-04-26 19:00:00,0,0.0,0.0,0.0,0,0.0,0.0,0.0,0.0
2026-04-26 20:00:00,0,0.0,0.0,0.0,0,0.0,0.0,0.0,0.0
2026-04-26 21:00:00,0,0.0,0.0,0.0,0,0.0,0.0,0.0,0.0
2026-04-26 22:00:00,0,0.0,0.0,0.0,0,0.0,0.0,0.0,0.0
2026-04-26 23:00:00,0,0.0,0.0,0.0,0,0.0,0.0,0.0,0.0
2026-04-27 00:00:00,0,0.0,0.0,0.0,0,0.0,0.0,0.0,0.0
2026-04-27 01:00:00,0,0.0,0.0,0.0,0,0.0,0.0,0.0,0.0
2026-04-27 02:00:00,0,0.0,0.0,0.0,0,0.0,0.0,0.0,0.0
2026-04-27 03:00:00,0,0.0,0.0,0.0,0,0.0,0.0,0.0,0.0
2026-04-27 04:00:00,0,0.0,0.0,0.0,0,0.0,0.0,0.0,0.0
2026-04-27 05:00:00,0,0.0,0.0,0.0,0,0.0,0.0,0.0,0.0
2026-04-27 06:00:00,0,0.0,0.0,0.0,0,0.0,0.0,0.0,0.0
2026-04-27 07:00:00,0,0.0,0.0,0.0,0,0.0,0.0,0.0,0.0
2026-04-27 08:00:00,0,0.0,0.0,0.0,0,0.0,0.0,0.0,0.0
2026-04-27 09:00:00,0,0.0,0.0,0.0,0,0.0,0.0,0.0,0.0
2026-04-27 10:00:00,0,0.0,0.0,0.0,0,0.0,0.0,0.0,0.0
2026-04-27 11:00:00,0,0.0,0.0,0.0,0,0.0,0.0,0.0,0.0
2026-04-27 12:00:00,0,0.0,0.0,0.0,0,0.0,0.0,0.0,0.0
2026-04-27 13:00:00,0,0.0,0.0,0.0,0,0.0,0.0,0.0,0.0
2026-04-27 14:00:00,0,0.0,0.0,0.0,0,0.0,0.0,0.0,0.0
2026-04-27 15:00:00,0,0.0,0.0,0.0,0,0.0,0.0,0.0,0.0
2026-04-27 16:00:00,0,0.0,0.0,0.0,0,0.0,0.0,0.0,0.0
2026-04-27 17:00:00,0,0.0,0.0,0.0,0,0.0,0.0,0.0,0.0
2026-04-27 18:00:00,0,0.0,0.0,0.0,0,0.0,0.0,0.0,0.0
2026-04-27 19:00:00,0,0.0,0.0,0.0,0,0.0,0.0,0.0,0.0
2026-04-27 20:00:00,0,0.0,0.0,0.0,0,0.0,0.0,0.0,0.0
2026-04-27 21:00:00,0,0.0,0.0,0.0,0,0.0,0.0,0.0,0.0
2026-04-27 22:00:00,0,0.0,0.0,0.0,0,0.0,0.0,0.0,0.0
2026-04-27 23:00:00,0,0.0,0.0,0.0,0,0.0,0.0,0.0,0.0
2026-04-28 00:00:00,0,0.0,0.0,0.0,0,0.0,0.0,0.0,0.0
2026-04-28 01:00:00,0,0.0,0.0,0.0,0,0.0,0.0,0.0,0.0
2026-04-28 02:00:00,0,0.0,0.0,0.0,0,0.0,0.0,0.0,0.0
2026-04-28 03:00:00,0,0.0,0.0,0.0,0,0.0,0.0,0.0,0.0
2026-04-28 04:00:00,0,0.0,0.0,0.0,0,0.0,0.0,0.0,0.0
2026-04-28 05:00:00,0,0.0,0.0,0.0,0,0.0,0.0,0.0,0.0
2026-04-28 06:00:00,0,0.0,0.0,0.0,0,0.0,0.0,0.0,0.0
2026-04-28 07:00:00,0,0.0,0.0,0.0,0,0.0,0.0,0.0,0.0
2026-04-28 08:00:00,0,0.0,0.0,0.0,0,0.0,0.0,0.0,0.0
2026-04-28 09:00:00,0,0.0,0.0,0.0,0,0.0,0.0,0.0,0.0
2026-04-28 10:00:00,0,0.0,0.0,0.0,0,0.0,0.0,0.0,0.0
2026-04-28 11:00:00,0,0.0,0.0,0.0,0,0.0,0.0,0.0,0.0
2026-04-28 12:00:00,0,0.0,0.0,0.0,0,0.0,0.0,0.0,0.0
2026-04-28 13:00:00,0,0.0,0.0,0.0,0,0.0,0.0,0.0,0.0
2026-04-28 14:00:00,0,0.0,0.0,0.0,0,0.0,0.0,0.0,0.0
2026-04-28 15:00:00,0,0.0,0.0,0.0,0,0.0,0.0,0.0,0.0
2026-04-28 16:00:00,0,0.0,0.0,0.0,0,0.0,0.0,0.0,0.0
2026-04-28 17:00:00,0,0.0,0.0,0.0,0,0.0,0.0,0.0,0.0
2026-04-28 18:00:00,0,0.0,0.0,0.0,0,0.0,0.0,0.0,0.0
2026-04-28 19:00:00,0,0.0,0.0,0.0,0,0.0,0.0,0.0,0.0
2026-04-28 20:00:00,0,0.0,0.0,0.0,0,0.0,0.0,0.0,0.0
2026-04-28 21:00:00,0,0.0,0.0,0.0,0,0.0,0.0,0.0,0.0
2026-04-28 22:00:00,0,0.0,0.0,0.0,0,0.0,0.0,0.0,0.0
2026-04-28 23:00:00,0,0.0,0.0,0.0,0,0.0,0.0,0.0,0.0
2026-04-29 00:00:00,0,0.0,0.0,0.0,0,0.0,0.0,0.0,0.0
2026-04-29 01:00:00,0,0.0,0.0,0.0,0,0.0,0.0,0.0,0.0
2026-04-29 02:00:00,0,0.0,0.0,0.0,0,0.0,0.0,0.0,0.0
2026-04-29 03:00:00,0,0.0,0.0,0.0,0,0.0,0.0,0.0,0.0
2026-04-29 04:00:00,0,0.0,0.0,0.0,0,0.0,0.0,0.0,0.0
2026-04-29 05:00:00,0,0.0,0.0,0.0,0,0.0,0.0,0.0,0.0
2026-04-29 06:00:00,0,0.0,0.0,0.0,0,0.0,0.0,0.0,0.0
2026-04-29 07:00:00,0,0.0,0.0,0.0,0,0.0,0.0,0.0,0.0
2026-04-29 08:00:00,0,0.0,0.0,0.0,0,0.0,0.0,0.0,0.0
2026-04-29 09:00:00,0,0.0,0.0,0.0,0,0.0,0.0,0.0,0.0
2026-04-29 10:00:00,0,0.0,0.0,0.0,0,0.0,0.0,0.0,0.0
2026-04-29 11:00:00,0,0.0,0.0,0.0,0,0.0,0.0,0.0,0.0
2026-04-29 12:00:00,0,0.0,0.0,0.0,0,0.0,0.0,0.0,0.0
2026-04-29 13:00:00,0,0.0,0.0,0.0,0,0.0,0.0,0.0,0.0
2026-04-29 14:00:00,0,0.0,0.0,0.0,0,0.0,0.0,0.0,0.0
2026-04-29 15:00:00,0,0.0,0.0,0.0,0,0.0,0.0,0.0,0.0
2026-04-29 16:00:00,0,0.0,0.0,0.0,0,0.0,0.0,0.0,0.0
2026-04-29 17:00:00,0,0.0,0.0,0.0,0,0.0,0.0,0.0,0.0
2026-04-29 18:00:00,0,0.0,0.0,0.0,0,0.0,0.0,0.0,0.0
2026-04-29 19:00:00,0,0.0,0.0,0.0,0,0.0,0.0,0.0,0.0
2026-04-29 20:00:00,0,0.0,0.0,0.0,0,0.0,0.0,0.0,0.0
2026-04-29 21:00:00,0,0.0,0.0,0.0,0,0.0,0.0,0.0,0.0
2026-04-29 22:00:00,0,0.0,0.0,0.0,0,0.0,0.0,0.0,0.0
2026-04-29 23:00:00,0,0.0,0.0,0.0,0,0.0,0.0,0.0,0.0
2026-04-30 00:00:00,0,0.0,0.0,0.0,0,0.0,0.0,0.0,0.0
2026-04-30 01:00:00,0,0.0,0.0,0.0,0,0.0,0.0,0.0,0.0
2026-04-30 02:00:00,0,0.0,0.0,0.0,0,0.0,0.0,0.0,0.0
2026-04-30 03:00:00,0,0.0,0.0,0.0,0,0.0,0.0,0.0,0.0
2026-04-30 04:00:00,0,0.0,0.0,0.0,0,0.0,0.0,0.0,0.0
2026-04-30 05:00:00,0,0.0,0.0,0.0,0,0.0,0.0,0.0,0.0
2026-04-30 06:00:00,0,0.0,0.0,0.0,0,0.0,0.0,0.0,0.0
2026-04-30 07:00:00,0,0.0,0.0,0.0,0,0.0,0.0,0.0,0.0
2026-04-30 08:00:00,0,0.0,0.0,0.0,0,0.0,0.0,0.0,0.0
2026-04-30 09:00:00,0,0.0,0.0,0.0,0,0.0,0.0,0.0,0.0
2026-04-30 10:00:00,0,0.0,0.0,0.0,0,0.0,0.0,0.0,0.0
2026-04-30 11:00:00,0,0.0,0.0,0.0,0,0.0,0.0,0.0,0.0
2026-04-30 12:00:00,0,0.0,0.0,0.0,0,0.0,0.0,0.0,0.0
2026-04-30 13:00:00,0,0.0,0.0,0.0,0,0.0,0.0,0.0,0.0
2026-04-30 14:00:00,0,0.0,0.0,0.0,0,0.0,0.0,0.0,0.0
2026-04-30 15:00:00,0,0.0,0.0,0.0,0,0.0,0.0,0.0,0.0
2026-04-30 16:00:00,0,0.0,0.0,0.0,0,0.0,0.0,0.0,0.0
2026-04-30 17:00:00,0,0.0,0.0,0.0,0,0.0,0.0,0.0,0.0
2026-04-30 18:00:00,0,0.0,0.0,0.0,0,0.0,0.0,0.0,0.0
2026-04-30 19:00:00,0,0.0,0.0,0.0,0,0.0,0.0,0.0,0.0
2026-04-30 20:00:00,0,0.0,0.0,0.0,0,0.0,0.0,0.0,0.0
2026-04-30 21:00:00,0,0.0,0.0,0.0,0,0.0,0.0,0.0,0.0
2026-04-30 22:00:00,0,0.0,0.0,0.0,0,0.0,0.0,0.0,0.0
2026-04-30 23:00:00,0,0.0,0.0,0.0,0,0.0,0.0,0.0,0.0
2026-05-01 00:00:00,0,0.0,0.0,0.0,0,0.0,0.0,0.0,0.0
2026-05-01 01:00:00,0,0.0,0.0,0.0,0,0.0,0.0,0.0,0.0
2026-05-01 02:00:00,0,0.0,0.0,0.0,0,0.0,0.0,0.0,0.0
2026-05-01 03:00:00,0,0.0,0.0,0.0,0,0.0,0.0,0.0,0.0
2026-05-01 04:00:00,0,0.0,0.0,0.0,0,0.0,0.0,0.0,0.0
2026-05-01 05:00:00,0,0.0,0.0,0.0,0,0.0,0.0,0.0,0.0
2026-05-01 06:00:00,0,0.0,0.0,0.0,0,0.0,0.0,0.0,0.0
2026-05-01 07:00:00,0,0.0,0.0,0.0,0,0.0,0.0,0.0,0.0
2026-05-01 08:00:00,0,0.0,0.0,0.0,0,0.0,0.0,0.0,0.0
2026-05-01 09:00:00,0,0.0,0.0,0.0,0,0.0,0.0,0.0,0.0
2026-05-01 10:00:00,0,0.0,0.0,0.0,0,0.0,0.0,0.0,0.0
2026-05-01 11:00:00,0,0.0,0.0,0.0,0,0.0,0.0,0.0,0.0
2026-05-01 12:00:00,0,0.0,0.0,0.0,0,0.0,0.0,0.0,0.0
2026-05-01 13:00:00,0,0.0,0.0,0.0,0,0.0,0.0,0.0,0.0
2026-05-01 14:00:00,0,0.0,0.0,0.0,0,0.0,0.0,0.0,0.0
2026-05-01 15:00:00,0,0.0,0.0,0.0,0,0.0,0.0,0.0,0.0
2026-05-01 16:00:00,0,0.0,0.0,0.0,0,0.0,0.0,0.0,0.0
2026-05-01 17:00:00,0,0.0,0.0,0.0,0,0.0,0.0,0.0,0.0
2026-05-01 18:00:00,0,0.0,0.0,0.0,0,0.0,0.0,0.0,0.0
2026-05-01 19:00:00,0,0.0,0.0,0.0,0,0.0,0.0,0.0,0.0
2026-05-01 20:00:00,0,0.0,0.0,0.0,0,0.0,0.0,0.0,0.0
2026-05-01 21:00:00,0,0.0,0.0,0.0,0,0.0,0.0,0.0,0.0
2026-05-01 22:00:00,0,0.0,0.0,0.0,0,0.0,0.0,0.0,0.0
2026-05-01 23:00:00,0,0.0,0.0,0.0,0,0.0,0.0,0.0,0.0
2026-05-02 00:00:00,0,0.0,0.0,0.0,0,0.0,0.0,0.0,0.0
2026-05-02 01:00:00,0,0.0,0.0,0.0,0,0.0,0.0,0.0,0.0
2026-05-02 02:00:00,0,0.0,0.0,0.0,0,0.0,0.0,0.0,0.0
2026-05-02 03:00:00,0,0.0,0.0,0.0,0,0.0,0.0,0.0,0.0
2026-05-02 04:00:00,0,0.0,0.0,0.0,0,0.0,0.0,0.0,0.0
2026-05-02 05:00:00,0,0.0,0.0,0.0,0,0.0,0.0,0.0,0.0
2026-05-02 06:00:00,0,0.0,0.0,0.0,0,0.0,0.0,0.0,0.0
2026-05-02 07:00:00,0,0.0,0.0,0.0,0,0.0,0.0,0.0,0.0
2026-05-02 08:00:00,0,0.0,0.0,0.0,0,0.0,0.0,0.0,0.0
2026-05-02 09:00:00,0,0.0,0.0,0.0,0,0.0,0.0,0.0,0.0
2026-05-02 10:00:00,0,0.0,0.0,0.0,0,0.0,0.0,0.0,0.0
2026-05-02 11:00:00,0,0.0,0.0,0.0,0,0.0,0.0,0.0,0.0
2026-05-02 12:00:00,0,0.0,0.0,0.0,0,0.0,0.0,0.0,0.0
2026-05-02 13:00:00,0,0.0,0.0,0.0,0,0.0,0.0,0.0,0.0
2026-05-02 14:00:00,0,0.0,0.0,0.0,0,0.0,0.0,0.0,0.0
2026-05-02 15:00:00,0,0.0,0.0,0.0,0,0.0,0.0,0.0,0.0
2026-05-02 16:00:00,0,0.0,0.0,0.0,0,0.0,0.0,0.0,0.0
2026-05-02 17:00:00,0,0.0,0.0,0.0,0,0.0,0.0,0.0,0.0
2026-05-02 18:00:00,0,0.0,0.0,0.0,0,0.0,0.0,0.0,0.0
2026-05-02 19:00:00,0,0.0,0.0,0.0,0,0.0,0.0,0.0,0.0
2026-05-02 20:00:00,0,0.0,0.0,0.0,0,0.0,0.0,0.0,0.0
2026-05-02 21:00:00,0,0.0,0.0,0.0,0,0.0,0.0,0.0,0.0
2026-05-02 22:00:00,0,0.0,0.0,0.0,0,0.0,0.0,0.0,0.0
2026-05-02 23:00:00,0,0.0,0.0,0.0,0,0.0,0.0,0.0,0.0
2026-05-03 00:00:00,0,0.0,0.0,0.0,0,0.0,0.0,0.0,0.0
2026-05-03 01:00:00,0,0.0,0.0,0.0,0,0.0,0.0,0.0,0.0
2026-05-03 02:00:00,0,0.0,0.0,0.0,0,0.0,0.0,0.0,0.0
2026-05-03 03:00:00,0,0.0,0.0,0.0,0,0.0,0.0,0.0,0.0
2026-05-03 04:00:00,0,0.0,0.0,0.0,0,0.0,0.0,0.0,0.0
2026-05-03 05:00:00,0,0.0,0.0,0.0,0,0.0,0.0,0.0,0.0
2026-05-03 06:00:00,0,0.0,0.0,0.0,0,0.0,0.0,0.0,0.0
2026-05-03 07:00:00,0,0.0,0.0,0.0,0,0.0,0.0,0.0,0.0
2026-05-03 08:00:00,0,0.0,0.0,0.0,0,0.0,0.0,0.0,0.0
2026-05-03 09:00:00,0,0.0,0.0,0.0,0,0.0,0.0,0.0,0.0
2026-05-03 10:00:00,0,0.0,0.0,0.0,0,0.0,0.0,0.0,0.0
2026-05-03 11:00:00,0,0.0,0.0,0.0,0,0.0,0.0,0.0,0.0
2026-05-03 12:00:00,0,0.0,0.0,0.0,0,0.0,0.0,0.0,0.0
2026-05-03 13:00:00,0,0.0,0.0,0.0,0,0.0,0.0,0.0,0.0
2026-05-03 14:00:00,0,0.0,0.0,0.0,0,0.0,0.0,0.0,0.0
2026-05-03 15:00:00,0,0.0,0.0,0.0,0,0.0,0.0,0.0,0.0
2026-05-03 16:00:00,0,0.0,0.0,0.0,0,0.0,0.0,0.0,0.0
2026-05-03 17:00:00,0,0.0,0.0,0.0,0,0.0,0.0,0.0,0.0
2026-05-03 18:00:00,0,0.0,0.0,0.0,0,0.0,0.0,0.0,0.0
2026-05-03 19:00:00,0,0.0,0.0,0.0,0,0.0,0.0,0.0,0.0
2026-05-03 20:00:00,0,0.0,0.0,0.0,0,0.0,0.0,0.0,0.0
2026-05-03 21:00:00,0,0.0,0.0,0.0,0,0.0,0.0,0.0,0.0
2026-05-03 22:00:00,0,0.0,0.0,0.0,0,0.0,0.0,0.0,0.0
2026-05-03 23:00:00,0,0.0,0.0,0.0,0,0.0,0.0,0.0,0.0
2026-05-04 00:00:00,0,0.0,0.0,0.0,0,0.0,0.0,0.0,0.0
2026-05-04 01:00:00,0,0.0,0.0,0.0,0,0.0,0.0,0.0,0.0
2026-05-04 02:00:00,0,0.0,0.0,0.0,0,0.0,0.0,0.0,0.0
2026-05-04 03:00:00,0,0.0,0.0,0.0,0,0.0,0.0,0.0,0.0
2026-05-04 04:00:00,0,0.0,0.0,0.0,0,0.0,0.0,0.0,0.0
2026-05-04 05:00:00,0,0.0,0.0,0.0,0,0.0,0.0,0.0,0.0
2026-05-04 06:00:00,0,0.0,0.0,0.0,0,0.0,0.0,0.0,0.0
2026-05-04 07:00:00,0,0.0,0.0,0.0,0,0.0,0.0,0.0,0.0
2026-05-04 08:00:00,0,0.0,0.0,0.0,0,0.0,0.0,0.0,0.0
2026-05-04 09:00:00,0,0.0,0.0,0.0,0,0.0,0.0,0.0,0.0
2026-05-04 10:00:00,0,0.0,0.0,0.0,0,0.0,0.0,0.0,0.0
2026-05-04 11:00:00,0,0.0,0.0,0.0,0,0.0,0.0,0.0,0.0
2026-05-04 12:00:00,0,0.0,0.0,0.0,0,0.0,0.0,0.0,0.0
2026-05-04 13:00:00,0,0.0,0.0,0.0,0,0.0,0.0,0.0,0.0
2026-05-04 14:00:00,0,0.0,0.0,0.0,0,0.0,0.0,0.0,0.0
2026-05-04 15:00:00,0,0.0,0.0,0.0,0,0.0,0.0,0.0,0.0
2026-05-04 16:00:00,0,0.0,0.0,0.0,0,0.0,0.0,0.0,0.0
2026-05-04 17:00:00,0,0.0,0.0,0.0,0,0.0,0.0,0.0,0.0
2026-05-04 18:00:00,0,0.0,0.0,0.0,0,0.0,0.0,0.0,0.0
2026-05-04 19:00:00,0,0.0,0.0,0.0,0,0.0,0.0,0.0,0.0
2026-05-04 20:00:00,0,0.0,0.0,0.0,0,0.0,0.0,0.0,0.0
2026-05-04 21:00:00,0,0.0,0.0,0.0,0,0.0,0.0,0.0,0.0
2026-05-04 22:00:00,0,0.0,0.0,0.0,0,0.0,0.0,0.0,0.0
2026-05-04 23:00:00,0,0.0,0.0,0.0,0,0.0,0.0,0.0,0.0
2026-05-05 00:00:00,0,0.0,0.0,0.0,0,0.0,0.0,0.0,0.0
2026-05-05 01:00:00,0,0.0,0.0,0.0,0,0.0,0.0,0.0,0.0
2026-05-05 02:00:00,0,0.0,0.0,0.0,0,0.0,0.0,0.0,0.0
2026-05-05 03:00:00,0,0.0,0.0,0.0,0,0.0,0.0,0.0,0.0
2026-05-05 04:00:00,0,0.0,0.0,0.0,0,0.0,0.0,0.0,0.0
2026-05-05 05:00:00,0,0.0,0.0,0.0,0,0.0,0.0,0.0,0.0
2026-05-05 06:00:00,0,0.0,0.0,0.0,0,0.0,0.0,0.0,0.0
2026-05-05 07:00:00,0,0.0,0.0,0.0,0,0.0,0.0,0.0,0.0
2026-05-05 08:00:00,0,0.0,0.0,0.0,0,0.0,0.0,0.0,0.0
2026-05-05 09:00:00,0,0.0,0.0,0.0,0,0.0,0.0,0.0,0.0
2026-05-05 10:00:00,0,0.0,0.0,0.0,0,0.0,0.0,0.0,0.0
2026-05-05 11:00:00,0,0.0,0.0,0.0,0,0.0,0.0,0.0,0.0
2026-05-05 12:00:00,0,0.0,0.0,0.0,0,0.0,0.0,0.0,0.0
2026-05-05 13:00:00,0,0.0,0.0,0.0,0,0.0,0.0,0.0,0.0
2026-05-05 14:00:00,0,0.0,0.0,0.0,0,0.0,0.0,0.0,0.0
2026-05-05 15:00:00,0,0.0,0.0,0.0,0,0.0,0.0,0.0,0.0
2026-05-05 16:00:00,0,0.0,0.0,0.0,0,0.0,0.0,0.0,0.0
2026-05-05 17:00:00,0,0.0,0.0,0.0,0,0.0,0.0,0.0,0.0
2026-05-05 18:00:00,0,0.0,0.0,0.0,0,0.0,0.0,0.0,0.0
2026-05-05 19:00:00,0,0.0,0.0,0.0,0,0.0,0.0,0.0,0.0
2026-05-05 20:00:00,0,0.0,0.0,0.0,0,0.0,0.0,0.0,0.0
2026-05-05 21:00:00,0,0.0,0.0,0.0,0,0.0,0.0,0.0,0.0
2026-05-05 22:00:00,0,0.0,0.0,0.0,0,0.0,0.0,0.0,0.0
2026-05-05 23:00:00,0,0.0,0.0,0.0,0,0.0,0.0,0.0,0.0
2026-05-06 00:00:00,0,0.0,0.0,0.0,0,0.0,0.0,0.0,0.0
2026-05-06 01:00:00,0,0.0,0.0,0.0,0,0.0,0.0,0.0,0.0
2026-05-06 02:00:00,0,0.0,0.0,0.0,0,0.0,0.0,0.0,0.0
2026-05-06 03:00:00,0,0.0,0.0,0.0,0,0.0,0.0,0.0,0.0
2026-05-06 04:00:00,0,0.0,0.0,0.0,0,0.0,0.0,0.0,0.0
2026-05-06 05:00:00,0,0.0,0.0,0.0,0,0.0,0.0,0.0,0.0
2026-05-06 06:00:00,0,0.0,0.0,0.0,0,0.0,0.0,0.0,0.0
2026-05-06 07:00:00,0,0.0,0.0,0.0,0,0.0,0.0,0.0,0.0
2026-05-06 08:00:00,0,0.0,0.0,0.0,0,0.0,0.0,0.0,0.0
2026-05-06 09:00:00,0,0.0,0.0,0.0,0,0.0,0.0,0.0,0.0
2026-05-06 10:00:00,0,0.0,0.0,0.0,0,0.0,0.0,0.0,0.0
2026-05-06 11:00:00,0,0.0,0.0,0.0,0,0.0,0.0,0.0,0.0
2026-05-06 12:00:00,0,0.0,0.0,0.0,0,0.0,0.0,0.0,0.0
2026-05-06 13:00:00,0,0.0,0.0,0.0,0,0.0,0.0,0.0,0.0
2026-05-06 14:00:00,0,0.0,0.0,0.0,0,0.0,0.0,0.0,0.0
2026-05-06 15:00:00,0,0.0,0.0,0.0,0,0.0,0.0,0.0,0.0
2026-05-06 16:00:00,0,0.0,0.0,0.0,0,0.0,0.0,0.0,0.0
2026-05-06 17:00:00,0,0.0,0.0,0.0,0,0.0,0.0,0.0,0.0
2026-05-06 18:00:00,0,0.0,0.0,0.0,0,0.0,0.0,0.0,0.0
2026-05-06 19:00:00,0,0.0,0.0,0.0,0,0.0,0.0,0.0,0.0
2026-05-06 20:00:00,0,0.0,0.0,0.0,0,0.0,0.0,0.0,0.0
2026-05-06 21:00:00,0,0.0,0.0,0.0,0,0.0,0.0,0.0,0.0
2026-05-06 22:00:00,0,0.0,0.0,0.0,0,0.0,0.0,0.0,0.0
2026-05-06 23:00:00,0,0.0,0.0,0.0,0,0.0,0.0,0.0,0.0
2026-05-07 00:00:00,0,0.0,0.0,0.0,0,0.0,0.0,0.0,0.0
2026-05-07 01:00:00,0,0.0,0.0,0.0,0,0.0,0.0,0.0,0.0
2026-05-07 02:00:00,0,0.0,0.0,0.0,0,0.0,0.0,0.0,0.0
2026-05-07 03:00:00,0,0.0,0.0,0.0,0,0.0,0.0,0.0,0.0
2026-05-07 04:00:00,0,0.0,0.0,0.0,0,0.0,0.0,0.0,0.0
2026-05-07 05:00:00,0,0.0,0.0,0.0,0,0.0,0.0,0.0,0.0
2026-05-07 06:00:00,0,0.0,0.0,0.0,0,0.0,0.0,0.0,0.0
2026-05-07 07:00:00,0,0.0,0.0,0.0,0,0.0,0.0,0.0,0.0
2026-05-07 08:00:00,0,0.0,0.0,0.0,0,0.0,0.0,0.0,0.0
2026-05-07 09:00:00,0,0.0,0.0,0.0,0,0.0,0.0,0.0,0.0
2026-05-07 10:00:00,0,0.0,0.0,0.0,0,0.0,0.0,0.0,0.0
2026-05-07 11:00:00,0,0.0,0.0,0.0,0,0.0,0.0,0.0,0.0
2026-05-07 12:00:00,0,0.0,0.0,0.0,0,0.0,0.0,0.0,0.0
2026-05-07 13:00:00,0,0.0,0.0,0.0,0,0.0,0.0,0.0,0.0
2026-05-07 14:00:00,0,0.0,0.0,0.0,0,0.0,0.0,0.0,0.0
2026-05-07 15:00:00,0,0.0,0.0,0.0,0,0.0,0.0,0.0,0.0
2026-05-07 16:00:00,0,0.0,0.0,0.0,0,0.0,0.0,0.0,0.0
2026-05-07 17:00:00,0,0.0,0.0,0.0,0,0.0,0.0,0.0,0.0
2026-05-07 18:00:00,0,0.0,0.0,0.0,0,0.0,0.0,0.0,0.0
2026-05-07 19:00:00,0,0.0,0.0,0.0,0,0.0,0.0,0.0,0.0
2026-05-07 20:00:00,0,0.0,0.0,0.0,0,0.0,0.0,0.0,0.0
2026-05-07 21:00:00,0,0.0,0.0,0.0,0,0.0,0.0,0.0,0.0
2026-05-07 22:00:00,0,0.0,0.0,0.0,0,0.0,0.0,0.0,0.0
2026-05-07 23:00:00,0,0.0,0.0,0.0,0,0.0,0.0,0.0,0.0
2026-05-08 00:00:00,0,0.0,0.0,0.0,0,0.0,0.0,0.0,0.0
2026-05-08 01:00:00,0,0.0,0.0,0.0,0,0.0,0.0,0.0,0.0
2026-05-08 02:00:00,0,0.0,0.0,0.0,0,0.0,0.0,0.0,0.0
2026-05-08 03:00:00,0,0.0,0.0,0.0,0,0.0,0.0,0.0,0.0
2026-05-08 04:00:00,0,0.0,0.0,0.0,0,0.0,0.0,0.0,0.0
2026-05-08 05:00:00,0,0.0,0.0,0.0,0,0.0,0.0,0.0,0.0
2026-05-08 06:00:00,0,0.0,0.0,0.0,0,0.0,0.0,0.0,0.0
2026-05-08 07:00:00,0,0.0,0.0,0.0,0,0.0,0.0,0.0,0.0
2026-05-08 08:00:00,0,0.0,0.0,0.0,0,0.0,0.0,0.0,0.0
2026-05-08 09:00:00,0,0.0,0.0,0.0,0,0.0,0.0,0.0,0.0
2026-05-08 10:00:00,0,0.0,0.0,0.0,0,0.0,0.0,0.0,0.0
2026-05-08 11:00:00,0,0.0,0.0,0.0,0,0.0,0.0,0.0,0.0
2026-05-08 12:00:00,0,0.0,0.0,0.0,0,0.0,0.0,0.0,0.0
2026-05-08 13:00:00,0,0.0,0.0,0.0,0,0.0,0.0,0.0,0.0
2026-05-08 14:00:00,0,0.0,0.0,0.0,0,0.0,0.0,0.0,0.0
2026-05-08 15:00:00,0,0.0,0.0,0.0,0,0.0,0.0,0.0,0.0
2026-05-08 16:00:00,0,0.0,0.0,0.0,0,0.0,0.0,0.0,0.0
2026-05-08 17:00:00,0,0.0,0.0,0.0,0,0.0,0.0,0.0,0.0
2026-05-08 18:00:00,0,0.0,0.0,0.0,0,0.0,0.0,0.0,0.0
2026-05-08 19:00:00,0,0.0,0.0,0.0,0,0.0,0.0,0.0,0.0
2026-05-08 20:00:00,0,0.0,0.0,0.0,0,0.0,0.0,0.0,0.0
2026-05-08 21:00:00,0,0.0,0.0,0.0,0,0.0,0.0,0.0,0.0
2026-05-08 22:00:00,0,0.0,0.0,0.0,0,0.0,0.0,0.0,0.0
2026-05-08 23:00:00,0,0.0,0.0,0.0,0,0.0,0.0,0.0,0.0
2026-05-09 00:00:00,0,0.0,0.0,0.0,0,0.0,0.0,0.0,0.0
2026-05-09 01:00:00,0,0.0,0.0,0.0,0,0.0,0.0,0.0,0.0
2026-05-09 02:00:00,0,0.0,0.0,0.0,0,0.0,0.0,0.0,0.0
2026-05-09 03:00:00,0,0.0,0.0,0.0,0,0.0,0.0,0.0,0.0
2026-05-09 04:00:00,0,0.0,0.0,0.0,0,0.0,0.0,0.0,0.0
2026-05-09 05:00:00,0,0.0,0.0,0.0,0,0.0,0.0,0.0,0.0
2026-05-09 06:00:00,0,0.0,0.0,0.0,0,0.0,0.0,0.0,0.0
2026-05-09 07:00:00,0,0.0,0.0,0.0,0,0.0,0.0,0.0,0.0
2026-05-09 08:00:00,0,0.0,0.0,0.0,0,0.0,0.0,0.0,0.0
2026-05-09 09:00:00,0,0.0,0.0,0.0,0,0.0,0.0,0.0,0.0
2026-05-09 10:00:00,0,0.0,0.0,0.0,0,0.0,0.0,0.0,0.0
2026-05-09 11:00:00,0,0.0,0.0,0.0,0,0.0,0.0,0.0,0.0
2026-05-09 12:00:00,0,0.0,0.0,0.0,0,0.0,0.0,0.0,0.0
2026-05-09 13:00:00,0,0.0,0.0,0.0,0,0.0,0.0,0.0,0.0
2026-05-09 14:00:00,0,0.0,0.0,0.0,0,0.0,0.0,0.0,0.0
2026-05-09 15:00:00,0,0.0,0.0,0.0,0,0.0,0.0,0.0,0.0
2026-05-09 16:00:00,0,0.0,0.0,0.0,0,0.0,0.0,0.0,0.0
2026-05-09 17:00:00,0,0.0,0.0,0.0,0,0.0,0.0,0.0,0.0
2026-05-09 18:00:00,0,0.0,0.0,0.0,0,0.0,0.0,0.0,0.0
2026-05-09 19:00:00,0,0.0,0.0,0.0,0,0.0,0.0,0.0,0.0
2026-05-09 20:00:00,0,0.0,0.0,0.0,0,0.0,0.0,0.0,0.0
2026-05-09 21:00:00,0,0.0,0.0,0.0,0,0.0,0.0,0.0,0.0
2026-05-09 22:00:00,0,0.0,0.0,0.0,0,0.0,0.0,0.0,0.0
2026-05-09 23:00:00,0,0.0,0.0,0.0,0,0.0,0.0,0.0,0.0
2026-05-10 00:00:00,0,0.0,0.0,0.0,0,0.0,0.0,0.0,0.0
2026-05-10 01:00:00,0,0.0,0.0,0.0,0,0.0,0.0,0.0,0.0
2026-05-10 02:00:00,0,0.0,0.0,0.0,0,0.0,0.0,0.0,0.0
2026-05-10 03:00:00,0,0.0,0.0,0.0,0,0.0,0.0,0.0,0.0
2026-05-10 04:00:00,0,0.0,0.0,0.0,0,0.0,0.0,0.0,0.0
2026-05-10 05:00:00,0,0.0,0.0,0.0,0,0.0,0.0,0.0,0.0
2026-05-10 06:00:00,0,0.0,0.0,0.0,0,0.0,0.0,0.0,0.0
2026-05-10 07:00:00,0,0.0,0.0,0.0,0,0.0,0.0,0.0,0.0
2026-05-10 08:00:00,0,0.0,0.0,0.0,0,0.0,0.0,0.0,0.0
2026-05-10 09:00:00,0,0.0,0.0,0.0,0,0.0,0.0,0.0,0.0
2026-05-10 10:00:00,0,0.0,0.0,0.0,0,0.0,0.0,0.0,0.0
2026-05-10 11:00:00,0,0.0,0.0,0.0,0,0.0,0.0,0.0,0.0
2026-05-10 12:00:00,0,0.0,0.0,0.0,0,0.0,0.0,0.0,0.0
2026-05-10 13:00:00,0,0.0,0.0,0.0,0,0.0,0.0,0.0,0.0
2026-05-10 14:00:00,0,0.0,0.0,0.0,0,0.0,0.0,0.0,0.0
2026-05-10 15:00:00,0,0.0,0.0,0.0,0,0.0,0.0,0.0,0.0
2026-05-10 16:00:00,0,0.0,0.0,0.0,0,0.0,0.0,0.0,0.0
2026-05-10 17:00:00,0,0.0,0.0,0.0,0,0.0,0.0,0.0,0.0
2026-05-10 18:00:00,0,0.0,0.0,0.0,0,0.0,0.0,0.0,0.0
2026-05-10 19:00:00,0,0.0,0.0,0.0,0,0.0,0.0,0.0,0.0
2026-05-10 20:00:00,0,0.0,0.0,0.0,0,0.0,0.0,0.0,0.0
2026-05-10 21:00:00,0,0.0,0.0,0.0,0,0.0,0.0,0.0,0.0
2026-05-10 22:00:00,0,0.0,0.0,0.0,0,0.0,0.0,0.0,0.0
2026-05-10 23:00:00,0,0.0,0.0,0.0,0,0.0,0.0,0.0,0.0
2026-05-11 00:00:00,0,0.0,0.0,0.0,0,0.0,0.0,0.0,0.0
2026-05-11 01:00:00,0,0.0,0.0,0.0,0,0.0,0.0,0.0,0.0
2026-05-11 02:00:00,0,0.0,0.0,0.0,0,0.0,0.0,0.0,0.0
2026-05-11 03:00:00,0,0.0,0.0,0.0,0,0.0,0.0,0.0,0.0
2026-05-11 04:00:00,0,0.0,0.0,0.0,0,0.0,0.0,0.0,0.0
2026-05-11 05:00:00,0,0.0,0.0,0.0,0,0.0,0.0,0.0,0.0
2026-05-11 06:00:00,0,0.0,0.0,0.0,0,0.0,0.0,0.0,0.0
2026-05-11 07:00:00,0,0.0,0.0,0.0,0,0.0,0.0,0.0,0.0
2026-05-11 08:00:00,0,0.0,0.0,0.0,0,0.0,0.0,0.0,0.0
2026-05-11 09:00:00,0,0.0,0.0,0.0,0,0.0,0.0,0.0,0.0
2026-05-11 10:00:00,0,0.0,0.0,0.0,0,0.0,0.0,0.0,0.0
2026-05-11 11:00:00,0,0.0,0.0,0.0,0,0.0,0.0,0.0,0.0
2026-05-11 12:00:00,0,0.0,0.0,0.0,0,0.0,0.0,0.0,0.0
2026-05-11 13:00:00,0,0.0,0.0,0.0,0,0.0,0.0,0.0,0.0
2026-05-11 14:00:00,0,0.0,0.0,0.0,0,0.0,0.0,0.0,0.0
2026-05-11 15:00:00,0,0.0,0.0,0.0,0,0.0,0.0,0.0,0.0
2026-05-11 16:00:00,0,0.0,0.0,0.0,0,0.0,0.0,0.0,0.0
2026-05-11 17:00:00,0,0.0,0.0,0.0,0,0.0,0.0,0.0,0.0
2026-05-11 18:00:00,0,0.0,0.0,0.0,0,0.0,0.0,0.0,0.0
2026-05-11 19:00:00,0,0.0,0.0,0.0,0,0.0,0.0,0.0,0.0
2026-05-11 20:00:00,0,0.0,0.0,0.0,0,0.0,0.0,0.0,0.0
2026-05-11 21:00:00,0,0.0,0.0,0.0,0,0.0,0.0,0.0,0.0
2026-05-11 22:00:00,0,0.0,0.0,0.0,0,0.0,0.0,0.0,0.0
2026-05-11 23:00:00,0,0.0,0.0,0.0,0,0.0,0.0,0.0,0.0
2026-05-12 00:00:00,0,0.0,0.0,0.0,0,0.0,0.0,0.0,0.0
2026-05-12 01:00:00,0,0.0,0.0,0.0,0,0.0,0.0,0.0,0.0
2026-05-12 02:00:00,0,0.0,0.0,0.0,0,0.0,0.0,0.0,0.0
2026-05-12 03:00:00,0,0.0,0.0,0.0,0,0.0,0.0,0.0,0.0
2026-05-12 04:00:00,0,0.0,0.0,0.0,0,0.0,0.0,0.0,0.0
2026-05-12 05:00:00,0,0.0,0.0,0.0,0,0.0,0.0,0.0,0.0
2026-05-12 06:00:00,0,0.0,0.0,0.0,0,0.0,0.0,0.0,0.0
2026-05-12 07:00:00,0,0.0,0.0,0.0,0,0.0,0.0,0.0,0.0
2026-05-12 08:00:00,0,0.0,0.0,0.0,0,0.0,0.0,0.0,0.0
2026-05-12 09:00:00,0,0.0,0.0,0.0,0,0.0,0.0,0.0,0.0
2026-05-12 10:00:00,0,0.0,0.0,0.0,0,0.0,0.0,0.0,0.0
2026-05-12 11:00:00,0,0.0,0.0,0.0,0,0.0,0.0,0.0,0.0
2026-05-12 12:00:00,0,0.0,0.0,0.0,0,0.0,0.0,0.0,0.0
2026-05-12 13:00:00,0,0.0,0.0,0.0,0,0.0,0.0,0.0,0.0
2026-05-12 14:00:00,0,0.0,0.0,0.0,0,0.0,0.0,0.0,0.0
2026-05-12 15:00:00,0,0.0,0.0,0.0,0,0.0,0.0,0.0,0.0
2026-05-12 16:00:00,0,0.0,0.0,0.0,0,0.0,0.0,0.0,0.0
2026-05-12 17:00:00,0,0.0,0.0,0.0,0,0.0,0.0,0.0,0.0
2026-05-12 18:00:00,0,0.0,0.0,0.0,0,0.0,0.0,0.0,0.0
2026-05-12 19:00:00,0,0.0,0.0,0.0,0,0.0,0.0,0.0,0.0
2026-05-12 20:00:00,0,0.0,0.0,0.0,0,0.0,0.0,0.0,0.0
2026-05-12 21:00:00,0,0.0,0.0,0.0,0,0.0,0.0,0.0,0.0
2026-05-12 22:00:00,0,0.0,0.0,0.0,0,0.0,0.0,0.0,0.0
2026-05-12 23:00:00,0,0.0,0.0,0.0,0,0.0,0.0,0.0,0.0
2026-05-13 00:00:00,0,0.0,0.0,0.0,0,0.0,0.0,0.0,0.0
2026-05-13 01:00:00,0,0.0,0.0,0.0,0,0.0,0.0,0.0,0.0
2026-05-13 02:00:00,0,0.0,0.0,0.0,0,0.0,0.0,0.0,0.0
2026-05-13 03:00:00,0,0.0,0.0,0.0,0,0.0,0.0,0.0,0.0
2026-05-13 04:00:00,0,0.0,0.0,0.0,0,0.0,0.0,0.0,0.0
2026-05-13 05:00:00,0,0.0,0.0,0.0,0,0.0,0.0,0.0,0.0
2026-05-13 06:00:00,0,0.0,0.0,0.0,0,0.0,0.0,0.0,0.0
2026-05-13 07:00:00,0,0.0,0.0,0.0,0,0.0,0.0,0.0,0.0
2026-05-13 08:00:00,0,0.0,0.0,0.0,0,0.0,0.0,0.0,0.0
2026-05-13 09:00:00,0,0.0,0.0,0.0,0,0.0,0.0,0.0,0.0
2026-05-13 10:00:00,0,0.0,0.0,0.0,0,0.0,0.0,0.0,0.0
2026-05-13 11:00:00,0,0.0,0.0,0.0,0,0.0,0.0,0.0,0.0
2026-05-13 12:00:00,0,0.0,0.0,0.0,0,0.0,0.0,0.0,0.0
2026-05-13 13:00:00,0,0.0,0.0,0.0,0,0.0,0.0,0.0,0.0
2026-05-13 14:00:00,0,0.0,0.0,0.0,0,0.0,0.0,0.0,0.0
2026-05-13 15:00:00,0,0.0,0.0,0.0,0,0.0,0.0,0.0,0.0
2026-05-13 16:00:00,0,0.0,0.0,0.0,0,0.0,0.0,0.0,0.0
2026-05-13 17:00:00,0,0.0,0.0,0.0,0,0.0,0.0,0.0,0.0
2026-05-13 18:00:00,0,0.0,0.0,0.0,0,0.0,0.0,0.0,0.0
2026-05-13 19:00:00,0,0.0,0.0,0.0,0,0.0,0.0,0.0,0.0
2026-05-13 20:00:00,0,0.0,0.0,0.0,0,0.0,0.0,0.0,0.0
2026-05-13 21:00:00,0,0.0,0.0,0.0,0,0.0,0.0,0.0,0.0
2026-05-13 22:00:00,0,0.0,0.0,0.0,0,0.0,0.0,0.0,0.0
2026-05-13 23:00:00,0,0.0,0.0,0.0,0,0.0,0.0,0.0,0.0
2026-05-14 00:00:00,0,0.0,0.0,0.0,0,0.0,0.0,0.0,0.0
2026-05-14 01:00:00,0,0.0,0.0,0.0,0,0.0,0.0,0.0,0.0
2026-05-14 02:00:00,0,0.0,0.0,0.0,0,0.0,0.0,0.0,0.0
2026-05-14 03:00:00,0,0.0,0.0,0.0,0,0.0,0.0,0.0,0.0
2026-05-14 04:00:00,0,0.0,0.0,0.0,0,0.0,0.0,0.0,0.0
2026-05-14 05:00:00,0,0.0,0.0,0.0,0,0.0,0.0,0.0,0.0
2026-05-14 06:00:00,0,0.0,0.0,0.0,0,0.0,0.0,0.0,0.0
2026-05-14 07:00:00,0,0.0,0.0,0.0,0,0.0,0.0,0.0,0.0
2026-05-14 08:00:00,0,0.0,0.0,0.0,0,0.0,0.0,0.0,0.0
2026-05-14 09:00:00,0,0.0,0.0,0.0,0,0.0,0.0,0.0,0.0
2026-05-14 10:00:00,0,0.0,0.0,0.0,0,0.0,0.0,0.0,0.0
2026-05-14 11:00:00,0,0.0,0.0,0.0,0,0.0,0.0,0.0,0.0
2026-05-14 12:00:00,0,0.0,0.0,0.0,0,0.0,0.0,0.0,0.0
2026-05-14 13:00:00,0,0.0,0.0,0.0,0,0.0,0.0,0.0,0.0
2026-05-14 14:00:00,0,0.0,0.0,0.0,0,0.0,0.0,0.0,0.0
2026-05-14 15:00:00,0,0.0,0.0,0.0,0,0.0,0.0,0.0,0.0
2026-05-14 16:00:00,0,0.0,0.0,0.0,0,0.0,0.0,0.0,0.0
2026-05-14 17:00:00,0,0.0,0.0,0.0,0,0.0,0.0,0.0,0.0
2026-05-14 18:00:00,0,0.0,0.0,0.0,0,0.0,0.0,0.0,0.0
2026-05-14 19:00:00,0,0.0,0.0,0.0,0,0.0,0.0,0.0,0.0
2026-05-14 20:00:00,0,0.0,0.0,0.0,0,0.0,0.0,0.0,0.0
2026-05-14 21:00:00,0,0.0,0.0,0.0,0,0.0,0.0,0.0,0.0
2026-05-14 22:00:00,0,0.0,0.0,0.0,0,0.0,0.0,0.0,0.0
2026-05-14 23:00:00,0,0.0,0.0,0.0,0,0.0,0.0,0.0,0.0
2026-05-15 00:00:00,0,0.0,0.0,0.0,0,0.0,0.0,0.0,0.0
2026-05-15 01:00:00,0,0.0,0.0,0.0,0,0.0,0.0,0.0,0.0
2026-05-15 02:00:00,0,0.0,0.0,0.0,0,0.0,0.0,0.0,0.0
2026-05-15 03:00:00,0,0.0,0.0,0.0,0,0.0,0.0,0.0,0.0
2026-05-15 04:00:00,0,0.0,0.0,0.0,0,0.0,0.0,0.0,0.0
2026-05-15 05:00:00,0,0.0,0.0,0.0,0,0.0,0.0,0.0,0.0
2026-05-15 06:00:00,0,0.0,0.0,0.0,0,0.0,0.0,0.0,0.0
2026-05-15 07:00:00,0,0.0,0.0,0.0,0,0.0,0.0,0.0,0.0
2026-05-15 08:00:00,0,0.0,0.0,0.0,0,0.0,0.0,0.0,0.0
2026-05-15 09:00:00,0,0.0,0.0,0.0,0,0.0,0.0,0.0,0.0
2026-05-15 10:00:00,0,0.0,0.0,0.0,0,0.0,0.0,0.0,0.0
2026-05-15 11:00:00,0,0.0,0.0,0.0,0,0.0,0.0,0.0,0.0
2026-05-15 12:00:00,0,0.0,0.0,0.0,0,0.0,0.0,0.0,0.0
2026-05-15 13:00:00,0,0.0,0.0,0.0,0,0.0,0.0,0.0,0.0
2026-05-15 14:00:00,0,0.0,0.0,0.0,0,0.0,0.0,0.0,0.0
2026-05-15 15:00:00,0,0.0,0.0,0.0,0,0.0,0.0,0.0,0.0
2026-05-15 16:00:00,0,0.0,0.0,0.0,0,0.0,0.0,0.0,0.0
2026-05-15 17:00:00,0,0.0,0.0,0.0,0,0.0,0.0,0.0,0.0
2026-05-15 18:00:00,0,0.0,0.0,0.0,0,0.0,0.0,0.0,0.0
2026-05-15 19:00:00,0,0.0,0.0,0.0,0,0.0,0.0,0.0,0.0
2026-05-15 20:00:00,0,0.0,0.0,0.0,0,0.0,0.0,0.0,0.0
2026-05-15 21:00:00,0,0.0,0.0,0.0,0,0.0,0.0,0.0,0.0
2026-05-15 22:00:00,0,0.0,0.0,0.0,0,0.0,0.0,0.0,0.0
2026-05-15 23:00:00,0,0.0,0.0,0.0,0,0.0,0.0,0.0,0.0
2026-05-16 00:00:00,0,0.0,0.0,0.0,0,0.0,0.0,0.0,0.0
2026-05-16 01:00:00,0,0.0,0.0,0.0,0,0.0,0.0,0.0,0.0
2026-05-16 02:00:00,0,0.0,0.0,0.0,0,0.0,0.0,0.0,0.0
2026-05-16 03:00:00,0,0.0,0.0,0.0,0,0.0,0.0,0.0,0.0
2026-05-16 04:00:00,0,0.0,0.0,0.0,0,0.0,0.0,0.0,0.0
2026-05-16 05:00:00,0,0.0,0.0,0.0,0,0.0,0.0,0.0,0.0
2026-05-16 06:00:00,0,0.0,0.0,0.0,0,0.0,0.0,0.0,0.0
2026-05-16 07:00:00,0,0.0,0.0,0.0,0,0.0,0.0,0.0,0.0
2026-05-16 08:00:00,0,0.0,0.0,0.0,0,0.0,0.0,0.0,0.0
2026-05-16 09:00:00,0,0.0,0.0,0.0,0,0.0,0.0,0.0,0.0
2026-05-16 10:00:00,0,0.0,0.0,0.0,0,0.0,0.0,0.0,0.0
2026-05-16 11:00:00,0,0.0,0.0,0.0,0,0.0,0.0,0.0,0.0
2026-05-16 12:00:00,0,0.0,0.0,0.0,0,0.0,0.0,0.0,0.0
2026-05-16 13:00:00,0,0.0,0.0,0.0,0,0.0,0.0,0.0,0.0
2026-05-16 14:00:00,0,0.0,0.0,0.0,0,0.0,0.0,0.0,0.0
2026-05-16 15:00:00,0,0.0,0.0,0.0,0,0.0,0.0,0.0,0.0
2026-05-16 16:00:00,0,0.0,0.0,0.0,0,0.0,0.0,0.0,0.0
2026-05-16 17:00:00,0,0.0,0.0,0.0,0,0.0,0.0,0.0,0.0
2026-05-16 18:00:00,0,0.0,0.0,0.0,0,0.0,0.0,0.0,0.0
2026-05-16 19:00:00,0,0.0,0.0,0.0,0,0.0,0.0,0.0,0.0
2026-05-16 20:00:00,0,0.0,0.0,0.0,0,0.0,0.0,0.0,0.0
2026-05-16 21:00:00,0,0.0,0.0,0.0,0,0.0,0.0,0.0,0.0
2026-05-16 22:00:00,0,0.0,0.0,0.0,0,0.0,0.0,0.0,0.0
2026-05-16 23:00:00,0,0.0,0.0,0.0,0,0.0,0.0,0.0,0.0
2026-05-17 00:00:00,0,0.0,0.0,0.0,0,0.0,0.0,0.0,0.0
2026-05-17 01:00:00,0,0.0,0.0,0.0,0,0.0,0.0,0.0,0.0
2026-05-17 02:00:00,0,0.0,0.0,0.0,0,0.0,0.0,0.0,0.0
2026-05-17 03:00:00,0,0.0,0.0,0.0,0,0.0,0.0,0.0,0.0
2026-05-17 04:00:00,0,0.0,0.0,0.0,0,0.0,0.0,0.0,0.0
2026-05-17 05:00:00,0,0.0,0.0,0.0,0,0.0,0.0,0.0,0.0
2026-05-17 06:00:00,0,0.0,0.0,0.0,0,0.0,0.0,0.0,0.0
2026-05-17 07:00:00,0,0.0,0.0,0.0,0,0.0,0.0,0.0,0.0
2026-05-17 08:00:00,0,0.0,0.0,0.0,0,0.0,0.0,0.0,0.0
2026-05-17 09:00:00,0,0.0,0.0,0.0,0,0.0,0.0,0.0,0.0
2026-05-17 10:00:00,0,0.0,0.0,0.0,0,0.0,0.0,0.0,0.0
2026-05-17 11:00:00,0,0.0,0.0,0.0,0,0.0,0.0,0.0,0.0
2026-05-17 12:00:00,0,0.0,0.0,0.0,0,0.0,0.0,0.0,0.0
2026-05-17 13:00:00,0,0.0,0.0,0.0,0,0.0,0.0,0.0,0.0
2026-05-17 14:00:00,0,0.0,0.0,0.0,0,0.0,0.0,0.0,0.0
2026-05-17 15:00:00,0,0.0,0.0,0.0,0,0.0,0.0,0.0,0.0
2026-05-17 16:00:00,0,0.0,0.0,0.0,0,0.0,0.0,0.0,0.0
2026-05-17 17:00:00,0,0.0,0.0,0.0,0,0.0,0.0,0.0,0.0
2026-05-17 18:00:00,0,0.0,0.0,0.0,0,0.0,0.0,0.0,0.0
2026-05-17 19:00:00,0,0.0,0.0,0.0,0,0.0,0.0,0.0,0.0
2026-05-17 20:00:00,0,0.0,0.0,0.0,0,0.0,0.0,0.0,0.0
2026-05-17 21:00:00,0,0.0,0.0,0.0,0,0.0,0.0,0.0,0.0
2026-05-17 22:00:00,0,0.0,0.0,0.0,0,0.0,0.0,0.0,0.0
2026-05-17 23:00:00,0,0.0,0.0,0.0,0,0.0,0.0,0.0,0.0
2026-05-18 00:00:00,0,0.0,0.0,0.0,0,0.0,0.0,0.0,0.0
2026-05-18 01:00:00,0,0.0,0.0,0.0,0,0.0,0.0,0.0,0.0
2026-05-18 02:00:00,0,0.0,0.0,0.0,0,0.0,0.0,0.0,0.0
2026-05-18 03:00:00,0,0.0,0.0,0.0,0,0.0,0.0,0.0,0.0
2026-05-18 04:00:00,0,0.0,0.0,0.0,0,0.0,0.0,0.0,0.0
2026-05-18 05:00:00,0,0.0,0.0,0.0,0,0.0,0.0,0.0,0.0
2026-05-18 06:00:00,0,0.0,0.0,0.0,0,0.0,0.0,0.0,0.0
2026-05-18 07:00:00,0,0.0,0.0,0.0,0,0.0,0.0,0.0,0.0
2026-05-18 08:00:00,0,0.0,0.0,0.0,0,0.0,0.0,0.0,0.0
2026-05-18 09:00:00,0,0.0,0.0,0.0,0,0.0,0.0,0.0,0.0
2026-05-18 10:00:00,0,0.0,0.0,0.0,0,0.0,0.0,0.0,0.0
2026-05-18 11:00:00,0,0.0,0.0,0.0,0,0.0,0.0,0.0,0.0
2026-05-18 12:00:00,0,0.0,0.0,0.0,0,0.0,0.0,0.0,0.0
2026-05-18 13:00:00,0,0.0,0.0,0.0,0,0.0,0.0,0.0,0.0
2026-05-18 14:00:00,0,0.0,0.0,0.0,0,0.0,0.0,0.0,0.0
2026-05-18 15:00:00,0,0.0,0.0,0.0,0,0.0,0.0,0.0,0.0
2026-05-18 16:00:00,0,0.0,0.0,0.0,0,0.0,0.0,0.0,0.0
2026-05-18 17:00:00,0,0.0,0.0,0.0,0,0.0,0.0,0.0,0.0
2026-05-18 18:00:00,0,0.0,0.0,0.0,0,0.0,0.0,0.0,0.0
2026-05-18 19:00:00,0,0.0,0.0,0.0,0,0.0,0.0,0.0,0.0
2026-05-18 20:00:00,0,0.0,0.0,0.0,0,0.0,0.0,0.0,0.0
2026-05-18 21:00:00,0,0.0,0.0,0.0,0,0.0,0.0,0.0,0.0
2026-05-18 22:00:00,0,0.0,0.0,0.0,0,0.0,0.0,0.0,0.0
2026-05-18 23:00:00,0,0.0,0.0,0.0,0,0.0,0.0,0.0,0.0
2026-05-19 00:00:00,0,0.0,0.0,20.0,1,0.0,0.0,0.0,0.0
2026-05-19 01:00:00,0,0.0,0.0,20.0,1,0.0,0.0,0.0,0.0
2026-05-19 02:00:00,0,0.0,0.0,20.0,1,0.0,0.0,0.0,0.0
2026-05-19 03:00:00,0,0.0,0.0,20.0,1,0.0,0.0,0.0,0.0
2026-05-19 04:00:00,0,0.0,0.0,20.0,1,0.0,0.0,0.0,0.0
2026-05-19 05:00:00,0,0.0,0.0,20.0,1,0.0,0.0,0.0,0.0
2026-05-19 06:00:00,0,0.0,0.0,20.0,1,0.0,0.0,0.0,0.0
2026-05-19 07:00:00,0,0.0,0.0,20.0,1,0.0,0.0,0.0,0.0
2026-05-19 08:00:00,0,0.0,0.0,20.0,1,0.0,0.0,0.0,0.0
2026-05-19 09:00:00,0,0.0,0.0,20.0,1,0.0,0.0,0.0,0.0
2026-05-19 10:00:00,0,0.0,0.0,20.0,1,0.0,0.0,0.0,0.0
2026-05-19 11:00:00,0,0.0,0.0,20.0,1,0.0,0.0,0.0,0.0
2026-05-19 12:00:00,0,0.0,0.0,20.0,1,0.0,0.0,0.0,0.0
2026-05-19 13:00:00,0,0.0,0.0,20.0,1,0.0,0.0,0.0,0.0
2026-05-19 14:00:00,0,0.0,0.0,20.0,1,0.0,0.0,0.0,0.0
2026-05-19 15:00:00,0,0.0,0.0,20.0,1,0.0,0.0,0.0,0.0
2026-05-19 16:00:00,0,0.0,0.0,20.0,1,0.0,0.0,0.0,0.0
2026-05-19 17:00:00,0,0.0,0.0,20.0,1,0.0,0.0,0.0,0.0
2026-05-19 18:00:00,0,0.0,0.0,20.0,1,0.0,0.0,0.0,0.0
2026-05-19 19:00:00,0,0.0,0.0,20.0,1,0.0,0.0,0.0,0.0
2026-05-19 20:00:00,0,0.0,0.0,20.0,1,0.0,0.0,0.0,0.0
2026-05-19 21:00:00,0,0.0,0.0,20.0,1,0.0,0.0,0.0,0.0
2026-05-19 22:00:00,0,0.0,0.0,20.0,1,0.0,0.0,0.0,0.0
2026-05-19 23:00:00,0,0.0,0.0,20.0,1,0.0,0.0,0.0,0.0
2026-05-20 00:00:00,231,20.0,5.714285714285714,20.0,1,231.0,231.0,20.0,0.4761904761904762
2026-05-20 01:00:00,216,20.0,5.444444444444445,20.0,1,447.0,447.0,20.0,0.9298941798941799
2026-05-20 02:00:00,219,20.0,5.598173515981735,20.0,1,666.0,666.0,20.0,1.3964086395593245
2026-05-20 03:00:00,216,20.0,5.5,20.0,1,882.0,882.0,20.0,1.8547419728926577
2026-05-20 04:00:00,164,20.0,5.347560975609756,20.0,1,1046.0,1046.0,20.0,2.300372054193471
2026-05-20 05:00:00,139,20.0,4.877697841726619,20.0,1,1185.0,1185.0,20.0,2.7068468743373555
2026-05-20 06:00:00,113,20.0,5.168141592920354,20.0,1,1067.0,1298.0,20.0,3.137525340414052
2026-05-20 07:00:00,141,20.0,4.900709219858156,20.0,1,992.0,1439.0,20.0,3.545917775402232
2026-05-20 08:00:00,108,20.0,5.342592592592593,20.0,1,881.0,1547.0,20.0,3.9911338247849475
2026-05-20 09:00:00,123,20.0,4.780487804878049,20.0,1,788.0,1670.0,20.0,4.389507808524785
2026-05-20 10:00:00,194,20.0,5.293814432989691,20.0,1,818.0,1864.0,20.0,4.830659011273926
2026-05-20 11:00:00,187,20.0,5.358288770053476,20.0,1,866.0,2051.0,20.0,5.277183075445049
2026-05-20 12:00:00,216,20.0,5.361111111111111,20.0,1,969.0,2267.0,20.0,5.247751858513832
2026-05-20 13:00:00,215,20.0,5.167441860465116,20.0,1,1043.0,2482.0,20.0,5.224668309848888
2026-05-20 14:00:00,168,20.0,5.119047619047619,20.0,1,1103.0,2650.0,20.0,5.184741151771045
2026-05-20 15:00:00,187,20.0,5.101604278074866,20.0,1,1167.0,2837.0,20.0,5.151541508277284
2026-05-20 16:00:00,160,20.0,5.15625,20.0,1,1133.0,2997.0,20.0,5.135598926976471
2026-05-20 17:00:00,144,20.0,5.027777777777778,20.0,1,1090.0,3141.0,20.0,5.148105588314068
2026-05-20 18:00:00,127,20.0,5.015748031496063,20.0,1,1001.0,3268.0,20.0,5.135406124862043
2026-05-20 19:00:00,141,20.0,4.957446808510638,20.0,1,927.0,3409.0,20.0,5.140134257249749
2026-05-20 20:00:00,129,20.0,4.8604651162790695,20.0,1,888.0,3538.0,20.0,5.099956967556956
2026-05-20 21:00:00,146,19.0,4.938356164383562,20.0,1,847.0,3684.0,20.0,5.113112664182416
2026-05-20 22:00:00,137,19.0,5.226277372262774,20.0,1,824.0,3821.0,20.0,5.107484575788506
2026-05-20 23:00:00,161,19.0,5.15527950310559,20.0,1,841.0,3982.0,20.0,5.0905671368761825
2026-05-21 00:00:00,186,20.0,5.327956989247312,20.0,1,900.0,3937.0,20.0,5.087804293387532
2026-05-21 01:00:00,195,19.0,5.317948717948718,20.0,1,954.0,3916.0,20.0,5.100346531511166
2026-05-21 02:00:00,177,19.0,5.288135593220339,20.0,1,1002.0,3874.0,20.0,5.114437196025559
2026-05-21 03:00:00,163,20.0,5.619631901840491,19.0,1,1019.0,3821.0,20.0,5.1576061646726945
2026-05-21 04:00:00,147,19.0,5.891156462585034,19.0,1,1029.0,3804.0,20.0,5.218848369888113
2026-05-21 05:00:00,123,19.0,5.016260162601626,19.0,1,991.0,3788.0,20.0,5.217888568623434
2026-05-21 06:00:00,112,19.0,5.214285714285714,19.0,1,917.0,3787.0,20.0,5.234433375522572
2026-05-21 07:00:00,113,19.0,5.185840707964601,19.0,1,835.0,3759.0,20.0,5.253466200477069
2026-05-21 08:00:00,121,19.0,5.31404958677686,19.0,1,779.0,3772.0,20.0,5.291264906351885
2026-05-21 09:00:00,147,19.0,4.816326530612245,19.0,1,763.0,3796.0,20.0,5.281095770204275
2026-05-21 10:00:00,149,18.0,5.040268456375839,19.0,1,765.0,3751.0,20.0,5.265595027213697
2026-05-21 11:00:00,170,19.0,4.982352941176471,19.0,1,812.0,3734.0,20.0,5.251184480386271
2026-05-21 12:00:00,183,18.0,5.103825136612022,19.0,1,883.0,3701.0,20.0,5.232506825999996
2026-05-21 13:00:00,170,18.0,4.947058823529412,19.0,1,940.0,3656.0,20.0,5.201599334798388
2026-05-21 14:00:00,164,19.0,5.0,19.0,1,983.0,3652.0,20.0,5.177588035363359
2026-05-21 15:00:00,197,18.0,5.279187817258883,19.0,1,1033.0,3662.0,19.0,5.149217694981559
2026-05-21 16:00:00,196,18.0,5.081632653061225,19.0,1,1080.0,3698.0,19.0,5.0817573775212415
2026-05-21 17:00:00,183,18.0,5.032786885245901,19.0,1,1093.0,3737.0,19.0,5.083134604408264
2026-05-21 18:00:00,152,18.0,5.0131578947368425,19.0,1,1062.0,3762.0,19.0,5.066373952779192
2026-05-21 19:00:00,142,19.0,5.049295774647887,19.0,1,1034.0,3763.0,19.0,5.054995208336132
2026-05-21 20:00:00,132,18.0,4.825757575757576,19.0,1,1002.0,3766.0,19.0,5.014304207417859
2026-05-21 21:00:00,133,18.0,4.962406015037594,19.0,1,938.0,3753.0,19.0,5.0264774977866375
2026-05-21 22:00:00,98,18.0,5.142857142857143,19.0,1,840.0,3714.0,19.0,5.035026554993412
2026-05-21 23:00:00,144,19.0,4.993055555555555,19.0,1,801.0,3697.0,19.0,5.035918439525003
2026-05-22 00:00:00,175,18.0,5.142857142857143,19.0,1,824.0,3686.0,19.0,5.0391711067120974
2026-05-22 01:00:00,169,18.0,5.3609467455621305,19.0,1,851.0,3660.0,19.0,5.07366176688149
2026-05-22 02:00:00,171,18.0,5.286549707602339,19.0,1,890.0,3654.0,19.0,5.097540909181685
2026-05-22 03:00:00,153,18.0,5.261437908496732,19.0,1,910.0,3644.0,19.0,5.096061750118173
2026-05-22 04:00:00,148,19.0,5.216216216216216,19.0,1,960.0,3645.0,19.0,5.107277047047755
2026-05-22 05:00:00,109,18.0,5.220183486238532,19.0,1,925.0,3631.0,19.0,5.122893430463807
2026-05-22 06:00:00,73,18.0,5.013698630136986,19.0,1,823.0,3592.0,19.0,5.122938491747153
2026-05-22 07:00:00,75,18.0,5.16,19.0,1,729.0,3554.0,19.0,5.132163843859829
2026-05-22 08:00:00,77,18.0,5.402597402597403,19.0,1,635.0,3510.0,19.0,5.180233829429814
2026-05-22 09:00:00,97,18.0,4.958762886597938,19.0,1,579.0,3460.0,19.0,5.179930235393177
2026-05-22 10:00:00,143,18.0,4.86013986013986,19.0,1,574.0,3454.0,19.0,5.1563704618334025
2026-05-22 11:00:00,124,18.0,5.532258064516129,19.0,1,589.0,3408.0,19.0,5.201304004246784
2026-05-22 12:00:00,162,18.0,5.1419753086419755,19.0,1,678.0,3387.0,19.0,5.201230518062187
2026-05-22 13:00:00,189,19.0,5.1005291005291005,19.0,1,792.0,3406.0,19.0,5.179529047642768
2026-05-22 14:00:00,193,18.0,5.124352331606218,19.0,1,908.0,3435.0,19.0,5.16601259964309
2026-05-22 15:00:00,189,18.0,5.1798941798941796,19.0,1,1000.0,3427.0,19.0,5.159217288926212
2026-05-22 16:00:00,197,18.0,5.258883248730965,19.0,1,1054.0,3428.0,19.0,5.162772874969106
2026-05-22 17:00:00,186,19.0,5.086021505376344,19.0,1,1116.0,3431.0,19.0,5.151592709897258
2026-05-22 18:00:00,140,18.0,4.9714285714285715,19.0,1,1094.0,3419.0,19.0,5.148070205004891
2026-05-22 19:00:00,119,18.0,4.899159663865547,19.0,1,1024.0,3396.0,19.0,5.12633351032702
2026-05-22 20:00:00,91,18.0,5.043956043956044,19.0,1,922.0,3355.0,19.0,5.096446730440239
2026-05-22 21:00:00,94,19.0,5.085106382978723,19.0,1,827.0,3316.0,19.0,5.106975355138638
2026-05-22 22:00:00,60,19.0,5.233333333333333,19.0,1,690.0,3278.0,19.0,5.138074811238094
2026-05-22 23:00:00,59,18.0,5.423728813559322,19.0,1,563.0,3193.0,19.0,5.129030706991694
2026-05-23 00:00:00,82,19.0,5.524390243902439,19.0,1,505.0,3100.0,19.0,5.160898618263399
2026-05-23 01:00:00,121,18.0,5.181818181818182,19.0,1,507.0,3052.0,19.0,5.167672708370822
2026-05-23 02:00:00,145,18.0,5.048275862068966,19.0,1,561.0,3026.0,19.0,5.161333002576051
2026-05-23 03:00:00,154,18.0,5.058441558441558,19.0,1,621.0,3027.0,19.0,5.1512119507883325
2026-05-23 04:00:00,133,18.0,5.135338345864661,19.0,1,694.0,3012.0,19.0,5.140916542216141
2026-05-23 05:00:00,124,19.0,4.991935483870968,19.0,1,759.0,3027.0,19.0,5.133076040424027
2026-05-23 06:00:00,83,18.0,4.963855421686747,19.0,1,760.0,3037.0,19.0,5.132444944612208
2026-05-23 07:00:00,93,19.0,5.010752688172043,19.0,1,732.0,3055.0,19.0,5.141744363304415
2026-05-23 08:00:00,118,18.0,5.0423728813559325,19.0,1,705.0,3096.0,19.0,5.141612433087739
2026-05-23 09:00:00,162,18.0,5.104938271604938,19.0,1,713.0,3161.0,19.0,5.143265090473258
2026-05-23 10:00:00,190,18.0,5.4526315789473685,19.0,1,770.0,3208.0,19.0,5.161539944274427
2026-05-23 11:00:00,232,18.0,5.4094827586206895,19.0,1,878.0,3316.0,19.0,5.160352773029541
2026-05-23 12:00:00,219,18.0,5.264840182648402,19.0,1,1014.0,3373.0,19.0,5.138723601258371
2026-05-23 13:00:00,223,18.0,5.511210762331839,19.0,1,1144.0,3407.0,19.0,5.166172982967843
2026-05-23 14:00:00,219,18.0,5.337899543378995,19.0,1,1245.0,3433.0,19.0,5.190308289743679
2026-05-23 15:00:00,252,18.0,5.615079365079365,19.0,1,1335.0,3496.0,19.0,5.236694773630162
2026-05-23 16:00:00,251,18.0,5.581673306772909,19.0,1,1396.0,3550.0,19.0,5.27388935370585
2026-05-23 17:00:00,190,18.0,5.252631578947368,19.0,1,1354.0,3554.0,19.0,5.2956140282955495
2026-05-23 18:00:00,116,18.0,4.818965517241379,19.0,1,1251.0,3530.0,19.0,5.2835398695917695
2026-05-23 19:00:00,79,18.0,5.189873417721519,19.0,1,1107.0,3490.0,18.0,5.298466597054225
2026-05-23 20:00:00,89,18.0,4.910112359550562,19.0,1,977.0,3488.0,18.0,5.287444886903778
2026-05-23 21:00:00,99,19.0,5.282828282828283,19.0,1,824.0,3493.0,19.0,5.302269054505723
2026-05-23 22:00:00,83,19.0,5.036144578313253,19.0,1,656.0,3516.0,19.0,5.26756180445288
2026-05-23 23:00:00,81,18.0,4.864197530864198,19.0,1,547.0,3538.0,19.0,5.222121368806506
2026-05-24 00:00:00,147,19.0,5.190476190476191,19.0,1,578.0,3603.0,19.0,5.215924369458822
2026-05-24 01:00:00,184,18.0,5.331521739130435,19.0,1,683.0,3666.0,19.0,5.200950284192038
2026-05-24 02:00:00,182,18.0,5.252747252747253,19.0,1,776.0,3703.0,19.0,5.193854259972726
2026-05-24 03:00:00,191,18.0,5.172774869109948,19.0,1,868.0,3740.0,19.0,5.156995551975275
2026-05-24 04:00:00,172,18.0,5.290697674418604,19.0,1,957.0,3779.0,19.0,5.132747582612416
2026-05-24 05:00:00,137,18.0,4.883211678832117,19.0,1,1013.0,3792.0,19.0,5.101962590936146
2026-05-24 06:00:00,124,18.0,4.846774193548387,19.0,1,990.0,3833.0,19.0,5.104279980628395
2026-05-24 07:00:00,125,18.0,5.016,19.0,1,931.0,3865.0,19.0,5.089790529151602
2026-05-24 08:00:00,155,19.0,5.129032258064516,19.0,1,904.0,3902.0,19.0,5.108033854027766
2026-05-24 09:00:00,208,18.0,5.3173076923076925,19.0,1,921.0,3948.0,19.0,5.110907138151049
2026-05-24 10:00:00,249,18.0,5.670682730923695,20.0,1,998.0,4007.0,19.0,5.163785317535253
2026-05-24 11:00:00,233,19.0,5.437768240343348,20.0,1,1094.0,4008.0,19.0,5.2115828766585155
2026-05-24 12:00:00,230,18.0,5.6173913043478265,20.0,1,1200.0,4019.0,19.0,5.247159136147818
2026-05-24 13:00:00,214,18.0,5.359813084112149,20.0,1,1289.0,4010.0,19.0,5.249516748229628
2026-05-24 14:00:00,241,18.0,5.439834024896266,20.0,1,1375.0,4032.0,19.0,5.2651073125753785
2026-05-24 15:00:00,256,18.0,5.8046875,20.0,1,1423.0,4036.0,19.0,5.317766698482884
2026-05-24 16:00:00,258,18.0,5.875968992248062,20.0,1,1432.0,4043.0,19.0,5.366539308302005
2026-05-24 17:00:00,238,18.0,5.4789915966386555,20.0,1,1437.0,4091.0,19.0,5.416187634785884
2026-05-24 18:00:00,155,18.0,5.090322580645161,20.0,1,1362.0,4130.0,19.0,5.436483333710615
2026-05-24 19:00:00,94,18.0,4.882978723404255,20.0,1,1242.0,4145.0,19.0,5.425398227327636
2026-05-24 20:00:00,100,18.0,5.03,20.0,1,1101.0,4156.0,19.0,5.417145539155592
2026-05-24 21:00:00,102,18.0,5.303921568627451,20.0,1,947.0,4159.0,19.0,5.416030028848906
2026-05-24 22:00:00,186,18.0,5.446236559139785,20.0,1,875.0,4262.0,19.0,5.397326181200246
2026-05-24 23:00:00,203,18.0,5.334975369458128,20.0,1,840.0,4384.0,18.0,5.388760108626478
2026-05-25 00:00:00,200,19.0,5.38,20.0,1,885.0,4437.0,19.0,5.368977499930826
2026-05-25 01:00:00,216,18.0,5.578703703703703,20.0,1,1007.0,4469.0,19.0,5.38721838489679
2026-05-25 02:00:00,224,19.0,5.428571428571429,20.0,1,1131.0,4511.0,19.0,5.386279835203052
2026-05-25 03:00:00,192,18.0,5.182291666666667,20.0,1,1221.0,4512.0,19.0,5.334413515758608
2026-05-25 04:00:00,158,18.0,5.044303797468355,20.0,1,1193.0,4498.0,19.0,5.265108082860299
2026-05-25 05:00:00,101,19.0,5.118811881188119,20.0,1,1091.0,4462.0,19.0,5.235093106572754
2026-05-25 06:00:00,59,18.0,5.11864406779661,20.0,1,950.0,4397.0,19.0,5.237453230502042
2026-05-25 07:00:00,51,18.0,5.196078431372549,20.0,1,785.0,4323.0,19.0,5.263544872832733
2026-05-25 08:00:00,56,18.0,5.25,20.0,1,617.0,4224.0,19.0,5.281878206166066
2026-05-25 09:00:00,73,18.0,5.164383561643835,20.0,1,498.0,4089.0,19.0,5.270250038917432
2026-05-25 10:00:00,120,20.0,5.3,20.0,1,460.0,3960.0,20.0,5.2580636589891165
2026-05-25 11:00:00,174,19.0,5.166666666666667,20.0,1,533.0,3901.0,20.0,5.244037933756495
2026-05-25 12:00:00,171,19.0,5.2105263157894735,20.0,1,645.0,3842.0,20.0,5.229915126738951
2026-05-25 13:00:00,200,19.0,5.11,20.0,1,794.0,3828.0,20.0,5.190856484763642
2026-05-25 14:00:00,158,20.0,5.215189873417722,20.0,1,896.0,3745.0,20.0,5.173074688500833
2026-05-25 15:00:00,164,19.0,5.2682926829268295,20.0,1,987.0,3653.0,20.0,5.180241439855847
2026-05-25 16:00:00,156,19.0,5.0,20.0,1,1023.0,3551.0,20.0,5.1765494567334835
2026-05-25 17:00:00,144,19.0,5.284722222222222,20.0,1,993.0,3457.0,20.0,5.190375318486326
2026-05-25 18:00:00,141,20.0,5.26241134751773,20.0,1,963.0,3443.0,20.0,5.202355925129752
2026-05-25 19:00:00,128,19.0,5.1953125,20.0,1,891.0,3477.0,20.0,5.2022920975153735
2026-05-25 20:00:00,130,19.0,4.961538461538462,20.0,1,863.0,3507.0,20.0,5.178253635976912
2026-05-25 21:00:00,122,19.0,4.926229508196721,20.0,1,821.0,3527.0,20.0,5.158407464856319
2026-05-25 22:00:00,135,19.0,5.4222222222222225,20.0,1,800.0,3476.0,20.0,5.1685926500415045
2026-05-25 23:00:00,159,19.0,5.182389937106918,20.0,1,815.0,3432.0,20.0,5.169902922578191
2026-05-26 00:00:00,186,19.0,5.290322580645161,20.0,1,860.0,3418.0,20.0,5.176552611316166
2026-05-26 01:00:00,174,19.0,5.189655172413793,20.0,1,906.0,3376.0,20.0,5.183190542350649
2026-05-26 02:00:00,186,19.0,5.204301075268817,20.0,1,962.0,3338.0,20.0,5.1822831425049065
2026-05-26 03:00:00,181,19.0,5.43646408839779,20.0,1,1021.0,3327.0,20.0,5.196297426294153
2026-05-26 04:00:00,175,20.0,5.405714285714286,20.0,1,1061.0,3344.0,20.0,5.230106950103677
2026-05-26 05:00:00,120,19.0,5.108333333333333,20.0,1,1022.0,3363.0,20.0,5.2154078760296025
2026-05-26 06:00:00,70,19.0,5.114285714285714,20.0,1,906.0,3374.0,20.0,5.203064073260268
2026-05-26 07:00:00,76,19.0,5.0131578947368425,20.0,1,808.0,3399.0,20.0,5.187884522821672
2026-05-26 08:00:00,86,19.0,5.0,20.0,1,708.0,3429.0,20.0,5.1910896510268
2026-05-26 09:00:00,89,19.0,4.797752808988764,20.0,1,616.0,3445.0,20.0,5.1803832594261365
2026-05-26 10:00:00,138,19.0,5.1231884057971016,20.0,1,579.0,3463.0,20.0,5.155463774724043
2026-05-26 11:00:00,207,19.0,5.231884057971015,20.0,1,666.0,3496.0,20.0,5.159588284796052
2026-05-26 12:00:00,187,19.0,5.304812834224599,20.0,1,783.0,3512.0,20.0,5.1607958059276715
2026-05-26 13:00:00,194,20.0,5.304123711340206,20.0,1,901.0,3506.0,20.0,5.170334850838206
2026-05-26 14:00:00,175,19.0,5.062857142857143,20.0,1,990.0,3523.0,20.0,5.158547856470567
2026-05-26 15:00:00,165,19.0,5.090909090909091,20.0,1,1066.0,3524.0,20.0,5.129751606679841
2026-05-26 16:00:00,147,19.0,4.993197278911564,20.0,1,1075.0,3515.0,20.0,5.095375189446281
2026-05-26 17:00:00,125,19.0,5.056,20.0,1,993.0,3496.0,20.0,5.09101407833517
2026-05-26 18:00:00,161,20.0,5.111801242236025,20.0,1,967.0,3516.0,20.0,5.090807038997696
2026-05-26 19:00:00,159,19.0,5.213836477987422,20.0,1,932.0,3547.0,20.0,5.107530254268577
2026-05-26 20:00:00,148,19.0,5.033783783783784,20.0,1,905.0,3565.0,20.0,5.110345569583893
2026-05-26 21:00:00,147,20.0,5.034013605442177,20.0,1,887.0,3590.0,20.0,5.130033969288344
2026-05-26 22:00:00,159,19.0,4.968553459119497,20.0,1,899.0,3614.0,20.0,5.117147723731876
2026-05-26 23:00:00,165,19.0,5.1454545454545455,20.0,1,939.0,3620.0,20.0,5.109945264355504
2026-05-27 00:00:00,189,20.0,5.37037037037037,20.0,1,967.0,3623.0,20.0,5.1154083923676525
2026-05-27 01:00:00,198,19.0,5.671717171717172,20.0,1,1006.0,3647.0,20.0,5.146041180732399
2026-05-27 02:00:00,243,19.0,5.728395061728395,20.0,1,1101.0,3704.0,20.0,5.20150267397167
2026-05-27 03:00:00,227,19.0,5.563876651982379,20.0,1,1181.0,3750.0,20.0,5.240916637394444
2026-05-27 04:00:00,228,19.0,5.37719298245614,20.0,1,1250.0,3803.0,20.0,5.272916279356492
2026-05-27 05:00:00,139,20.0,5.179856115107913,20.0,1,1224.0,3822.0,20.0,5.283237622282152
2026-05-27 06:00:00,135,19.0,5.037037037037037,20.0,1,1170.0,3887.0,20.0,5.277007271848903
2026-05-27 07:00:00,148,19.0,5.04054054054054,20.0,1,1120.0,3959.0,20.0,5.26256594372833
2026-05-27 08:00:00,164,20.0,5.060975609756097,20.0,1,1041.0,4037.0,20.0,5.2648319292260215
2026-05-27 09:00:00,175,19.0,5.457142857142857,20.0,1,989.0,4123.0,20.0,5.300092700201079
2026-05-27 10:00:00,196,19.0,5.321428571428571,20.0,1,957.0,4181.0,20.0,5.329498959560168
2026-05-27 11:00:00,173,19.0,5.144508670520231,20.0,1,991.0,4147.0,20.0,5.3294201366489755
2026-05-27 12:00:00,149,19.0,4.798657718120805,20.0,1,1005.0,4109.0,20.0,5.281777415628178
2026-05-27 13:00:00,170,19.0,5.023529411764706,20.0,1,1027.0,4085.0,20.0,5.227761768965473
2026-05-27 14:00:00,182,19.0,4.967032967032967,20.0,1,1045.0,4092.0,20.0,5.164314927740854
2026-05-27 15:00:00,150,19.0,5.08,20.0,1,1020.0,4077.0,20.0,5.123991873408989
2026-05-27 16:00:00,136,19.0,4.882352941176471,20.0,1,960.0,4066.0,20.0,5.08275520330235
2026-05-27 17:00:00,162,19.0,5.12962962962963,20.0,1,949.0,4103.0,20.0,5.078569662845826
2026-05-27 18:00:00,138,19.0,5.101449275362318,20.0,1,938.0,4080.0,20.0,5.083937349372932
2026-05-27 19:00:00,112,19.0,4.964285714285714,20.0,1,880.0,4033.0,20.0,5.077582780518363
2026-05-27 20:00:00,105,19.0,4.914285714285715,20.0,1,803.0,3990.0,19.0,5.065358622562499
2026-05-27 21:00:00,77,20.0,5.415584415584416,20.0,1,730.0,3920.0,20.0,5.061895419099295
2026-05-27 22:00:00,92,19.0,5.108695652173913,20.0,1,686.0,3853.0,20.0,5.044167675828073
2026-05-27 23:00:00,118,20.0,5.177966101694915,20.0,1,642.0,3806.0,20.0,5.046955795092631
2026-05-28 00:00:00,207,19.0,5.497584541062802,20.0,1,711.0,3824.0,20.0,5.105199697004464
2026-05-28 01:00:00,255,19.0,5.709803921568628,20.0,1,854.0,3881.0,20.0,5.162389239488124
2026-05-28 02:00:00,225,19.0,5.5777777777777775,20.0,1,974.0,3863.0,20.0,5.213284640383525
2026-05-28 03:00:00,210,19.0,5.3428571428571425,20.0,1,1107.0,3846.0,20.0,5.235189402288287
2026-05-28 04:00:00,184,19.0,5.255434782608695,20.0,1,1199.0,3802.0,20.0,5.266279555740972
2026-05-28 05:00:00,118,19.0,4.8474576271186445,20.0,1,1199.0,3781.0,20.0,5.24276522219839
2026-05-28 06:00:00,86,19.0,5.116279069767442,20.0,1,1078.0,3732.0,20.0,5.244001038398817
2026-05-28 07:00:00,76,20.0,5.105263157894737,20.0,1,899.0,3660.0,20.0,5.25574915869957
2026-05-28 08:00:00,85,19.0,5.0588235294117645,20.0,1,759.0,3581.0,20.0,5.26779397662674
2026-05-28 09:00:00,127,19.0,5.0236220472440944,20.0,1,676.0,3533.0,20.0,5.235130445931714
2026-05-28 10:00:00,191,19.0,5.099476439790576,20.0,1,683.0,3528.0,20.0,5.234362178233102
2026-05-28 11:00:00,157,20.0,5.076433121019108,20.0,1,722.0,3512.0,20.0,5.225901096510118
2026-05-28 12:00:00,199,19.0,5.251256281407035,20.0,1,835.0,3562.0,20.0,5.2053737415388035
2026-05-28 13:00:00,187,19.0,5.133689839572193,20.0,1,946.0,3579.0,20.0,5.157364234705767
2026-05-28 14:00:00,176,19.0,5.017045454545454,20.0,1,1037.0,3573.0,20.0,5.110636541103074
2026-05-28 15:00:00,145,19.0,4.910344827586207,20.0,1,1055.0,3568.0,20.0,5.074593848163829
2026-05-28 16:00:00,131,19.0,4.984732824427481,20.0,1,995.0,3563.0,20.0,5.052035351648728
2026-05-28 17:00:00,102,19.0,5.098039215686274,20.0,1,940.0,3503.0,20.0,5.072917150696031
2026-05-28 18:00:00,96,18.0,5.020833333333333,20.0,1,837.0,3461.0,20.0,5.064963339326521
2026-05-28 19:00:00,91,19.0,5.164835164835165,20.0,1,741.0,3440.0,20.0,5.069927673238223
